***************************************************************
Quartus is a registered trademark of Intel Corporation in the
US and other countries.  Portions of the Quartus Prime software
code, and other portions of the code included in this download
or on this DVD, are licensed to Intel Corporation and are the
copyrighted property of third parties. For license details,
refer to the End User License Agreement at
http://fpgasoftware.intel.com/eula.
***************************************************************

2024.08.28.01:45:36 Info: Doing: ip-make-ipx --source-directory=/home/jcheung2/ofs24/ofs-agx7-pcie-attach/ofs-common/src/common/lib/axi4lite/ --output=ip.ipx
2024.08.28.01:45:36 Info: Using factories: JarFactory, TclModuleFactory, BeanElementFactory, PresetFactory, QsysFactory, IPXactBlackBoxFactory, BoardFactory, EmbeddedSwTclDriverFactory
2024.08.28.01:45:36 Info: (0) searching /home/jcheung2/ofs24/ofs-agx7-pcie-attach/ofs-common/src/common/lib/axi4lite/**/* (command line switch)
2024.08.28.01:45:36 Info: Loading axi4lite/axi4lite_rsp_hw.tcl
2024.08.28.01:45:36 Info: Loading axi4lite/axi4lite_shim_hw.tcl
2024.08.28.01:45:36 Info: /home/jcheung2/ofs24/ofs-agx7-pcie-attach/ofs-common/src/common/lib/axi4lite/**/* matched 8 files in 0.07 seconds
2024.08.28.01:45:36 Info: Found 2 components
2024.08.28.01:45:36 Info: Using factories: SoftwareElementFactory
2024.08.28.01:45:36 Info: (0) searching /home/jcheung2/ofs24/ofs-agx7-pcie-attach/ofs-common/src/common/lib/axi4lite/**/* (command line switch)
2024.08.28.01:45:36 Info: /home/jcheung2/ofs24/ofs-agx7-pcie-attach/ofs-common/src/common/lib/axi4lite/**/* matched 17 files in 0.00 seconds
2024.08.28.01:45:36 Info: Found 0 components
2024.08.28.01:45:36 Info: Using factories: CapabilityPackageFactory
2024.08.28.01:45:36 Info: (0) searching /home/jcheung2/ofs24/ofs-agx7-pcie-attach/ofs-common/src/common/lib/axi4lite/**/* (command line switch)
2024.08.28.01:45:36 Info: /home/jcheung2/ofs24/ofs-agx7-pcie-attach/ofs-common/src/common/lib/axi4lite/**/* matched 17 files in 0.00 seconds
2024.08.28.01:45:36 Info: Found 0 components
2024.08.28.01:45:37 Info: Doing: <b>sw-ip-make-ipx --output=/home/jcheung2/ofs24/ofs-agx7-pcie-attach/src/pd_qsys/fabric/sw_ip.iipx --source-directory=/home/jcheung2/ofs24/ofs-agx7-pcie-attach/ofs-common/src/common/lib/axi4lite/ --thorough-descent=false --relative-vars=QUARTUS_ROOTDIR,IP_ROOTDIR</b>
2024.08.28.01:45:38 Info: Using factories: JarFactory, EmbeddedSwTclDriverFactory
2024.08.28.01:45:38 Info: (0) searching <b>/home/jcheung2/ofs24/ofs-agx7-pcie-attach/ofs-common/src/common/lib/axi4lite/**/*</b> (command line switch)
2024.08.28.01:45:38 Info: <b>/home/jcheung2/ofs24/ofs-agx7-pcie-attach/ofs-common/src/common/lib/axi4lite/**/*</b> matched 17 files in 0.00 seconds
2024.08.28.01:45:38 Info: Found 0 components
PASS: STAGE ip.ipx generation
Reading apf.txt for Fabric apf configuration
Processing bpf mst
bpf has the following slaves:
st2mm
Processing st2mm mst
st2mm has the following slaves:
achk
bpf
pr
pr_2
st2mm
uart
Processing mctp mst
mctp has the following slaves:
achk
bpf
pr
pr_2
st2mm
uart
Processing uart mst
uart has the following slaves:
achk
bpf
pr
pr_2
st2mm
uart
Processing bpf slv
Processing st2mm slv
Processing uart slv
Processing pr slv
Processing achk slv
Processing pr_2 slv
Reading bpf.txt for Fabric bpf configuration
Processing apf mst
apf has the following slaves:
fme
pcie
pmci
qsfp0
qsfp1
emif
hssi
Processing fme mst
fme has the following slaves:
apf
Processing pmci mst
pmci has the following slaves:
fme
pcie
pmci
qsfp0
qsfp1
pmci_lpbk
emif
hssi
Processing pmci_lpbk mst
pmci_lpbk has the following slaves:
apf
Processing fme slv
Processing apf slv
Processing pcie slv
Processing qsfp0 slv
Processing qsfp1 slv
Processing hssi slv
Processing emif slv
Processing pmci slv
Processing pmci_lpbk slv
PASS: STAGE tcl generation for fabrics
***************************************************************
Quartus is a registered trademark of Intel Corporation in the
US and other countries.  Portions of the Quartus Prime software
code, and other portions of the code included in this download
or on this DVD, are licensed to Intel Corporation and are the
copyrighted property of third parties. For license details,
refer to the End User License Agreement at
http://fpgasoftware.intel.com/eula.
***************************************************************

2024.08.28.01:45:38 Info: Doing: qsys-script --new-quartus-project=ofs_top --script=apf.tcl
2024.08.28.01:45:42 Info: create_system apf
2024.08.28.01:45:42 Info: set_project_property DEVICE AGFB014R24A2E2V
2024.08.28.01:45:42 Info: set_project_property DEVICE_FAMILY Agilex
2024.08.28.01:45:42 Info: set_project_property HIDE_FROM_IP_CATALOG false
2024.08.28.01:45:42 Info: set_use_testbench_naming_pattern false 
2024.08.28.01:45:42 Info: add_component apf_clock_bridge ip/apf/apf_clock_bridge.ip altera_clock_bridge apf_clock_bridge
2024.08.28.01:45:42 Info: apf_clock_bridge: Generic Component instance footprint reloaded.
2024.08.28.01:45:42 Info: load_component apf_clock_bridge
2024.08.28.01:45:42 Info: set_component_parameter_value EXPLICIT_CLOCK_RATE 0.0
2024.08.28.01:45:42 Info: set_component_parameter_value NUM_CLOCK_OUTPUTS 1
2024.08.28.01:45:42 Info: set_component_project_property HIDE_FROM_IP_CATALOG false
2024.08.28.01:45:42 Info: save_component 
2024.08.28.01:45:42 Info: load_instantiation apf_clock_bridge
2024.08.28.01:45:42 Info: remove_instantiation_interfaces_and_ports 
2024.08.28.01:45:42 Info: add_instantiation_interface in_clk clock INPUT
2024.08.28.01:45:42 Info: set_instantiation_interface_parameter_value in_clk clockRate 0
2024.08.28.01:45:42 Info: set_instantiation_interface_parameter_value in_clk externallyDriven false
2024.08.28.01:45:42 Info: set_instantiation_interface_parameter_value in_clk ptfSchematicName 
2024.08.28.01:45:42 Info: add_instantiation_interface_port in_clk in_clk clk 1 standard logic Input
2024.08.28.01:45:42 Info: add_instantiation_interface out_clk clock OUTPUT
2024.08.28.01:45:42 Info: set_instantiation_interface_parameter_value out_clk associatedDirectClock in_clk
2024.08.28.01:45:42 Info: set_instantiation_interface_parameter_value out_clk clockRate 0
2024.08.28.01:45:42 Info: set_instantiation_interface_parameter_value out_clk clockRateKnown false
2024.08.28.01:45:42 Info: set_instantiation_interface_parameter_value out_clk externallyDriven false
2024.08.28.01:45:42 Info: set_instantiation_interface_parameter_value out_clk ptfSchematicName 
2024.08.28.01:45:42 Info: set_instantiation_interface_sysinfo_parameter_value out_clk CLOCK_RATE 0
2024.08.28.01:45:42 Info: add_instantiation_interface_port out_clk out_clk clk 1 standard logic Output
2024.08.28.01:45:42 Info: save_instantiation 
2024.08.28.01:45:42 Info: add_component apf_reset_bridge ip/apf/apf_reset_bridge.ip altera_reset_bridge apf_reset_bridge
2024.08.28.01:45:43 Info: apf_reset_bridge: Generic Component instance footprint reloaded.
2024.08.28.01:45:43 Info: load_component apf_reset_bridge
2024.08.28.01:45:43 Info: set_component_parameter_value ACTIVE_LOW_RESET 1
2024.08.28.01:45:43 Info: set_component_parameter_value NUM_RESET_OUTPUTS 1
2024.08.28.01:45:43 Info: set_component_parameter_value SYNCHRONOUS_EDGES deassert
2024.08.28.01:45:43 Info: set_component_parameter_value SYNC_RESET 0
2024.08.28.01:45:43 Info: set_component_parameter_value USE_RESET_REQUEST 0
2024.08.28.01:45:43 Info: set_component_project_property HIDE_FROM_IP_CATALOG false
2024.08.28.01:45:43 Info: save_component 
2024.08.28.01:45:43 Info: load_instantiation apf_reset_bridge
2024.08.28.01:45:43 Info: remove_instantiation_interfaces_and_ports 
2024.08.28.01:45:43 Info: add_instantiation_interface clk clock INPUT
2024.08.28.01:45:43 Info: set_instantiation_interface_parameter_value clk clockRate 0
2024.08.28.01:45:43 Info: set_instantiation_interface_parameter_value clk externallyDriven false
2024.08.28.01:45:43 Info: set_instantiation_interface_parameter_value clk ptfSchematicName 
2024.08.28.01:45:43 Info: add_instantiation_interface_port clk clk clk 1 standard logic Input
2024.08.28.01:45:43 Info: add_instantiation_interface in_reset reset INPUT
2024.08.28.01:45:43 Info: set_instantiation_interface_parameter_value in_reset associatedClock clk
2024.08.28.01:45:43 Info: set_instantiation_interface_parameter_value in_reset synchronousEdges DEASSERT
2024.08.28.01:45:43 Info: add_instantiation_interface_port in_reset in_reset_n reset_n 1 standard logic Input
2024.08.28.01:45:43 Info: add_instantiation_interface out_reset reset OUTPUT
2024.08.28.01:45:43 Info: set_instantiation_interface_parameter_value out_reset associatedClock clk
2024.08.28.01:45:43 Info: set_instantiation_interface_parameter_value out_reset associatedDirectReset in_reset
2024.08.28.01:45:43 Info: set_instantiation_interface_parameter_value out_reset associatedResetSinks in_reset
2024.08.28.01:45:43 Info: set_instantiation_interface_parameter_value out_reset synchronousEdges DEASSERT
2024.08.28.01:45:43 Info: add_instantiation_interface_port out_reset out_reset_n reset_n 1 standard logic Output
2024.08.28.01:45:43 Info: save_instantiation 
2024.08.28.01:45:43 Info: add_connection apf_clock_bridge.out_clk/apf_reset_bridge.clk
2024.08.28.01:45:43 Info: set_connection_parameter_value apf_clock_bridge.out_clk/apf_reset_bridge.clk clockDomainSysInfo -1
2024.08.28.01:45:43 Info: set_connection_parameter_value apf_clock_bridge.out_clk/apf_reset_bridge.clk clockRateSysInfo 
2024.08.28.01:45:43 Info: set_connection_parameter_value apf_clock_bridge.out_clk/apf_reset_bridge.clk clockResetSysInfo 
2024.08.28.01:45:43 Info: set_connection_parameter_value apf_clock_bridge.out_clk/apf_reset_bridge.clk resetDomainSysInfo -1
2024.08.28.01:45:43 Info: set_interface_property clk EXPORT_OF apf_clock_bridge.in_clk
2024.08.28.01:45:43 Info: set_interface_property rst_n EXPORT_OF apf_reset_bridge.in_reset
2024.08.28.01:45:43 Info: add_component apf_default_slv ip/apf/apf_default_slv.ip axi4lite_rsp apf_default_slv 1.0
2024.08.28.01:45:43 Info: apf_default_slv: Generic Component instance footprint reloaded.
2024.08.28.01:45:43 Info: load_component apf_default_slv
2024.08.28.01:45:43 Info: set_component_parameter_value AW 6
2024.08.28.01:45:43 Info: set_component_parameter_value DW 64
2024.08.28.01:45:43 Info: set_component_parameter_value RSP_STATUS 0
2024.08.28.01:45:43 Info: set_component_parameter_value RSP_VALUE 0x0000000000000000
2024.08.28.01:45:43 Info: set_component_project_property HIDE_FROM_IP_CATALOG false
2024.08.28.01:45:43 Info: save_component 
2024.08.28.01:45:43 Info: load_instantiation apf_default_slv
2024.08.28.01:45:43 Info: remove_instantiation_interfaces_and_ports 
2024.08.28.01:45:43 Info: add_instantiation_interface clock clock INPUT
2024.08.28.01:45:43 Info: set_instantiation_interface_parameter_value clock clockRate 0
2024.08.28.01:45:43 Info: set_instantiation_interface_parameter_value clock externallyDriven false
2024.08.28.01:45:43 Info: set_instantiation_interface_parameter_value clock ptfSchematicName 
2024.08.28.01:45:43 Info: add_instantiation_interface_port clock clk clk 1 standard logic Input
2024.08.28.01:45:43 Info: add_instantiation_interface reset reset INPUT
2024.08.28.01:45:43 Info: set_instantiation_interface_parameter_value reset associatedClock clock
2024.08.28.01:45:43 Info: set_instantiation_interface_parameter_value reset synchronousEdges DEASSERT
2024.08.28.01:45:43 Info: add_instantiation_interface_port reset rst_n reset_n 1 standard logic Input
2024.08.28.01:45:43 Info: add_instantiation_interface altera_axi4lite_slave axi4lite INPUT
2024.08.28.01:45:43 Info: set_instantiation_interface_parameter_value altera_axi4lite_slave associatedClock clock
2024.08.28.01:45:43 Info: set_instantiation_interface_parameter_value altera_axi4lite_slave associatedReset reset
2024.08.28.01:45:43 Info: set_instantiation_interface_parameter_value altera_axi4lite_slave bridgesToMaster 
2024.08.28.01:45:43 Info: set_instantiation_interface_parameter_value altera_axi4lite_slave combinedAcceptanceCapability 1
2024.08.28.01:45:43 Info: set_instantiation_interface_parameter_value altera_axi4lite_slave maximumOutstandingReads 1
2024.08.28.01:45:43 Info: set_instantiation_interface_parameter_value altera_axi4lite_slave maximumOutstandingTransactions 1
2024.08.28.01:45:43 Info: set_instantiation_interface_parameter_value altera_axi4lite_slave maximumOutstandingWrites 1
2024.08.28.01:45:43 Info: set_instantiation_interface_parameter_value altera_axi4lite_slave readAcceptanceCapability 1
2024.08.28.01:45:43 Info: set_instantiation_interface_parameter_value altera_axi4lite_slave readDataReorderingDepth 1
2024.08.28.01:45:43 Info: set_instantiation_interface_parameter_value altera_axi4lite_slave trustzoneAware true
2024.08.28.01:45:43 Info: set_instantiation_interface_parameter_value altera_axi4lite_slave writeAcceptanceCapability 1
2024.08.28.01:45:43 Info: add_instantiation_interface_port altera_axi4lite_slave s_awaddr awaddr 6 standard logic vector Input
2024.08.28.01:45:43 Info: add_instantiation_interface_port altera_axi4lite_slave s_awprot awprot 3 standard logic vector Input
2024.08.28.01:45:43 Info: add_instantiation_interface_port altera_axi4lite_slave s_awvalid awvalid 1 standard logic Input
2024.08.28.01:45:43 Info: add_instantiation_interface_port altera_axi4lite_slave s_awready awready 1 standard logic Output
2024.08.28.01:45:43 Info: add_instantiation_interface_port altera_axi4lite_slave s_wdata wdata 64 standard logic vector Input
2024.08.28.01:45:43 Info: add_instantiation_interface_port altera_axi4lite_slave s_wstrb wstrb 8 standard logic vector Input
2024.08.28.01:45:43 Info: add_instantiation_interface_port altera_axi4lite_slave s_wvalid wvalid 1 standard logic Input
2024.08.28.01:45:43 Info: add_instantiation_interface_port altera_axi4lite_slave s_wready wready 1 standard logic Output
2024.08.28.01:45:43 Info: add_instantiation_interface_port altera_axi4lite_slave s_bresp bresp 2 standard logic vector Output
2024.08.28.01:45:43 Info: add_instantiation_interface_port altera_axi4lite_slave s_bvalid bvalid 1 standard logic Output
2024.08.28.01:45:43 Info: add_instantiation_interface_port altera_axi4lite_slave s_bready bready 1 standard logic Input
2024.08.28.01:45:43 Info: add_instantiation_interface_port altera_axi4lite_slave s_araddr araddr 6 standard logic vector Input
2024.08.28.01:45:43 Info: add_instantiation_interface_port altera_axi4lite_slave s_arprot arprot 3 standard logic vector Input
2024.08.28.01:45:43 Info: add_instantiation_interface_port altera_axi4lite_slave s_arvalid arvalid 1 standard logic Input
2024.08.28.01:45:43 Info: add_instantiation_interface_port altera_axi4lite_slave s_arready arready 1 standard logic Output
2024.08.28.01:45:43 Info: add_instantiation_interface_port altera_axi4lite_slave s_rdata rdata 64 standard logic vector Output
2024.08.28.01:45:43 Info: add_instantiation_interface_port altera_axi4lite_slave s_rresp rresp 2 standard logic vector Output
2024.08.28.01:45:43 Info: add_instantiation_interface_port altera_axi4lite_slave s_rvalid rvalid 1 standard logic Output
2024.08.28.01:45:43 Info: add_instantiation_interface_port altera_axi4lite_slave s_rready rready 1 standard logic Input
2024.08.28.01:45:43 Info: save_instantiation 
2024.08.28.01:45:43 Info: add_connection apf_clock_bridge.out_clk/apf_default_slv.clock
2024.08.28.01:45:43 Info: set_connection_parameter_value apf_clock_bridge.out_clk/apf_default_slv.clock clockDomainSysInfo -1
2024.08.28.01:45:43 Info: set_connection_parameter_value apf_clock_bridge.out_clk/apf_default_slv.clock clockRateSysInfo 
2024.08.28.01:45:43 Info: set_connection_parameter_value apf_clock_bridge.out_clk/apf_default_slv.clock clockResetSysInfo 
2024.08.28.01:45:43 Info: set_connection_parameter_value apf_clock_bridge.out_clk/apf_default_slv.clock resetDomainSysInfo -1
2024.08.28.01:45:43 Info: add_connection apf_reset_bridge.out_reset/apf_default_slv.reset
2024.08.28.01:45:43 Info: set_connection_parameter_value apf_reset_bridge.out_reset/apf_default_slv.reset clockDomainSysInfo -1
2024.08.28.01:45:43 Info: set_connection_parameter_value apf_reset_bridge.out_reset/apf_default_slv.reset clockResetSysInfo 
2024.08.28.01:45:43 Info: set_connection_parameter_value apf_reset_bridge.out_reset/apf_default_slv.reset resetDomainSysInfo -1
2024.08.28.01:45:43 Info: add_component apf_bpf_slv ip/apf/apf_bpf_slv.ip axi4lite_shim apf_bpf_slv 1.0
2024.08.28.01:45:43 Info: apf_bpf_slv: Generic Component instance footprint reloaded.
2024.08.28.01:45:43 Info: load_component apf_bpf_slv
2024.08.28.01:45:43 Info: set_component_parameter_value AW 18
2024.08.28.01:45:43 Info: set_component_parameter_value DW 64
2024.08.28.01:45:43 Info: set_component_project_property HIDE_FROM_IP_CATALOG false
2024.08.28.01:45:43 Info: save_component 
2024.08.28.01:45:43 Info: load_instantiation apf_bpf_slv
2024.08.28.01:45:43 Info: remove_instantiation_interfaces_and_ports 
2024.08.28.01:45:43 Info: add_instantiation_interface clock clock INPUT
2024.08.28.01:45:43 Info: set_instantiation_interface_parameter_value clock clockRate 0
2024.08.28.01:45:43 Info: set_instantiation_interface_parameter_value clock externallyDriven false
2024.08.28.01:45:43 Info: set_instantiation_interface_parameter_value clock ptfSchematicName 
2024.08.28.01:45:43 Info: add_instantiation_interface_port clock clk clk 1 standard logic Input
2024.08.28.01:45:43 Info: add_instantiation_interface reset reset INPUT
2024.08.28.01:45:43 Info: set_instantiation_interface_parameter_value reset associatedClock clock
2024.08.28.01:45:43 Info: set_instantiation_interface_parameter_value reset synchronousEdges DEASSERT
2024.08.28.01:45:43 Info: add_instantiation_interface_port reset rst_n reset_n 1 standard logic Input
2024.08.28.01:45:43 Info: add_instantiation_interface altera_axi4lite_slave axi4lite INPUT
2024.08.28.01:45:43 Info: set_instantiation_interface_parameter_value altera_axi4lite_slave associatedClock clock
2024.08.28.01:45:43 Info: set_instantiation_interface_parameter_value altera_axi4lite_slave associatedReset reset
2024.08.28.01:45:43 Info: set_instantiation_interface_parameter_value altera_axi4lite_slave bridgesToMaster 
2024.08.28.01:45:43 Info: set_instantiation_interface_parameter_value altera_axi4lite_slave combinedAcceptanceCapability 16
2024.08.28.01:45:43 Info: set_instantiation_interface_parameter_value altera_axi4lite_slave maximumOutstandingReads 16
2024.08.28.01:45:43 Info: set_instantiation_interface_parameter_value altera_axi4lite_slave maximumOutstandingTransactions 16
2024.08.28.01:45:43 Info: set_instantiation_interface_parameter_value altera_axi4lite_slave maximumOutstandingWrites 16/4
2024.08.28.01:45:43 Info: set_instantiation_interface_parameter_value altera_axi4lite_slave readAcceptanceCapability 16
2024.08.28.01:45:43 Info: set_instantiation_interface_parameter_value altera_axi4lite_slave readDataReorderingDepth 1
2024.08.28.01:45:43 Info: set_instantiation_interface_parameter_value altera_axi4lite_slave trustzoneAware true
2024.08.28.01:45:43 Info: set_instantiation_interface_parameter_value altera_axi4lite_slave writeAcceptanceCapability 16/4
2024.08.28.01:45:43 Info: add_instantiation_interface_port altera_axi4lite_slave s_awaddr awaddr 18 standard logic vector Input
2024.08.28.01:45:43 Info: add_instantiation_interface_port altera_axi4lite_slave s_awprot awprot 3 standard logic vector Input
2024.08.28.01:45:43 Info: add_instantiation_interface_port altera_axi4lite_slave s_awvalid awvalid 1 standard logic Input
2024.08.28.01:45:43 Info: add_instantiation_interface_port altera_axi4lite_slave s_awready awready 1 standard logic Output
2024.08.28.01:45:43 Info: add_instantiation_interface_port altera_axi4lite_slave s_wdata wdata 64 standard logic vector Input
2024.08.28.01:45:43 Info: add_instantiation_interface_port altera_axi4lite_slave s_wstrb wstrb 8 standard logic vector Input
2024.08.28.01:45:43 Info: add_instantiation_interface_port altera_axi4lite_slave s_wvalid wvalid 1 standard logic Input
2024.08.28.01:45:43 Info: add_instantiation_interface_port altera_axi4lite_slave s_wready wready 1 standard logic Output
2024.08.28.01:45:43 Info: add_instantiation_interface_port altera_axi4lite_slave s_bresp bresp 2 standard logic vector Output
2024.08.28.01:45:43 Info: add_instantiation_interface_port altera_axi4lite_slave s_bvalid bvalid 1 standard logic Output
2024.08.28.01:45:43 Info: add_instantiation_interface_port altera_axi4lite_slave s_bready bready 1 standard logic Input
2024.08.28.01:45:43 Info: add_instantiation_interface_port altera_axi4lite_slave s_araddr araddr 18 standard logic vector Input
2024.08.28.01:45:43 Info: add_instantiation_interface_port altera_axi4lite_slave s_arprot arprot 3 standard logic vector Input
2024.08.28.01:45:43 Info: add_instantiation_interface_port altera_axi4lite_slave s_arvalid arvalid 1 standard logic Input
2024.08.28.01:45:43 Info: add_instantiation_interface_port altera_axi4lite_slave s_arready arready 1 standard logic Output
2024.08.28.01:45:43 Info: add_instantiation_interface_port altera_axi4lite_slave s_rdata rdata 64 standard logic vector Output
2024.08.28.01:45:43 Info: add_instantiation_interface_port altera_axi4lite_slave s_rresp rresp 2 standard logic vector Output
2024.08.28.01:45:43 Info: add_instantiation_interface_port altera_axi4lite_slave s_rvalid rvalid 1 standard logic Output
2024.08.28.01:45:43 Info: add_instantiation_interface_port altera_axi4lite_slave s_rready rready 1 standard logic Input
2024.08.28.01:45:43 Info: add_instantiation_interface altera_axi4lite_master axi4lite OUTPUT
2024.08.28.01:45:43 Info: set_instantiation_interface_parameter_value altera_axi4lite_master associatedClock clock
2024.08.28.01:45:43 Info: set_instantiation_interface_parameter_value altera_axi4lite_master associatedReset reset
2024.08.28.01:45:43 Info: set_instantiation_interface_parameter_value altera_axi4lite_master combinedIssuingCapability 16
2024.08.28.01:45:43 Info: set_instantiation_interface_parameter_value altera_axi4lite_master maximumOutstandingReads 16
2024.08.28.01:45:43 Info: set_instantiation_interface_parameter_value altera_axi4lite_master maximumOutstandingTransactions 16
2024.08.28.01:45:43 Info: set_instantiation_interface_parameter_value altera_axi4lite_master maximumOutstandingWrites 16/4
2024.08.28.01:45:43 Info: set_instantiation_interface_parameter_value altera_axi4lite_master readIssuingCapability 16
2024.08.28.01:45:43 Info: set_instantiation_interface_parameter_value altera_axi4lite_master trustzoneAware true
2024.08.28.01:45:43 Info: set_instantiation_interface_parameter_value altera_axi4lite_master writeIssuingCapability 16/4
2024.08.28.01:45:43 Info: add_instantiation_interface_port altera_axi4lite_master m_awaddr awaddr 18 standard logic vector Output
2024.08.28.01:45:43 Info: add_instantiation_interface_port altera_axi4lite_master m_awprot awprot 3 standard logic vector Output
2024.08.28.01:45:43 Info: add_instantiation_interface_port altera_axi4lite_master m_awvalid awvalid 1 standard logic Output
2024.08.28.01:45:43 Info: add_instantiation_interface_port altera_axi4lite_master m_awready awready 1 standard logic Input
2024.08.28.01:45:43 Info: add_instantiation_interface_port altera_axi4lite_master m_wdata wdata 64 standard logic vector Output
2024.08.28.01:45:43 Info: add_instantiation_interface_port altera_axi4lite_master m_wstrb wstrb 8 standard logic vector Output
2024.08.28.01:45:43 Info: add_instantiation_interface_port altera_axi4lite_master m_wvalid wvalid 1 standard logic Output
2024.08.28.01:45:43 Info: add_instantiation_interface_port altera_axi4lite_master m_wready wready 1 standard logic Input
2024.08.28.01:45:43 Info: add_instantiation_interface_port altera_axi4lite_master m_bresp bresp 2 standard logic vector Input
2024.08.28.01:45:43 Info: add_instantiation_interface_port altera_axi4lite_master m_bvalid bvalid 1 standard logic Input
2024.08.28.01:45:43 Info: add_instantiation_interface_port altera_axi4lite_master m_bready bready 1 standard logic Output
2024.08.28.01:45:43 Info: add_instantiation_interface_port altera_axi4lite_master m_araddr araddr 18 standard logic vector Output
2024.08.28.01:45:43 Info: add_instantiation_interface_port altera_axi4lite_master m_arprot arprot 3 standard logic vector Output
2024.08.28.01:45:43 Info: add_instantiation_interface_port altera_axi4lite_master m_arvalid arvalid 1 standard logic Output
2024.08.28.01:45:43 Info: add_instantiation_interface_port altera_axi4lite_master m_arready arready 1 standard logic Input
2024.08.28.01:45:43 Info: add_instantiation_interface_port altera_axi4lite_master m_rdata rdata 64 standard logic vector Input
2024.08.28.01:45:43 Info: add_instantiation_interface_port altera_axi4lite_master m_rresp rresp 2 standard logic vector Input
2024.08.28.01:45:43 Info: add_instantiation_interface_port altera_axi4lite_master m_rvalid rvalid 1 standard logic Input
2024.08.28.01:45:43 Info: add_instantiation_interface_port altera_axi4lite_master m_rready rready 1 standard logic Output
2024.08.28.01:45:43 Info: save_instantiation 
2024.08.28.01:45:43 Info: add_component apf_st2mm_slv ip/apf/apf_st2mm_slv.ip axi4lite_shim apf_st2mm_slv 1.0
2024.08.28.01:45:43 Info: apf_st2mm_slv: Generic Component instance footprint reloaded.
2024.08.28.01:45:43 Info: load_component apf_st2mm_slv
2024.08.28.01:45:43 Info: set_component_parameter_value AW 16
2024.08.28.01:45:43 Info: set_component_parameter_value DW 64
2024.08.28.01:45:43 Info: set_component_project_property HIDE_FROM_IP_CATALOG false
2024.08.28.01:45:43 Info: save_component 
2024.08.28.01:45:43 Info: load_instantiation apf_st2mm_slv
2024.08.28.01:45:43 Info: remove_instantiation_interfaces_and_ports 
2024.08.28.01:45:43 Info: add_instantiation_interface clock clock INPUT
2024.08.28.01:45:43 Info: set_instantiation_interface_parameter_value clock clockRate 0
2024.08.28.01:45:43 Info: set_instantiation_interface_parameter_value clock externallyDriven false
2024.08.28.01:45:43 Info: set_instantiation_interface_parameter_value clock ptfSchematicName 
2024.08.28.01:45:43 Info: add_instantiation_interface_port clock clk clk 1 standard logic Input
2024.08.28.01:45:43 Info: add_instantiation_interface reset reset INPUT
2024.08.28.01:45:43 Info: set_instantiation_interface_parameter_value reset associatedClock clock
2024.08.28.01:45:43 Info: set_instantiation_interface_parameter_value reset synchronousEdges DEASSERT
2024.08.28.01:45:43 Info: add_instantiation_interface_port reset rst_n reset_n 1 standard logic Input
2024.08.28.01:45:43 Info: add_instantiation_interface altera_axi4lite_slave axi4lite INPUT
2024.08.28.01:45:43 Info: set_instantiation_interface_parameter_value altera_axi4lite_slave associatedClock clock
2024.08.28.01:45:43 Info: set_instantiation_interface_parameter_value altera_axi4lite_slave associatedReset reset
2024.08.28.01:45:43 Info: set_instantiation_interface_parameter_value altera_axi4lite_slave bridgesToMaster 
2024.08.28.01:45:43 Info: set_instantiation_interface_parameter_value altera_axi4lite_slave combinedAcceptanceCapability 16
2024.08.28.01:45:43 Info: set_instantiation_interface_parameter_value altera_axi4lite_slave maximumOutstandingReads 16
2024.08.28.01:45:43 Info: set_instantiation_interface_parameter_value altera_axi4lite_slave maximumOutstandingTransactions 16
2024.08.28.01:45:43 Info: set_instantiation_interface_parameter_value altera_axi4lite_slave maximumOutstandingWrites 16/4
2024.08.28.01:45:43 Info: set_instantiation_interface_parameter_value altera_axi4lite_slave readAcceptanceCapability 16
2024.08.28.01:45:43 Info: set_instantiation_interface_parameter_value altera_axi4lite_slave readDataReorderingDepth 1
2024.08.28.01:45:43 Info: set_instantiation_interface_parameter_value altera_axi4lite_slave trustzoneAware true
2024.08.28.01:45:43 Info: set_instantiation_interface_parameter_value altera_axi4lite_slave writeAcceptanceCapability 16/4
2024.08.28.01:45:43 Info: add_instantiation_interface_port altera_axi4lite_slave s_awaddr awaddr 16 standard logic vector Input
2024.08.28.01:45:43 Info: add_instantiation_interface_port altera_axi4lite_slave s_awprot awprot 3 standard logic vector Input
2024.08.28.01:45:43 Info: add_instantiation_interface_port altera_axi4lite_slave s_awvalid awvalid 1 standard logic Input
2024.08.28.01:45:43 Info: add_instantiation_interface_port altera_axi4lite_slave s_awready awready 1 standard logic Output
2024.08.28.01:45:43 Info: add_instantiation_interface_port altera_axi4lite_slave s_wdata wdata 64 standard logic vector Input
2024.08.28.01:45:43 Info: add_instantiation_interface_port altera_axi4lite_slave s_wstrb wstrb 8 standard logic vector Input
2024.08.28.01:45:43 Info: add_instantiation_interface_port altera_axi4lite_slave s_wvalid wvalid 1 standard logic Input
2024.08.28.01:45:43 Info: add_instantiation_interface_port altera_axi4lite_slave s_wready wready 1 standard logic Output
2024.08.28.01:45:43 Info: add_instantiation_interface_port altera_axi4lite_slave s_bresp bresp 2 standard logic vector Output
2024.08.28.01:45:43 Info: add_instantiation_interface_port altera_axi4lite_slave s_bvalid bvalid 1 standard logic Output
2024.08.28.01:45:43 Info: add_instantiation_interface_port altera_axi4lite_slave s_bready bready 1 standard logic Input
2024.08.28.01:45:43 Info: add_instantiation_interface_port altera_axi4lite_slave s_araddr araddr 16 standard logic vector Input
2024.08.28.01:45:43 Info: add_instantiation_interface_port altera_axi4lite_slave s_arprot arprot 3 standard logic vector Input
2024.08.28.01:45:43 Info: add_instantiation_interface_port altera_axi4lite_slave s_arvalid arvalid 1 standard logic Input
2024.08.28.01:45:43 Info: add_instantiation_interface_port altera_axi4lite_slave s_arready arready 1 standard logic Output
2024.08.28.01:45:43 Info: add_instantiation_interface_port altera_axi4lite_slave s_rdata rdata 64 standard logic vector Output
2024.08.28.01:45:43 Info: add_instantiation_interface_port altera_axi4lite_slave s_rresp rresp 2 standard logic vector Output
2024.08.28.01:45:43 Info: add_instantiation_interface_port altera_axi4lite_slave s_rvalid rvalid 1 standard logic Output
2024.08.28.01:45:43 Info: add_instantiation_interface_port altera_axi4lite_slave s_rready rready 1 standard logic Input
2024.08.28.01:45:43 Info: add_instantiation_interface altera_axi4lite_master axi4lite OUTPUT
2024.08.28.01:45:43 Info: set_instantiation_interface_parameter_value altera_axi4lite_master associatedClock clock
2024.08.28.01:45:43 Info: set_instantiation_interface_parameter_value altera_axi4lite_master associatedReset reset
2024.08.28.01:45:43 Info: set_instantiation_interface_parameter_value altera_axi4lite_master combinedIssuingCapability 16
2024.08.28.01:45:43 Info: set_instantiation_interface_parameter_value altera_axi4lite_master maximumOutstandingReads 16
2024.08.28.01:45:43 Info: set_instantiation_interface_parameter_value altera_axi4lite_master maximumOutstandingTransactions 16
2024.08.28.01:45:43 Info: set_instantiation_interface_parameter_value altera_axi4lite_master maximumOutstandingWrites 16/4
2024.08.28.01:45:43 Info: set_instantiation_interface_parameter_value altera_axi4lite_master readIssuingCapability 16
2024.08.28.01:45:43 Info: set_instantiation_interface_parameter_value altera_axi4lite_master trustzoneAware true
2024.08.28.01:45:43 Info: set_instantiation_interface_parameter_value altera_axi4lite_master writeIssuingCapability 16/4
2024.08.28.01:45:43 Info: add_instantiation_interface_port altera_axi4lite_master m_awaddr awaddr 16 standard logic vector Output
2024.08.28.01:45:43 Info: add_instantiation_interface_port altera_axi4lite_master m_awprot awprot 3 standard logic vector Output
2024.08.28.01:45:43 Info: add_instantiation_interface_port altera_axi4lite_master m_awvalid awvalid 1 standard logic Output
2024.08.28.01:45:43 Info: add_instantiation_interface_port altera_axi4lite_master m_awready awready 1 standard logic Input
2024.08.28.01:45:43 Info: add_instantiation_interface_port altera_axi4lite_master m_wdata wdata 64 standard logic vector Output
2024.08.28.01:45:43 Info: add_instantiation_interface_port altera_axi4lite_master m_wstrb wstrb 8 standard logic vector Output
2024.08.28.01:45:43 Info: add_instantiation_interface_port altera_axi4lite_master m_wvalid wvalid 1 standard logic Output
2024.08.28.01:45:43 Info: add_instantiation_interface_port altera_axi4lite_master m_wready wready 1 standard logic Input
2024.08.28.01:45:43 Info: add_instantiation_interface_port altera_axi4lite_master m_bresp bresp 2 standard logic vector Input
2024.08.28.01:45:43 Info: add_instantiation_interface_port altera_axi4lite_master m_bvalid bvalid 1 standard logic Input
2024.08.28.01:45:43 Info: add_instantiation_interface_port altera_axi4lite_master m_bready bready 1 standard logic Output
2024.08.28.01:45:43 Info: add_instantiation_interface_port altera_axi4lite_master m_araddr araddr 16 standard logic vector Output
2024.08.28.01:45:43 Info: add_instantiation_interface_port altera_axi4lite_master m_arprot arprot 3 standard logic vector Output
2024.08.28.01:45:43 Info: add_instantiation_interface_port altera_axi4lite_master m_arvalid arvalid 1 standard logic Output
2024.08.28.01:45:43 Info: add_instantiation_interface_port altera_axi4lite_master m_arready arready 1 standard logic Input
2024.08.28.01:45:43 Info: add_instantiation_interface_port altera_axi4lite_master m_rdata rdata 64 standard logic vector Input
2024.08.28.01:45:43 Info: add_instantiation_interface_port altera_axi4lite_master m_rresp rresp 2 standard logic vector Input
2024.08.28.01:45:43 Info: add_instantiation_interface_port altera_axi4lite_master m_rvalid rvalid 1 standard logic Input
2024.08.28.01:45:43 Info: add_instantiation_interface_port altera_axi4lite_master m_rready rready 1 standard logic Output
2024.08.28.01:45:43 Info: save_instantiation 
2024.08.28.01:45:43 Info: add_component apf_uart_slv ip/apf/apf_uart_slv.ip axi4lite_shim apf_uart_slv 1.0
2024.08.28.01:45:43 Info: apf_uart_slv: Generic Component instance footprint reloaded.
2024.08.28.01:45:43 Info: load_component apf_uart_slv
2024.08.28.01:45:43 Info: set_component_parameter_value AW 12
2024.08.28.01:45:43 Info: set_component_parameter_value DW 64
2024.08.28.01:45:43 Info: set_component_project_property HIDE_FROM_IP_CATALOG false
2024.08.28.01:45:43 Info: save_component 
2024.08.28.01:45:43 Info: load_instantiation apf_uart_slv
2024.08.28.01:45:43 Info: remove_instantiation_interfaces_and_ports 
2024.08.28.01:45:43 Info: add_instantiation_interface clock clock INPUT
2024.08.28.01:45:43 Info: set_instantiation_interface_parameter_value clock clockRate 0
2024.08.28.01:45:43 Info: set_instantiation_interface_parameter_value clock externallyDriven false
2024.08.28.01:45:43 Info: set_instantiation_interface_parameter_value clock ptfSchematicName 
2024.08.28.01:45:43 Info: add_instantiation_interface_port clock clk clk 1 standard logic Input
2024.08.28.01:45:43 Info: add_instantiation_interface reset reset INPUT
2024.08.28.01:45:43 Info: set_instantiation_interface_parameter_value reset associatedClock clock
2024.08.28.01:45:43 Info: set_instantiation_interface_parameter_value reset synchronousEdges DEASSERT
2024.08.28.01:45:43 Info: add_instantiation_interface_port reset rst_n reset_n 1 standard logic Input
2024.08.28.01:45:43 Info: add_instantiation_interface altera_axi4lite_slave axi4lite INPUT
2024.08.28.01:45:43 Info: set_instantiation_interface_parameter_value altera_axi4lite_slave associatedClock clock
2024.08.28.01:45:43 Info: set_instantiation_interface_parameter_value altera_axi4lite_slave associatedReset reset
2024.08.28.01:45:43 Info: set_instantiation_interface_parameter_value altera_axi4lite_slave bridgesToMaster 
2024.08.28.01:45:43 Info: set_instantiation_interface_parameter_value altera_axi4lite_slave combinedAcceptanceCapability 16
2024.08.28.01:45:43 Info: set_instantiation_interface_parameter_value altera_axi4lite_slave maximumOutstandingReads 16
2024.08.28.01:45:43 Info: set_instantiation_interface_parameter_value altera_axi4lite_slave maximumOutstandingTransactions 16
2024.08.28.01:45:43 Info: set_instantiation_interface_parameter_value altera_axi4lite_slave maximumOutstandingWrites 16/4
2024.08.28.01:45:43 Info: set_instantiation_interface_parameter_value altera_axi4lite_slave readAcceptanceCapability 16
2024.08.28.01:45:43 Info: set_instantiation_interface_parameter_value altera_axi4lite_slave readDataReorderingDepth 1
2024.08.28.01:45:43 Info: set_instantiation_interface_parameter_value altera_axi4lite_slave trustzoneAware true
2024.08.28.01:45:43 Info: set_instantiation_interface_parameter_value altera_axi4lite_slave writeAcceptanceCapability 16/4
2024.08.28.01:45:43 Info: add_instantiation_interface_port altera_axi4lite_slave s_awaddr awaddr 12 standard logic vector Input
2024.08.28.01:45:43 Info: add_instantiation_interface_port altera_axi4lite_slave s_awprot awprot 3 standard logic vector Input
2024.08.28.01:45:43 Info: add_instantiation_interface_port altera_axi4lite_slave s_awvalid awvalid 1 standard logic Input
2024.08.28.01:45:43 Info: add_instantiation_interface_port altera_axi4lite_slave s_awready awready 1 standard logic Output
2024.08.28.01:45:43 Info: add_instantiation_interface_port altera_axi4lite_slave s_wdata wdata 64 standard logic vector Input
2024.08.28.01:45:43 Info: add_instantiation_interface_port altera_axi4lite_slave s_wstrb wstrb 8 standard logic vector Input
2024.08.28.01:45:43 Info: add_instantiation_interface_port altera_axi4lite_slave s_wvalid wvalid 1 standard logic Input
2024.08.28.01:45:43 Info: add_instantiation_interface_port altera_axi4lite_slave s_wready wready 1 standard logic Output
2024.08.28.01:45:43 Info: add_instantiation_interface_port altera_axi4lite_slave s_bresp bresp 2 standard logic vector Output
2024.08.28.01:45:43 Info: add_instantiation_interface_port altera_axi4lite_slave s_bvalid bvalid 1 standard logic Output
2024.08.28.01:45:43 Info: add_instantiation_interface_port altera_axi4lite_slave s_bready bready 1 standard logic Input
2024.08.28.01:45:43 Info: add_instantiation_interface_port altera_axi4lite_slave s_araddr araddr 12 standard logic vector Input
2024.08.28.01:45:43 Info: add_instantiation_interface_port altera_axi4lite_slave s_arprot arprot 3 standard logic vector Input
2024.08.28.01:45:43 Info: add_instantiation_interface_port altera_axi4lite_slave s_arvalid arvalid 1 standard logic Input
2024.08.28.01:45:43 Info: add_instantiation_interface_port altera_axi4lite_slave s_arready arready 1 standard logic Output
2024.08.28.01:45:43 Info: add_instantiation_interface_port altera_axi4lite_slave s_rdata rdata 64 standard logic vector Output
2024.08.28.01:45:43 Info: add_instantiation_interface_port altera_axi4lite_slave s_rresp rresp 2 standard logic vector Output
2024.08.28.01:45:43 Info: add_instantiation_interface_port altera_axi4lite_slave s_rvalid rvalid 1 standard logic Output
2024.08.28.01:45:43 Info: add_instantiation_interface_port altera_axi4lite_slave s_rready rready 1 standard logic Input
2024.08.28.01:45:43 Info: add_instantiation_interface altera_axi4lite_master axi4lite OUTPUT
2024.08.28.01:45:43 Info: set_instantiation_interface_parameter_value altera_axi4lite_master associatedClock clock
2024.08.28.01:45:43 Info: set_instantiation_interface_parameter_value altera_axi4lite_master associatedReset reset
2024.08.28.01:45:43 Info: set_instantiation_interface_parameter_value altera_axi4lite_master combinedIssuingCapability 16
2024.08.28.01:45:43 Info: set_instantiation_interface_parameter_value altera_axi4lite_master maximumOutstandingReads 16
2024.08.28.01:45:43 Info: set_instantiation_interface_parameter_value altera_axi4lite_master maximumOutstandingTransactions 16
2024.08.28.01:45:43 Info: set_instantiation_interface_parameter_value altera_axi4lite_master maximumOutstandingWrites 16/4
2024.08.28.01:45:43 Info: set_instantiation_interface_parameter_value altera_axi4lite_master readIssuingCapability 16
2024.08.28.01:45:43 Info: set_instantiation_interface_parameter_value altera_axi4lite_master trustzoneAware true
2024.08.28.01:45:43 Info: set_instantiation_interface_parameter_value altera_axi4lite_master writeIssuingCapability 16/4
2024.08.28.01:45:43 Info: add_instantiation_interface_port altera_axi4lite_master m_awaddr awaddr 12 standard logic vector Output
2024.08.28.01:45:43 Info: add_instantiation_interface_port altera_axi4lite_master m_awprot awprot 3 standard logic vector Output
2024.08.28.01:45:43 Info: add_instantiation_interface_port altera_axi4lite_master m_awvalid awvalid 1 standard logic Output
2024.08.28.01:45:43 Info: add_instantiation_interface_port altera_axi4lite_master m_awready awready 1 standard logic Input
2024.08.28.01:45:43 Info: add_instantiation_interface_port altera_axi4lite_master m_wdata wdata 64 standard logic vector Output
2024.08.28.01:45:43 Info: add_instantiation_interface_port altera_axi4lite_master m_wstrb wstrb 8 standard logic vector Output
2024.08.28.01:45:43 Info: add_instantiation_interface_port altera_axi4lite_master m_wvalid wvalid 1 standard logic Output
2024.08.28.01:45:43 Info: add_instantiation_interface_port altera_axi4lite_master m_wready wready 1 standard logic Input
2024.08.28.01:45:43 Info: add_instantiation_interface_port altera_axi4lite_master m_bresp bresp 2 standard logic vector Input
2024.08.28.01:45:43 Info: add_instantiation_interface_port altera_axi4lite_master m_bvalid bvalid 1 standard logic Input
2024.08.28.01:45:43 Info: add_instantiation_interface_port altera_axi4lite_master m_bready bready 1 standard logic Output
2024.08.28.01:45:43 Info: add_instantiation_interface_port altera_axi4lite_master m_araddr araddr 12 standard logic vector Output
2024.08.28.01:45:43 Info: add_instantiation_interface_port altera_axi4lite_master m_arprot arprot 3 standard logic vector Output
2024.08.28.01:45:43 Info: add_instantiation_interface_port altera_axi4lite_master m_arvalid arvalid 1 standard logic Output
2024.08.28.01:45:43 Info: add_instantiation_interface_port altera_axi4lite_master m_arready arready 1 standard logic Input
2024.08.28.01:45:43 Info: add_instantiation_interface_port altera_axi4lite_master m_rdata rdata 64 standard logic vector Input
2024.08.28.01:45:43 Info: add_instantiation_interface_port altera_axi4lite_master m_rresp rresp 2 standard logic vector Input
2024.08.28.01:45:43 Info: add_instantiation_interface_port altera_axi4lite_master m_rvalid rvalid 1 standard logic Input
2024.08.28.01:45:43 Info: add_instantiation_interface_port altera_axi4lite_master m_rready rready 1 standard logic Output
2024.08.28.01:45:43 Info: save_instantiation 
2024.08.28.01:45:43 Info: add_component apf_pr_slv ip/apf/apf_pr_slv.ip axi4lite_shim apf_pr_slv 1.0
2024.08.28.01:45:43 Info: apf_pr_slv: Generic Component instance footprint reloaded.
2024.08.28.01:45:43 Info: load_component apf_pr_slv
2024.08.28.01:45:43 Info: set_component_parameter_value AW 16
2024.08.28.01:45:43 Info: set_component_parameter_value DW 64
2024.08.28.01:45:43 Info: set_component_project_property HIDE_FROM_IP_CATALOG false
2024.08.28.01:45:43 Info: save_component 
2024.08.28.01:45:43 Info: load_instantiation apf_pr_slv
2024.08.28.01:45:43 Info: remove_instantiation_interfaces_and_ports 
2024.08.28.01:45:43 Info: add_instantiation_interface clock clock INPUT
2024.08.28.01:45:43 Info: set_instantiation_interface_parameter_value clock clockRate 0
2024.08.28.01:45:43 Info: set_instantiation_interface_parameter_value clock externallyDriven false
2024.08.28.01:45:43 Info: set_instantiation_interface_parameter_value clock ptfSchematicName 
2024.08.28.01:45:43 Info: add_instantiation_interface_port clock clk clk 1 standard logic Input
2024.08.28.01:45:43 Info: add_instantiation_interface reset reset INPUT
2024.08.28.01:45:43 Info: set_instantiation_interface_parameter_value reset associatedClock clock
2024.08.28.01:45:43 Info: set_instantiation_interface_parameter_value reset synchronousEdges DEASSERT
2024.08.28.01:45:43 Info: add_instantiation_interface_port reset rst_n reset_n 1 standard logic Input
2024.08.28.01:45:43 Info: add_instantiation_interface altera_axi4lite_slave axi4lite INPUT
2024.08.28.01:45:43 Info: set_instantiation_interface_parameter_value altera_axi4lite_slave associatedClock clock
2024.08.28.01:45:43 Info: set_instantiation_interface_parameter_value altera_axi4lite_slave associatedReset reset
2024.08.28.01:45:43 Info: set_instantiation_interface_parameter_value altera_axi4lite_slave bridgesToMaster 
2024.08.28.01:45:43 Info: set_instantiation_interface_parameter_value altera_axi4lite_slave combinedAcceptanceCapability 16
2024.08.28.01:45:43 Info: set_instantiation_interface_parameter_value altera_axi4lite_slave maximumOutstandingReads 16
2024.08.28.01:45:43 Info: set_instantiation_interface_parameter_value altera_axi4lite_slave maximumOutstandingTransactions 16
2024.08.28.01:45:43 Info: set_instantiation_interface_parameter_value altera_axi4lite_slave maximumOutstandingWrites 16/4
2024.08.28.01:45:43 Info: set_instantiation_interface_parameter_value altera_axi4lite_slave readAcceptanceCapability 16
2024.08.28.01:45:43 Info: set_instantiation_interface_parameter_value altera_axi4lite_slave readDataReorderingDepth 1
2024.08.28.01:45:43 Info: set_instantiation_interface_parameter_value altera_axi4lite_slave trustzoneAware true
2024.08.28.01:45:43 Info: set_instantiation_interface_parameter_value altera_axi4lite_slave writeAcceptanceCapability 16/4
2024.08.28.01:45:43 Info: add_instantiation_interface_port altera_axi4lite_slave s_awaddr awaddr 16 standard logic vector Input
2024.08.28.01:45:43 Info: add_instantiation_interface_port altera_axi4lite_slave s_awprot awprot 3 standard logic vector Input
2024.08.28.01:45:43 Info: add_instantiation_interface_port altera_axi4lite_slave s_awvalid awvalid 1 standard logic Input
2024.08.28.01:45:43 Info: add_instantiation_interface_port altera_axi4lite_slave s_awready awready 1 standard logic Output
2024.08.28.01:45:43 Info: add_instantiation_interface_port altera_axi4lite_slave s_wdata wdata 64 standard logic vector Input
2024.08.28.01:45:43 Info: add_instantiation_interface_port altera_axi4lite_slave s_wstrb wstrb 8 standard logic vector Input
2024.08.28.01:45:43 Info: add_instantiation_interface_port altera_axi4lite_slave s_wvalid wvalid 1 standard logic Input
2024.08.28.01:45:43 Info: add_instantiation_interface_port altera_axi4lite_slave s_wready wready 1 standard logic Output
2024.08.28.01:45:43 Info: add_instantiation_interface_port altera_axi4lite_slave s_bresp bresp 2 standard logic vector Output
2024.08.28.01:45:43 Info: add_instantiation_interface_port altera_axi4lite_slave s_bvalid bvalid 1 standard logic Output
2024.08.28.01:45:43 Info: add_instantiation_interface_port altera_axi4lite_slave s_bready bready 1 standard logic Input
2024.08.28.01:45:43 Info: add_instantiation_interface_port altera_axi4lite_slave s_araddr araddr 16 standard logic vector Input
2024.08.28.01:45:43 Info: add_instantiation_interface_port altera_axi4lite_slave s_arprot arprot 3 standard logic vector Input
2024.08.28.01:45:43 Info: add_instantiation_interface_port altera_axi4lite_slave s_arvalid arvalid 1 standard logic Input
2024.08.28.01:45:43 Info: add_instantiation_interface_port altera_axi4lite_slave s_arready arready 1 standard logic Output
2024.08.28.01:45:43 Info: add_instantiation_interface_port altera_axi4lite_slave s_rdata rdata 64 standard logic vector Output
2024.08.28.01:45:43 Info: add_instantiation_interface_port altera_axi4lite_slave s_rresp rresp 2 standard logic vector Output
2024.08.28.01:45:43 Info: add_instantiation_interface_port altera_axi4lite_slave s_rvalid rvalid 1 standard logic Output
2024.08.28.01:45:43 Info: add_instantiation_interface_port altera_axi4lite_slave s_rready rready 1 standard logic Input
2024.08.28.01:45:43 Info: add_instantiation_interface altera_axi4lite_master axi4lite OUTPUT
2024.08.28.01:45:43 Info: set_instantiation_interface_parameter_value altera_axi4lite_master associatedClock clock
2024.08.28.01:45:43 Info: set_instantiation_interface_parameter_value altera_axi4lite_master associatedReset reset
2024.08.28.01:45:43 Info: set_instantiation_interface_parameter_value altera_axi4lite_master combinedIssuingCapability 16
2024.08.28.01:45:43 Info: set_instantiation_interface_parameter_value altera_axi4lite_master maximumOutstandingReads 16
2024.08.28.01:45:43 Info: set_instantiation_interface_parameter_value altera_axi4lite_master maximumOutstandingTransactions 16
2024.08.28.01:45:43 Info: set_instantiation_interface_parameter_value altera_axi4lite_master maximumOutstandingWrites 16/4
2024.08.28.01:45:43 Info: set_instantiation_interface_parameter_value altera_axi4lite_master readIssuingCapability 16
2024.08.28.01:45:43 Info: set_instantiation_interface_parameter_value altera_axi4lite_master trustzoneAware true
2024.08.28.01:45:43 Info: set_instantiation_interface_parameter_value altera_axi4lite_master writeIssuingCapability 16/4
2024.08.28.01:45:43 Info: add_instantiation_interface_port altera_axi4lite_master m_awaddr awaddr 16 standard logic vector Output
2024.08.28.01:45:43 Info: add_instantiation_interface_port altera_axi4lite_master m_awprot awprot 3 standard logic vector Output
2024.08.28.01:45:43 Info: add_instantiation_interface_port altera_axi4lite_master m_awvalid awvalid 1 standard logic Output
2024.08.28.01:45:43 Info: add_instantiation_interface_port altera_axi4lite_master m_awready awready 1 standard logic Input
2024.08.28.01:45:43 Info: add_instantiation_interface_port altera_axi4lite_master m_wdata wdata 64 standard logic vector Output
2024.08.28.01:45:43 Info: add_instantiation_interface_port altera_axi4lite_master m_wstrb wstrb 8 standard logic vector Output
2024.08.28.01:45:43 Info: add_instantiation_interface_port altera_axi4lite_master m_wvalid wvalid 1 standard logic Output
2024.08.28.01:45:43 Info: add_instantiation_interface_port altera_axi4lite_master m_wready wready 1 standard logic Input
2024.08.28.01:45:43 Info: add_instantiation_interface_port altera_axi4lite_master m_bresp bresp 2 standard logic vector Input
2024.08.28.01:45:43 Info: add_instantiation_interface_port altera_axi4lite_master m_bvalid bvalid 1 standard logic Input
2024.08.28.01:45:43 Info: add_instantiation_interface_port altera_axi4lite_master m_bready bready 1 standard logic Output
2024.08.28.01:45:43 Info: add_instantiation_interface_port altera_axi4lite_master m_araddr araddr 16 standard logic vector Output
2024.08.28.01:45:43 Info: add_instantiation_interface_port altera_axi4lite_master m_arprot arprot 3 standard logic vector Output
2024.08.28.01:45:43 Info: add_instantiation_interface_port altera_axi4lite_master m_arvalid arvalid 1 standard logic Output
2024.08.28.01:45:43 Info: add_instantiation_interface_port altera_axi4lite_master m_arready arready 1 standard logic Input
2024.08.28.01:45:43 Info: add_instantiation_interface_port altera_axi4lite_master m_rdata rdata 64 standard logic vector Input
2024.08.28.01:45:43 Info: add_instantiation_interface_port altera_axi4lite_master m_rresp rresp 2 standard logic vector Input
2024.08.28.01:45:43 Info: add_instantiation_interface_port altera_axi4lite_master m_rvalid rvalid 1 standard logic Input
2024.08.28.01:45:43 Info: add_instantiation_interface_port altera_axi4lite_master m_rready rready 1 standard logic Output
2024.08.28.01:45:43 Info: save_instantiation 
2024.08.28.01:45:43 Info: add_component apf_achk_slv ip/apf/apf_achk_slv.ip axi4lite_shim apf_achk_slv 1.0
2024.08.28.01:45:43 Info: apf_achk_slv: Generic Component instance footprint reloaded.
2024.08.28.01:45:43 Info: load_component apf_achk_slv
2024.08.28.01:45:43 Info: set_component_parameter_value AW 16
2024.08.28.01:45:43 Info: set_component_parameter_value DW 64
2024.08.28.01:45:43 Info: set_component_project_property HIDE_FROM_IP_CATALOG false
2024.08.28.01:45:43 Info: save_component 
2024.08.28.01:45:43 Info: load_instantiation apf_achk_slv
2024.08.28.01:45:43 Info: remove_instantiation_interfaces_and_ports 
2024.08.28.01:45:43 Info: add_instantiation_interface clock clock INPUT
2024.08.28.01:45:43 Info: set_instantiation_interface_parameter_value clock clockRate 0
2024.08.28.01:45:43 Info: set_instantiation_interface_parameter_value clock externallyDriven false
2024.08.28.01:45:43 Info: set_instantiation_interface_parameter_value clock ptfSchematicName 
2024.08.28.01:45:43 Info: add_instantiation_interface_port clock clk clk 1 standard logic Input
2024.08.28.01:45:43 Info: add_instantiation_interface reset reset INPUT
2024.08.28.01:45:43 Info: set_instantiation_interface_parameter_value reset associatedClock clock
2024.08.28.01:45:43 Info: set_instantiation_interface_parameter_value reset synchronousEdges DEASSERT
2024.08.28.01:45:43 Info: add_instantiation_interface_port reset rst_n reset_n 1 standard logic Input
2024.08.28.01:45:43 Info: add_instantiation_interface altera_axi4lite_slave axi4lite INPUT
2024.08.28.01:45:43 Info: set_instantiation_interface_parameter_value altera_axi4lite_slave associatedClock clock
2024.08.28.01:45:43 Info: set_instantiation_interface_parameter_value altera_axi4lite_slave associatedReset reset
2024.08.28.01:45:43 Info: set_instantiation_interface_parameter_value altera_axi4lite_slave bridgesToMaster 
2024.08.28.01:45:43 Info: set_instantiation_interface_parameter_value altera_axi4lite_slave combinedAcceptanceCapability 16
2024.08.28.01:45:43 Info: set_instantiation_interface_parameter_value altera_axi4lite_slave maximumOutstandingReads 16
2024.08.28.01:45:43 Info: set_instantiation_interface_parameter_value altera_axi4lite_slave maximumOutstandingTransactions 16
2024.08.28.01:45:43 Info: set_instantiation_interface_parameter_value altera_axi4lite_slave maximumOutstandingWrites 16/4
2024.08.28.01:45:43 Info: set_instantiation_interface_parameter_value altera_axi4lite_slave readAcceptanceCapability 16
2024.08.28.01:45:43 Info: set_instantiation_interface_parameter_value altera_axi4lite_slave readDataReorderingDepth 1
2024.08.28.01:45:43 Info: set_instantiation_interface_parameter_value altera_axi4lite_slave trustzoneAware true
2024.08.28.01:45:43 Info: set_instantiation_interface_parameter_value altera_axi4lite_slave writeAcceptanceCapability 16/4
2024.08.28.01:45:43 Info: add_instantiation_interface_port altera_axi4lite_slave s_awaddr awaddr 16 standard logic vector Input
2024.08.28.01:45:43 Info: add_instantiation_interface_port altera_axi4lite_slave s_awprot awprot 3 standard logic vector Input
2024.08.28.01:45:43 Info: add_instantiation_interface_port altera_axi4lite_slave s_awvalid awvalid 1 standard logic Input
2024.08.28.01:45:43 Info: add_instantiation_interface_port altera_axi4lite_slave s_awready awready 1 standard logic Output
2024.08.28.01:45:43 Info: add_instantiation_interface_port altera_axi4lite_slave s_wdata wdata 64 standard logic vector Input
2024.08.28.01:45:43 Info: add_instantiation_interface_port altera_axi4lite_slave s_wstrb wstrb 8 standard logic vector Input
2024.08.28.01:45:43 Info: add_instantiation_interface_port altera_axi4lite_slave s_wvalid wvalid 1 standard logic Input
2024.08.28.01:45:43 Info: add_instantiation_interface_port altera_axi4lite_slave s_wready wready 1 standard logic Output
2024.08.28.01:45:43 Info: add_instantiation_interface_port altera_axi4lite_slave s_bresp bresp 2 standard logic vector Output
2024.08.28.01:45:43 Info: add_instantiation_interface_port altera_axi4lite_slave s_bvalid bvalid 1 standard logic Output
2024.08.28.01:45:43 Info: add_instantiation_interface_port altera_axi4lite_slave s_bready bready 1 standard logic Input
2024.08.28.01:45:43 Info: add_instantiation_interface_port altera_axi4lite_slave s_araddr araddr 16 standard logic vector Input
2024.08.28.01:45:43 Info: add_instantiation_interface_port altera_axi4lite_slave s_arprot arprot 3 standard logic vector Input
2024.08.28.01:45:43 Info: add_instantiation_interface_port altera_axi4lite_slave s_arvalid arvalid 1 standard logic Input
2024.08.28.01:45:43 Info: add_instantiation_interface_port altera_axi4lite_slave s_arready arready 1 standard logic Output
2024.08.28.01:45:43 Info: add_instantiation_interface_port altera_axi4lite_slave s_rdata rdata 64 standard logic vector Output
2024.08.28.01:45:43 Info: add_instantiation_interface_port altera_axi4lite_slave s_rresp rresp 2 standard logic vector Output
2024.08.28.01:45:43 Info: add_instantiation_interface_port altera_axi4lite_slave s_rvalid rvalid 1 standard logic Output
2024.08.28.01:45:43 Info: add_instantiation_interface_port altera_axi4lite_slave s_rready rready 1 standard logic Input
2024.08.28.01:45:43 Info: add_instantiation_interface altera_axi4lite_master axi4lite OUTPUT
2024.08.28.01:45:43 Info: set_instantiation_interface_parameter_value altera_axi4lite_master associatedClock clock
2024.08.28.01:45:43 Info: set_instantiation_interface_parameter_value altera_axi4lite_master associatedReset reset
2024.08.28.01:45:43 Info: set_instantiation_interface_parameter_value altera_axi4lite_master combinedIssuingCapability 16
2024.08.28.01:45:43 Info: set_instantiation_interface_parameter_value altera_axi4lite_master maximumOutstandingReads 16
2024.08.28.01:45:43 Info: set_instantiation_interface_parameter_value altera_axi4lite_master maximumOutstandingTransactions 16
2024.08.28.01:45:43 Info: set_instantiation_interface_parameter_value altera_axi4lite_master maximumOutstandingWrites 16/4
2024.08.28.01:45:43 Info: set_instantiation_interface_parameter_value altera_axi4lite_master readIssuingCapability 16
2024.08.28.01:45:43 Info: set_instantiation_interface_parameter_value altera_axi4lite_master trustzoneAware true
2024.08.28.01:45:43 Info: set_instantiation_interface_parameter_value altera_axi4lite_master writeIssuingCapability 16/4
2024.08.28.01:45:43 Info: add_instantiation_interface_port altera_axi4lite_master m_awaddr awaddr 16 standard logic vector Output
2024.08.28.01:45:43 Info: add_instantiation_interface_port altera_axi4lite_master m_awprot awprot 3 standard logic vector Output
2024.08.28.01:45:43 Info: add_instantiation_interface_port altera_axi4lite_master m_awvalid awvalid 1 standard logic Output
2024.08.28.01:45:43 Info: add_instantiation_interface_port altera_axi4lite_master m_awready awready 1 standard logic Input
2024.08.28.01:45:43 Info: add_instantiation_interface_port altera_axi4lite_master m_wdata wdata 64 standard logic vector Output
2024.08.28.01:45:43 Info: add_instantiation_interface_port altera_axi4lite_master m_wstrb wstrb 8 standard logic vector Output
2024.08.28.01:45:43 Info: add_instantiation_interface_port altera_axi4lite_master m_wvalid wvalid 1 standard logic Output
2024.08.28.01:45:43 Info: add_instantiation_interface_port altera_axi4lite_master m_wready wready 1 standard logic Input
2024.08.28.01:45:43 Info: add_instantiation_interface_port altera_axi4lite_master m_bresp bresp 2 standard logic vector Input
2024.08.28.01:45:43 Info: add_instantiation_interface_port altera_axi4lite_master m_bvalid bvalid 1 standard logic Input
2024.08.28.01:45:43 Info: add_instantiation_interface_port altera_axi4lite_master m_bready bready 1 standard logic Output
2024.08.28.01:45:43 Info: add_instantiation_interface_port altera_axi4lite_master m_araddr araddr 16 standard logic vector Output
2024.08.28.01:45:43 Info: add_instantiation_interface_port altera_axi4lite_master m_arprot arprot 3 standard logic vector Output
2024.08.28.01:45:43 Info: add_instantiation_interface_port altera_axi4lite_master m_arvalid arvalid 1 standard logic Output
2024.08.28.01:45:43 Info: add_instantiation_interface_port altera_axi4lite_master m_arready arready 1 standard logic Input
2024.08.28.01:45:43 Info: add_instantiation_interface_port altera_axi4lite_master m_rdata rdata 64 standard logic vector Input
2024.08.28.01:45:43 Info: add_instantiation_interface_port altera_axi4lite_master m_rresp rresp 2 standard logic vector Input
2024.08.28.01:45:43 Info: add_instantiation_interface_port altera_axi4lite_master m_rvalid rvalid 1 standard logic Input
2024.08.28.01:45:43 Info: add_instantiation_interface_port altera_axi4lite_master m_rready rready 1 standard logic Output
2024.08.28.01:45:43 Info: save_instantiation 
2024.08.28.01:45:43 Info: add_component apf_pr_2_slv ip/apf/apf_pr_2_slv.ip axi4lite_shim apf_pr_2_slv 1.0
2024.08.28.01:45:43 Info: apf_pr_2_slv: Generic Component instance footprint reloaded.
2024.08.28.01:45:43 Info: load_component apf_pr_2_slv
2024.08.28.01:45:43 Info: set_component_parameter_value AW 16
2024.08.28.01:45:43 Info: set_component_parameter_value DW 64
2024.08.28.01:45:43 Info: set_component_project_property HIDE_FROM_IP_CATALOG false
2024.08.28.01:45:43 Info: save_component 
2024.08.28.01:45:43 Info: load_instantiation apf_pr_2_slv
2024.08.28.01:45:43 Info: remove_instantiation_interfaces_and_ports 
2024.08.28.01:45:43 Info: add_instantiation_interface clock clock INPUT
2024.08.28.01:45:43 Info: set_instantiation_interface_parameter_value clock clockRate 0
2024.08.28.01:45:43 Info: set_instantiation_interface_parameter_value clock externallyDriven false
2024.08.28.01:45:43 Info: set_instantiation_interface_parameter_value clock ptfSchematicName 
2024.08.28.01:45:43 Info: add_instantiation_interface_port clock clk clk 1 standard logic Input
2024.08.28.01:45:43 Info: add_instantiation_interface reset reset INPUT
2024.08.28.01:45:43 Info: set_instantiation_interface_parameter_value reset associatedClock clock
2024.08.28.01:45:43 Info: set_instantiation_interface_parameter_value reset synchronousEdges DEASSERT
2024.08.28.01:45:43 Info: add_instantiation_interface_port reset rst_n reset_n 1 standard logic Input
2024.08.28.01:45:43 Info: add_instantiation_interface altera_axi4lite_slave axi4lite INPUT
2024.08.28.01:45:43 Info: set_instantiation_interface_parameter_value altera_axi4lite_slave associatedClock clock
2024.08.28.01:45:43 Info: set_instantiation_interface_parameter_value altera_axi4lite_slave associatedReset reset
2024.08.28.01:45:43 Info: set_instantiation_interface_parameter_value altera_axi4lite_slave bridgesToMaster 
2024.08.28.01:45:43 Info: set_instantiation_interface_parameter_value altera_axi4lite_slave combinedAcceptanceCapability 16
2024.08.28.01:45:43 Info: set_instantiation_interface_parameter_value altera_axi4lite_slave maximumOutstandingReads 16
2024.08.28.01:45:43 Info: set_instantiation_interface_parameter_value altera_axi4lite_slave maximumOutstandingTransactions 16
2024.08.28.01:45:43 Info: set_instantiation_interface_parameter_value altera_axi4lite_slave maximumOutstandingWrites 16/4
2024.08.28.01:45:43 Info: set_instantiation_interface_parameter_value altera_axi4lite_slave readAcceptanceCapability 16
2024.08.28.01:45:43 Info: set_instantiation_interface_parameter_value altera_axi4lite_slave readDataReorderingDepth 1
2024.08.28.01:45:43 Info: set_instantiation_interface_parameter_value altera_axi4lite_slave trustzoneAware true
2024.08.28.01:45:43 Info: set_instantiation_interface_parameter_value altera_axi4lite_slave writeAcceptanceCapability 16/4
2024.08.28.01:45:43 Info: add_instantiation_interface_port altera_axi4lite_slave s_awaddr awaddr 16 standard logic vector Input
2024.08.28.01:45:43 Info: add_instantiation_interface_port altera_axi4lite_slave s_awprot awprot 3 standard logic vector Input
2024.08.28.01:45:43 Info: add_instantiation_interface_port altera_axi4lite_slave s_awvalid awvalid 1 standard logic Input
2024.08.28.01:45:43 Info: add_instantiation_interface_port altera_axi4lite_slave s_awready awready 1 standard logic Output
2024.08.28.01:45:43 Info: add_instantiation_interface_port altera_axi4lite_slave s_wdata wdata 64 standard logic vector Input
2024.08.28.01:45:43 Info: add_instantiation_interface_port altera_axi4lite_slave s_wstrb wstrb 8 standard logic vector Input
2024.08.28.01:45:43 Info: add_instantiation_interface_port altera_axi4lite_slave s_wvalid wvalid 1 standard logic Input
2024.08.28.01:45:43 Info: add_instantiation_interface_port altera_axi4lite_slave s_wready wready 1 standard logic Output
2024.08.28.01:45:43 Info: add_instantiation_interface_port altera_axi4lite_slave s_bresp bresp 2 standard logic vector Output
2024.08.28.01:45:43 Info: add_instantiation_interface_port altera_axi4lite_slave s_bvalid bvalid 1 standard logic Output
2024.08.28.01:45:43 Info: add_instantiation_interface_port altera_axi4lite_slave s_bready bready 1 standard logic Input
2024.08.28.01:45:43 Info: add_instantiation_interface_port altera_axi4lite_slave s_araddr araddr 16 standard logic vector Input
2024.08.28.01:45:43 Info: add_instantiation_interface_port altera_axi4lite_slave s_arprot arprot 3 standard logic vector Input
2024.08.28.01:45:43 Info: add_instantiation_interface_port altera_axi4lite_slave s_arvalid arvalid 1 standard logic Input
2024.08.28.01:45:43 Info: add_instantiation_interface_port altera_axi4lite_slave s_arready arready 1 standard logic Output
2024.08.28.01:45:43 Info: add_instantiation_interface_port altera_axi4lite_slave s_rdata rdata 64 standard logic vector Output
2024.08.28.01:45:43 Info: add_instantiation_interface_port altera_axi4lite_slave s_rresp rresp 2 standard logic vector Output
2024.08.28.01:45:43 Info: add_instantiation_interface_port altera_axi4lite_slave s_rvalid rvalid 1 standard logic Output
2024.08.28.01:45:43 Info: add_instantiation_interface_port altera_axi4lite_slave s_rready rready 1 standard logic Input
2024.08.28.01:45:43 Info: add_instantiation_interface altera_axi4lite_master axi4lite OUTPUT
2024.08.28.01:45:43 Info: set_instantiation_interface_parameter_value altera_axi4lite_master associatedClock clock
2024.08.28.01:45:43 Info: set_instantiation_interface_parameter_value altera_axi4lite_master associatedReset reset
2024.08.28.01:45:43 Info: set_instantiation_interface_parameter_value altera_axi4lite_master combinedIssuingCapability 16
2024.08.28.01:45:43 Info: set_instantiation_interface_parameter_value altera_axi4lite_master maximumOutstandingReads 16
2024.08.28.01:45:43 Info: set_instantiation_interface_parameter_value altera_axi4lite_master maximumOutstandingTransactions 16
2024.08.28.01:45:43 Info: set_instantiation_interface_parameter_value altera_axi4lite_master maximumOutstandingWrites 16/4
2024.08.28.01:45:43 Info: set_instantiation_interface_parameter_value altera_axi4lite_master readIssuingCapability 16
2024.08.28.01:45:43 Info: set_instantiation_interface_parameter_value altera_axi4lite_master trustzoneAware true
2024.08.28.01:45:43 Info: set_instantiation_interface_parameter_value altera_axi4lite_master writeIssuingCapability 16/4
2024.08.28.01:45:43 Info: add_instantiation_interface_port altera_axi4lite_master m_awaddr awaddr 16 standard logic vector Output
2024.08.28.01:45:43 Info: add_instantiation_interface_port altera_axi4lite_master m_awprot awprot 3 standard logic vector Output
2024.08.28.01:45:43 Info: add_instantiation_interface_port altera_axi4lite_master m_awvalid awvalid 1 standard logic Output
2024.08.28.01:45:43 Info: add_instantiation_interface_port altera_axi4lite_master m_awready awready 1 standard logic Input
2024.08.28.01:45:43 Info: add_instantiation_interface_port altera_axi4lite_master m_wdata wdata 64 standard logic vector Output
2024.08.28.01:45:43 Info: add_instantiation_interface_port altera_axi4lite_master m_wstrb wstrb 8 standard logic vector Output
2024.08.28.01:45:43 Info: add_instantiation_interface_port altera_axi4lite_master m_wvalid wvalid 1 standard logic Output
2024.08.28.01:45:43 Info: add_instantiation_interface_port altera_axi4lite_master m_wready wready 1 standard logic Input
2024.08.28.01:45:43 Info: add_instantiation_interface_port altera_axi4lite_master m_bresp bresp 2 standard logic vector Input
2024.08.28.01:45:43 Info: add_instantiation_interface_port altera_axi4lite_master m_bvalid bvalid 1 standard logic Input
2024.08.28.01:45:43 Info: add_instantiation_interface_port altera_axi4lite_master m_bready bready 1 standard logic Output
2024.08.28.01:45:43 Info: add_instantiation_interface_port altera_axi4lite_master m_araddr araddr 16 standard logic vector Output
2024.08.28.01:45:43 Info: add_instantiation_interface_port altera_axi4lite_master m_arprot arprot 3 standard logic vector Output
2024.08.28.01:45:43 Info: add_instantiation_interface_port altera_axi4lite_master m_arvalid arvalid 1 standard logic Output
2024.08.28.01:45:43 Info: add_instantiation_interface_port altera_axi4lite_master m_arready arready 1 standard logic Input
2024.08.28.01:45:43 Info: add_instantiation_interface_port altera_axi4lite_master m_rdata rdata 64 standard logic vector Input
2024.08.28.01:45:43 Info: add_instantiation_interface_port altera_axi4lite_master m_rresp rresp 2 standard logic vector Input
2024.08.28.01:45:43 Info: add_instantiation_interface_port altera_axi4lite_master m_rvalid rvalid 1 standard logic Input
2024.08.28.01:45:43 Info: add_instantiation_interface_port altera_axi4lite_master m_rready rready 1 standard logic Output
2024.08.28.01:45:43 Info: save_instantiation 
2024.08.28.01:45:43 Info: add_component apf_bpf_mst ip/apf/apf_bpf_mst.ip axi4lite_shim apf_bpf_mst 1.0
2024.08.28.01:45:43 Info: apf_bpf_mst: Generic Component instance footprint reloaded.
2024.08.28.01:45:43 Info: load_component apf_bpf_mst
2024.08.28.01:45:43 Info: set_component_parameter_value AW 20
2024.08.28.01:45:43 Info: set_component_parameter_value DW 64
2024.08.28.01:45:43 Info: set_component_project_property HIDE_FROM_IP_CATALOG false
2024.08.28.01:45:43 Info: save_component 
2024.08.28.01:45:43 Info: load_instantiation apf_bpf_mst
2024.08.28.01:45:43 Info: remove_instantiation_interfaces_and_ports 
2024.08.28.01:45:43 Info: add_instantiation_interface clock clock INPUT
2024.08.28.01:45:43 Info: set_instantiation_interface_parameter_value clock clockRate 0
2024.08.28.01:45:43 Info: set_instantiation_interface_parameter_value clock externallyDriven false
2024.08.28.01:45:43 Info: set_instantiation_interface_parameter_value clock ptfSchematicName 
2024.08.28.01:45:43 Info: add_instantiation_interface_port clock clk clk 1 standard logic Input
2024.08.28.01:45:43 Info: add_instantiation_interface reset reset INPUT
2024.08.28.01:45:43 Info: set_instantiation_interface_parameter_value reset associatedClock clock
2024.08.28.01:45:43 Info: set_instantiation_interface_parameter_value reset synchronousEdges DEASSERT
2024.08.28.01:45:43 Info: add_instantiation_interface_port reset rst_n reset_n 1 standard logic Input
2024.08.28.01:45:43 Info: add_instantiation_interface altera_axi4lite_slave axi4lite INPUT
2024.08.28.01:45:43 Info: set_instantiation_interface_parameter_value altera_axi4lite_slave associatedClock clock
2024.08.28.01:45:43 Info: set_instantiation_interface_parameter_value altera_axi4lite_slave associatedReset reset
2024.08.28.01:45:43 Info: set_instantiation_interface_parameter_value altera_axi4lite_slave bridgesToMaster 
2024.08.28.01:45:43 Info: set_instantiation_interface_parameter_value altera_axi4lite_slave combinedAcceptanceCapability 16
2024.08.28.01:45:43 Info: set_instantiation_interface_parameter_value altera_axi4lite_slave maximumOutstandingReads 16
2024.08.28.01:45:43 Info: set_instantiation_interface_parameter_value altera_axi4lite_slave maximumOutstandingTransactions 16
2024.08.28.01:45:43 Info: set_instantiation_interface_parameter_value altera_axi4lite_slave maximumOutstandingWrites 16/4
2024.08.28.01:45:43 Info: set_instantiation_interface_parameter_value altera_axi4lite_slave readAcceptanceCapability 16
2024.08.28.01:45:43 Info: set_instantiation_interface_parameter_value altera_axi4lite_slave writeAcceptanceCapability 16/4
2024.08.28.01:45:43 Info: set_instantiation_interface_parameter_value altera_axi4lite_slave readDataReorderingDepth 1
2024.08.28.01:45:43 Info: set_instantiation_interface_parameter_value altera_axi4lite_slave trustzoneAware true
2024.08.28.01:45:43 Info: add_instantiation_interface_port altera_axi4lite_slave s_awaddr awaddr 20 standard logic vector Input
2024.08.28.01:45:43 Info: add_instantiation_interface_port altera_axi4lite_slave s_awprot awprot 3 standard logic vector Input
2024.08.28.01:45:43 Info: add_instantiation_interface_port altera_axi4lite_slave s_awvalid awvalid 1 standard logic Input
2024.08.28.01:45:43 Info: add_instantiation_interface_port altera_axi4lite_slave s_awready awready 1 standard logic Output
2024.08.28.01:45:43 Info: add_instantiation_interface_port altera_axi4lite_slave s_wdata wdata 64 standard logic vector Input
2024.08.28.01:45:43 Info: add_instantiation_interface_port altera_axi4lite_slave s_wstrb wstrb 8 standard logic vector Input
2024.08.28.01:45:43 Info: add_instantiation_interface_port altera_axi4lite_slave s_wvalid wvalid 1 standard logic Input
2024.08.28.01:45:43 Info: add_instantiation_interface_port altera_axi4lite_slave s_wready wready 1 standard logic Output
2024.08.28.01:45:43 Info: add_instantiation_interface_port altera_axi4lite_slave s_bresp bresp 2 standard logic vector Output
2024.08.28.01:45:43 Info: add_instantiation_interface_port altera_axi4lite_slave s_bvalid bvalid 1 standard logic Output
2024.08.28.01:45:43 Info: add_instantiation_interface_port altera_axi4lite_slave s_bready bready 1 standard logic Input
2024.08.28.01:45:43 Info: add_instantiation_interface_port altera_axi4lite_slave s_araddr araddr 20 standard logic vector Input
2024.08.28.01:45:43 Info: add_instantiation_interface_port altera_axi4lite_slave s_arprot arprot 3 standard logic vector Input
2024.08.28.01:45:43 Info: add_instantiation_interface_port altera_axi4lite_slave s_arvalid arvalid 1 standard logic Input
2024.08.28.01:45:43 Info: add_instantiation_interface_port altera_axi4lite_slave s_arready arready 1 standard logic Output
2024.08.28.01:45:43 Info: add_instantiation_interface_port altera_axi4lite_slave s_rdata rdata 64 standard logic vector Output
2024.08.28.01:45:43 Info: add_instantiation_interface_port altera_axi4lite_slave s_rresp rresp 2 standard logic vector Output
2024.08.28.01:45:43 Info: add_instantiation_interface_port altera_axi4lite_slave s_rvalid rvalid 1 standard logic Output
2024.08.28.01:45:43 Info: add_instantiation_interface_port altera_axi4lite_slave s_rready rready 1 standard logic Input
2024.08.28.01:45:43 Info: add_instantiation_interface altera_axi4lite_master axi4lite OUTPUT
2024.08.28.01:45:43 Info: set_instantiation_interface_parameter_value altera_axi4lite_master associatedClock clock
2024.08.28.01:45:43 Info: set_instantiation_interface_parameter_value altera_axi4lite_master associatedReset reset
2024.08.28.01:45:43 Info: set_instantiation_interface_parameter_value altera_axi4lite_master combinedIssuingCapability 16
2024.08.28.01:45:43 Info: set_instantiation_interface_parameter_value altera_axi4lite_master maximumOutstandingReads 16
2024.08.28.01:45:43 Info: set_instantiation_interface_parameter_value altera_axi4lite_master maximumOutstandingTransactions 16
2024.08.28.01:45:43 Info: set_instantiation_interface_parameter_value altera_axi4lite_master maximumOutstandingWrites 16/4
2024.08.28.01:45:43 Info: set_instantiation_interface_parameter_value altera_axi4lite_master readIssuingCapability 16
2024.08.28.01:45:43 Info: set_instantiation_interface_parameter_value altera_axi4lite_master trustzoneAware true
2024.08.28.01:45:43 Info: set_instantiation_interface_parameter_value altera_axi4lite_master writeIssuingCapability 16/4
2024.08.28.01:45:43 Info: add_instantiation_interface_port altera_axi4lite_master m_awaddr awaddr 20 standard logic vector Output
2024.08.28.01:45:43 Info: add_instantiation_interface_port altera_axi4lite_master m_awprot awprot 3 standard logic vector Output
2024.08.28.01:45:43 Info: add_instantiation_interface_port altera_axi4lite_master m_awvalid awvalid 1 standard logic Output
2024.08.28.01:45:43 Info: add_instantiation_interface_port altera_axi4lite_master m_awready awready 1 standard logic Input
2024.08.28.01:45:43 Info: add_instantiation_interface_port altera_axi4lite_master m_wdata wdata 64 standard logic vector Output
2024.08.28.01:45:43 Info: add_instantiation_interface_port altera_axi4lite_master m_wstrb wstrb 8 standard logic vector Output
2024.08.28.01:45:43 Info: add_instantiation_interface_port altera_axi4lite_master m_wvalid wvalid 1 standard logic Output
2024.08.28.01:45:43 Info: add_instantiation_interface_port altera_axi4lite_master m_wready wready 1 standard logic Input
2024.08.28.01:45:43 Info: add_instantiation_interface_port altera_axi4lite_master m_bresp bresp 2 standard logic vector Input
2024.08.28.01:45:43 Info: add_instantiation_interface_port altera_axi4lite_master m_bvalid bvalid 1 standard logic Input
2024.08.28.01:45:43 Info: add_instantiation_interface_port altera_axi4lite_master m_bready bready 1 standard logic Output
2024.08.28.01:45:43 Info: add_instantiation_interface_port altera_axi4lite_master m_araddr araddr 20 standard logic vector Output
2024.08.28.01:45:43 Info: add_instantiation_interface_port altera_axi4lite_master m_arprot arprot 3 standard logic vector Output
2024.08.28.01:45:43 Info: add_instantiation_interface_port altera_axi4lite_master m_arvalid arvalid 1 standard logic Output
2024.08.28.01:45:43 Info: add_instantiation_interface_port altera_axi4lite_master m_arready arready 1 standard logic Input
2024.08.28.01:45:43 Info: add_instantiation_interface_port altera_axi4lite_master m_rdata rdata 64 standard logic vector Input
2024.08.28.01:45:43 Info: add_instantiation_interface_port altera_axi4lite_master m_rresp rresp 2 standard logic vector Input
2024.08.28.01:45:43 Info: add_instantiation_interface_port altera_axi4lite_master m_rvalid rvalid 1 standard logic Input
2024.08.28.01:45:43 Info: add_instantiation_interface_port altera_axi4lite_master m_rready rready 1 standard logic Output
2024.08.28.01:45:43 Info: save_instantiation 
2024.08.28.01:45:43 Info: add_component apf_st2mm_mst ip/apf/apf_st2mm_mst.ip axi4lite_shim apf_st2mm_mst 1.0
2024.08.28.01:45:43 Info: apf_st2mm_mst: Generic Component instance footprint reloaded.
2024.08.28.01:45:43 Info: load_component apf_st2mm_mst
2024.08.28.01:45:43 Info: set_component_parameter_value AW 20
2024.08.28.01:45:43 Info: set_component_parameter_value DW 64
2024.08.28.01:45:43 Info: set_component_project_property HIDE_FROM_IP_CATALOG false
2024.08.28.01:45:43 Info: save_component 
2024.08.28.01:45:43 Info: load_instantiation apf_st2mm_mst
2024.08.28.01:45:43 Info: remove_instantiation_interfaces_and_ports 
2024.08.28.01:45:43 Info: add_instantiation_interface clock clock INPUT
2024.08.28.01:45:43 Info: set_instantiation_interface_parameter_value clock clockRate 0
2024.08.28.01:45:43 Info: set_instantiation_interface_parameter_value clock externallyDriven false
2024.08.28.01:45:43 Info: set_instantiation_interface_parameter_value clock ptfSchematicName 
2024.08.28.01:45:43 Info: add_instantiation_interface_port clock clk clk 1 standard logic Input
2024.08.28.01:45:43 Info: add_instantiation_interface reset reset INPUT
2024.08.28.01:45:43 Info: set_instantiation_interface_parameter_value reset associatedClock clock
2024.08.28.01:45:43 Info: set_instantiation_interface_parameter_value reset synchronousEdges DEASSERT
2024.08.28.01:45:43 Info: add_instantiation_interface_port reset rst_n reset_n 1 standard logic Input
2024.08.28.01:45:43 Info: add_instantiation_interface altera_axi4lite_slave axi4lite INPUT
2024.08.28.01:45:43 Info: set_instantiation_interface_parameter_value altera_axi4lite_slave associatedClock clock
2024.08.28.01:45:43 Info: set_instantiation_interface_parameter_value altera_axi4lite_slave associatedReset reset
2024.08.28.01:45:43 Info: set_instantiation_interface_parameter_value altera_axi4lite_slave bridgesToMaster 
2024.08.28.01:45:43 Info: set_instantiation_interface_parameter_value altera_axi4lite_slave combinedAcceptanceCapability 16
2024.08.28.01:45:43 Info: set_instantiation_interface_parameter_value altera_axi4lite_slave maximumOutstandingReads 16
2024.08.28.01:45:43 Info: set_instantiation_interface_parameter_value altera_axi4lite_slave maximumOutstandingTransactions 16
2024.08.28.01:45:43 Info: set_instantiation_interface_parameter_value altera_axi4lite_slave maximumOutstandingWrites 16/4
2024.08.28.01:45:43 Info: set_instantiation_interface_parameter_value altera_axi4lite_slave readAcceptanceCapability 16
2024.08.28.01:45:43 Info: set_instantiation_interface_parameter_value altera_axi4lite_slave writeAcceptanceCapability 16/4
2024.08.28.01:45:43 Info: set_instantiation_interface_parameter_value altera_axi4lite_slave readDataReorderingDepth 1
2024.08.28.01:45:43 Info: set_instantiation_interface_parameter_value altera_axi4lite_slave trustzoneAware true
2024.08.28.01:45:43 Info: add_instantiation_interface_port altera_axi4lite_slave s_awaddr awaddr 20 standard logic vector Input
2024.08.28.01:45:43 Info: add_instantiation_interface_port altera_axi4lite_slave s_awprot awprot 3 standard logic vector Input
2024.08.28.01:45:43 Info: add_instantiation_interface_port altera_axi4lite_slave s_awvalid awvalid 1 standard logic Input
2024.08.28.01:45:43 Info: add_instantiation_interface_port altera_axi4lite_slave s_awready awready 1 standard logic Output
2024.08.28.01:45:43 Info: add_instantiation_interface_port altera_axi4lite_slave s_wdata wdata 64 standard logic vector Input
2024.08.28.01:45:43 Info: add_instantiation_interface_port altera_axi4lite_slave s_wstrb wstrb 8 standard logic vector Input
2024.08.28.01:45:43 Info: add_instantiation_interface_port altera_axi4lite_slave s_wvalid wvalid 1 standard logic Input
2024.08.28.01:45:43 Info: add_instantiation_interface_port altera_axi4lite_slave s_wready wready 1 standard logic Output
2024.08.28.01:45:43 Info: add_instantiation_interface_port altera_axi4lite_slave s_bresp bresp 2 standard logic vector Output
2024.08.28.01:45:43 Info: add_instantiation_interface_port altera_axi4lite_slave s_bvalid bvalid 1 standard logic Output
2024.08.28.01:45:43 Info: add_instantiation_interface_port altera_axi4lite_slave s_bready bready 1 standard logic Input
2024.08.28.01:45:43 Info: add_instantiation_interface_port altera_axi4lite_slave s_araddr araddr 20 standard logic vector Input
2024.08.28.01:45:43 Info: add_instantiation_interface_port altera_axi4lite_slave s_arprot arprot 3 standard logic vector Input
2024.08.28.01:45:43 Info: add_instantiation_interface_port altera_axi4lite_slave s_arvalid arvalid 1 standard logic Input
2024.08.28.01:45:43 Info: add_instantiation_interface_port altera_axi4lite_slave s_arready arready 1 standard logic Output
2024.08.28.01:45:43 Info: add_instantiation_interface_port altera_axi4lite_slave s_rdata rdata 64 standard logic vector Output
2024.08.28.01:45:43 Info: add_instantiation_interface_port altera_axi4lite_slave s_rresp rresp 2 standard logic vector Output
2024.08.28.01:45:43 Info: add_instantiation_interface_port altera_axi4lite_slave s_rvalid rvalid 1 standard logic Output
2024.08.28.01:45:43 Info: add_instantiation_interface_port altera_axi4lite_slave s_rready rready 1 standard logic Input
2024.08.28.01:45:43 Info: add_instantiation_interface altera_axi4lite_master axi4lite OUTPUT
2024.08.28.01:45:43 Info: set_instantiation_interface_parameter_value altera_axi4lite_master associatedClock clock
2024.08.28.01:45:43 Info: set_instantiation_interface_parameter_value altera_axi4lite_master associatedReset reset
2024.08.28.01:45:43 Info: set_instantiation_interface_parameter_value altera_axi4lite_master combinedIssuingCapability 16
2024.08.28.01:45:43 Info: set_instantiation_interface_parameter_value altera_axi4lite_master maximumOutstandingReads 16
2024.08.28.01:45:43 Info: set_instantiation_interface_parameter_value altera_axi4lite_master maximumOutstandingTransactions 16
2024.08.28.01:45:43 Info: set_instantiation_interface_parameter_value altera_axi4lite_master maximumOutstandingWrites 16/4
2024.08.28.01:45:43 Info: set_instantiation_interface_parameter_value altera_axi4lite_master readIssuingCapability 16
2024.08.28.01:45:43 Info: set_instantiation_interface_parameter_value altera_axi4lite_master trustzoneAware true
2024.08.28.01:45:43 Info: set_instantiation_interface_parameter_value altera_axi4lite_master writeIssuingCapability 16/4
2024.08.28.01:45:43 Info: add_instantiation_interface_port altera_axi4lite_master m_awaddr awaddr 20 standard logic vector Output
2024.08.28.01:45:43 Info: add_instantiation_interface_port altera_axi4lite_master m_awprot awprot 3 standard logic vector Output
2024.08.28.01:45:43 Info: add_instantiation_interface_port altera_axi4lite_master m_awvalid awvalid 1 standard logic Output
2024.08.28.01:45:43 Info: add_instantiation_interface_port altera_axi4lite_master m_awready awready 1 standard logic Input
2024.08.28.01:45:43 Info: add_instantiation_interface_port altera_axi4lite_master m_wdata wdata 64 standard logic vector Output
2024.08.28.01:45:43 Info: add_instantiation_interface_port altera_axi4lite_master m_wstrb wstrb 8 standard logic vector Output
2024.08.28.01:45:43 Info: add_instantiation_interface_port altera_axi4lite_master m_wvalid wvalid 1 standard logic Output
2024.08.28.01:45:43 Info: add_instantiation_interface_port altera_axi4lite_master m_wready wready 1 standard logic Input
2024.08.28.01:45:43 Info: add_instantiation_interface_port altera_axi4lite_master m_bresp bresp 2 standard logic vector Input
2024.08.28.01:45:43 Info: add_instantiation_interface_port altera_axi4lite_master m_bvalid bvalid 1 standard logic Input
2024.08.28.01:45:43 Info: add_instantiation_interface_port altera_axi4lite_master m_bready bready 1 standard logic Output
2024.08.28.01:45:43 Info: add_instantiation_interface_port altera_axi4lite_master m_araddr araddr 20 standard logic vector Output
2024.08.28.01:45:43 Info: add_instantiation_interface_port altera_axi4lite_master m_arprot arprot 3 standard logic vector Output
2024.08.28.01:45:43 Info: add_instantiation_interface_port altera_axi4lite_master m_arvalid arvalid 1 standard logic Output
2024.08.28.01:45:43 Info: add_instantiation_interface_port altera_axi4lite_master m_arready arready 1 standard logic Input
2024.08.28.01:45:43 Info: add_instantiation_interface_port altera_axi4lite_master m_rdata rdata 64 standard logic vector Input
2024.08.28.01:45:43 Info: add_instantiation_interface_port altera_axi4lite_master m_rresp rresp 2 standard logic vector Input
2024.08.28.01:45:43 Info: add_instantiation_interface_port altera_axi4lite_master m_rvalid rvalid 1 standard logic Input
2024.08.28.01:45:43 Info: add_instantiation_interface_port altera_axi4lite_master m_rready rready 1 standard logic Output
2024.08.28.01:45:43 Info: save_instantiation 
2024.08.28.01:45:43 Info: add_component apf_mctp_mst ip/apf/apf_mctp_mst.ip axi4lite_shim apf_mctp_mst 1.0
2024.08.28.01:45:43 Info: apf_mctp_mst: Generic Component instance footprint reloaded.
2024.08.28.01:45:43 Info: load_component apf_mctp_mst
2024.08.28.01:45:43 Info: set_component_parameter_value AW 20
2024.08.28.01:45:43 Info: set_component_parameter_value DW 64
2024.08.28.01:45:43 Info: set_component_project_property HIDE_FROM_IP_CATALOG false
2024.08.28.01:45:43 Info: save_component 
2024.08.28.01:45:43 Info: load_instantiation apf_mctp_mst
2024.08.28.01:45:43 Info: remove_instantiation_interfaces_and_ports 
2024.08.28.01:45:43 Info: add_instantiation_interface clock clock INPUT
2024.08.28.01:45:43 Info: set_instantiation_interface_parameter_value clock clockRate 0
2024.08.28.01:45:43 Info: set_instantiation_interface_parameter_value clock externallyDriven false
2024.08.28.01:45:43 Info: set_instantiation_interface_parameter_value clock ptfSchematicName 
2024.08.28.01:45:43 Info: add_instantiation_interface_port clock clk clk 1 standard logic Input
2024.08.28.01:45:43 Info: add_instantiation_interface reset reset INPUT
2024.08.28.01:45:43 Info: set_instantiation_interface_parameter_value reset associatedClock clock
2024.08.28.01:45:43 Info: set_instantiation_interface_parameter_value reset synchronousEdges DEASSERT
2024.08.28.01:45:43 Info: add_instantiation_interface_port reset rst_n reset_n 1 standard logic Input
2024.08.28.01:45:43 Info: add_instantiation_interface altera_axi4lite_slave axi4lite INPUT
2024.08.28.01:45:43 Info: set_instantiation_interface_parameter_value altera_axi4lite_slave associatedClock clock
2024.08.28.01:45:43 Info: set_instantiation_interface_parameter_value altera_axi4lite_slave associatedReset reset
2024.08.28.01:45:43 Info: set_instantiation_interface_parameter_value altera_axi4lite_slave bridgesToMaster 
2024.08.28.01:45:43 Info: set_instantiation_interface_parameter_value altera_axi4lite_slave combinedAcceptanceCapability 16
2024.08.28.01:45:43 Info: set_instantiation_interface_parameter_value altera_axi4lite_slave maximumOutstandingReads 16
2024.08.28.01:45:43 Info: set_instantiation_interface_parameter_value altera_axi4lite_slave maximumOutstandingTransactions 16
2024.08.28.01:45:43 Info: set_instantiation_interface_parameter_value altera_axi4lite_slave maximumOutstandingWrites 16/4
2024.08.28.01:45:43 Info: set_instantiation_interface_parameter_value altera_axi4lite_slave readAcceptanceCapability 16
2024.08.28.01:45:43 Info: set_instantiation_interface_parameter_value altera_axi4lite_slave writeAcceptanceCapability 16/4
2024.08.28.01:45:43 Info: set_instantiation_interface_parameter_value altera_axi4lite_slave readDataReorderingDepth 1
2024.08.28.01:45:43 Info: set_instantiation_interface_parameter_value altera_axi4lite_slave trustzoneAware true
2024.08.28.01:45:43 Info: add_instantiation_interface_port altera_axi4lite_slave s_awaddr awaddr 20 standard logic vector Input
2024.08.28.01:45:43 Info: add_instantiation_interface_port altera_axi4lite_slave s_awprot awprot 3 standard logic vector Input
2024.08.28.01:45:43 Info: add_instantiation_interface_port altera_axi4lite_slave s_awvalid awvalid 1 standard logic Input
2024.08.28.01:45:43 Info: add_instantiation_interface_port altera_axi4lite_slave s_awready awready 1 standard logic Output
2024.08.28.01:45:43 Info: add_instantiation_interface_port altera_axi4lite_slave s_wdata wdata 64 standard logic vector Input
2024.08.28.01:45:43 Info: add_instantiation_interface_port altera_axi4lite_slave s_wstrb wstrb 8 standard logic vector Input
2024.08.28.01:45:43 Info: add_instantiation_interface_port altera_axi4lite_slave s_wvalid wvalid 1 standard logic Input
2024.08.28.01:45:43 Info: add_instantiation_interface_port altera_axi4lite_slave s_wready wready 1 standard logic Output
2024.08.28.01:45:43 Info: add_instantiation_interface_port altera_axi4lite_slave s_bresp bresp 2 standard logic vector Output
2024.08.28.01:45:43 Info: add_instantiation_interface_port altera_axi4lite_slave s_bvalid bvalid 1 standard logic Output
2024.08.28.01:45:43 Info: add_instantiation_interface_port altera_axi4lite_slave s_bready bready 1 standard logic Input
2024.08.28.01:45:43 Info: add_instantiation_interface_port altera_axi4lite_slave s_araddr araddr 20 standard logic vector Input
2024.08.28.01:45:43 Info: add_instantiation_interface_port altera_axi4lite_slave s_arprot arprot 3 standard logic vector Input
2024.08.28.01:45:43 Info: add_instantiation_interface_port altera_axi4lite_slave s_arvalid arvalid 1 standard logic Input
2024.08.28.01:45:43 Info: add_instantiation_interface_port altera_axi4lite_slave s_arready arready 1 standard logic Output
2024.08.28.01:45:43 Info: add_instantiation_interface_port altera_axi4lite_slave s_rdata rdata 64 standard logic vector Output
2024.08.28.01:45:43 Info: add_instantiation_interface_port altera_axi4lite_slave s_rresp rresp 2 standard logic vector Output
2024.08.28.01:45:43 Info: add_instantiation_interface_port altera_axi4lite_slave s_rvalid rvalid 1 standard logic Output
2024.08.28.01:45:43 Info: add_instantiation_interface_port altera_axi4lite_slave s_rready rready 1 standard logic Input
2024.08.28.01:45:43 Info: add_instantiation_interface altera_axi4lite_master axi4lite OUTPUT
2024.08.28.01:45:43 Info: set_instantiation_interface_parameter_value altera_axi4lite_master associatedClock clock
2024.08.28.01:45:43 Info: set_instantiation_interface_parameter_value altera_axi4lite_master associatedReset reset
2024.08.28.01:45:43 Info: set_instantiation_interface_parameter_value altera_axi4lite_master combinedIssuingCapability 16
2024.08.28.01:45:43 Info: set_instantiation_interface_parameter_value altera_axi4lite_master maximumOutstandingReads 16
2024.08.28.01:45:43 Info: set_instantiation_interface_parameter_value altera_axi4lite_master maximumOutstandingTransactions 16
2024.08.28.01:45:43 Info: set_instantiation_interface_parameter_value altera_axi4lite_master maximumOutstandingWrites 16/4
2024.08.28.01:45:43 Info: set_instantiation_interface_parameter_value altera_axi4lite_master readIssuingCapability 16
2024.08.28.01:45:43 Info: set_instantiation_interface_parameter_value altera_axi4lite_master trustzoneAware true
2024.08.28.01:45:43 Info: set_instantiation_interface_parameter_value altera_axi4lite_master writeIssuingCapability 16/4
2024.08.28.01:45:43 Info: add_instantiation_interface_port altera_axi4lite_master m_awaddr awaddr 20 standard logic vector Output
2024.08.28.01:45:43 Info: add_instantiation_interface_port altera_axi4lite_master m_awprot awprot 3 standard logic vector Output
2024.08.28.01:45:43 Info: add_instantiation_interface_port altera_axi4lite_master m_awvalid awvalid 1 standard logic Output
2024.08.28.01:45:43 Info: add_instantiation_interface_port altera_axi4lite_master m_awready awready 1 standard logic Input
2024.08.28.01:45:43 Info: add_instantiation_interface_port altera_axi4lite_master m_wdata wdata 64 standard logic vector Output
2024.08.28.01:45:43 Info: add_instantiation_interface_port altera_axi4lite_master m_wstrb wstrb 8 standard logic vector Output
2024.08.28.01:45:43 Info: add_instantiation_interface_port altera_axi4lite_master m_wvalid wvalid 1 standard logic Output
2024.08.28.01:45:43 Info: add_instantiation_interface_port altera_axi4lite_master m_wready wready 1 standard logic Input
2024.08.28.01:45:43 Info: add_instantiation_interface_port altera_axi4lite_master m_bresp bresp 2 standard logic vector Input
2024.08.28.01:45:43 Info: add_instantiation_interface_port altera_axi4lite_master m_bvalid bvalid 1 standard logic Input
2024.08.28.01:45:43 Info: add_instantiation_interface_port altera_axi4lite_master m_bready bready 1 standard logic Output
2024.08.28.01:45:43 Info: add_instantiation_interface_port altera_axi4lite_master m_araddr araddr 20 standard logic vector Output
2024.08.28.01:45:43 Info: add_instantiation_interface_port altera_axi4lite_master m_arprot arprot 3 standard logic vector Output
2024.08.28.01:45:43 Info: add_instantiation_interface_port altera_axi4lite_master m_arvalid arvalid 1 standard logic Output
2024.08.28.01:45:43 Info: add_instantiation_interface_port altera_axi4lite_master m_arready arready 1 standard logic Input
2024.08.28.01:45:43 Info: add_instantiation_interface_port altera_axi4lite_master m_rdata rdata 64 standard logic vector Input
2024.08.28.01:45:43 Info: add_instantiation_interface_port altera_axi4lite_master m_rresp rresp 2 standard logic vector Input
2024.08.28.01:45:43 Info: add_instantiation_interface_port altera_axi4lite_master m_rvalid rvalid 1 standard logic Input
2024.08.28.01:45:43 Info: add_instantiation_interface_port altera_axi4lite_master m_rready rready 1 standard logic Output
2024.08.28.01:45:43 Info: save_instantiation 
2024.08.28.01:45:43 Info: add_component apf_uart_mst ip/apf/apf_uart_mst.ip axi4lite_shim apf_uart_mst 1.0
2024.08.28.01:45:43 Info: apf_uart_mst: Generic Component instance footprint reloaded.
2024.08.28.01:45:43 Info: load_component apf_uart_mst
2024.08.28.01:45:43 Info: set_component_parameter_value AW 20
2024.08.28.01:45:43 Info: set_component_parameter_value DW 64
2024.08.28.01:45:43 Info: set_component_project_property HIDE_FROM_IP_CATALOG false
2024.08.28.01:45:43 Info: save_component 
2024.08.28.01:45:43 Info: load_instantiation apf_uart_mst
2024.08.28.01:45:43 Info: remove_instantiation_interfaces_and_ports 
2024.08.28.01:45:43 Info: add_instantiation_interface clock clock INPUT
2024.08.28.01:45:43 Info: set_instantiation_interface_parameter_value clock clockRate 0
2024.08.28.01:45:43 Info: set_instantiation_interface_parameter_value clock externallyDriven false
2024.08.28.01:45:43 Info: set_instantiation_interface_parameter_value clock ptfSchematicName 
2024.08.28.01:45:43 Info: add_instantiation_interface_port clock clk clk 1 standard logic Input
2024.08.28.01:45:43 Info: add_instantiation_interface reset reset INPUT
2024.08.28.01:45:43 Info: set_instantiation_interface_parameter_value reset associatedClock clock
2024.08.28.01:45:43 Info: set_instantiation_interface_parameter_value reset synchronousEdges DEASSERT
2024.08.28.01:45:43 Info: add_instantiation_interface_port reset rst_n reset_n 1 standard logic Input
2024.08.28.01:45:43 Info: add_instantiation_interface altera_axi4lite_slave axi4lite INPUT
2024.08.28.01:45:43 Info: set_instantiation_interface_parameter_value altera_axi4lite_slave associatedClock clock
2024.08.28.01:45:43 Info: set_instantiation_interface_parameter_value altera_axi4lite_slave associatedReset reset
2024.08.28.01:45:43 Info: set_instantiation_interface_parameter_value altera_axi4lite_slave bridgesToMaster 
2024.08.28.01:45:43 Info: set_instantiation_interface_parameter_value altera_axi4lite_slave combinedAcceptanceCapability 16
2024.08.28.01:45:43 Info: set_instantiation_interface_parameter_value altera_axi4lite_slave maximumOutstandingReads 16
2024.08.28.01:45:43 Info: set_instantiation_interface_parameter_value altera_axi4lite_slave maximumOutstandingTransactions 16
2024.08.28.01:45:43 Info: set_instantiation_interface_parameter_value altera_axi4lite_slave maximumOutstandingWrites 16/4
2024.08.28.01:45:43 Info: set_instantiation_interface_parameter_value altera_axi4lite_slave readAcceptanceCapability 16
2024.08.28.01:45:43 Info: set_instantiation_interface_parameter_value altera_axi4lite_slave writeAcceptanceCapability 16/4
2024.08.28.01:45:43 Info: set_instantiation_interface_parameter_value altera_axi4lite_slave readDataReorderingDepth 1
2024.08.28.01:45:43 Info: set_instantiation_interface_parameter_value altera_axi4lite_slave trustzoneAware true
2024.08.28.01:45:43 Info: add_instantiation_interface_port altera_axi4lite_slave s_awaddr awaddr 20 standard logic vector Input
2024.08.28.01:45:43 Info: add_instantiation_interface_port altera_axi4lite_slave s_awprot awprot 3 standard logic vector Input
2024.08.28.01:45:43 Info: add_instantiation_interface_port altera_axi4lite_slave s_awvalid awvalid 1 standard logic Input
2024.08.28.01:45:43 Info: add_instantiation_interface_port altera_axi4lite_slave s_awready awready 1 standard logic Output
2024.08.28.01:45:43 Info: add_instantiation_interface_port altera_axi4lite_slave s_wdata wdata 64 standard logic vector Input
2024.08.28.01:45:43 Info: add_instantiation_interface_port altera_axi4lite_slave s_wstrb wstrb 8 standard logic vector Input
2024.08.28.01:45:43 Info: add_instantiation_interface_port altera_axi4lite_slave s_wvalid wvalid 1 standard logic Input
2024.08.28.01:45:43 Info: add_instantiation_interface_port altera_axi4lite_slave s_wready wready 1 standard logic Output
2024.08.28.01:45:43 Info: add_instantiation_interface_port altera_axi4lite_slave s_bresp bresp 2 standard logic vector Output
2024.08.28.01:45:43 Info: add_instantiation_interface_port altera_axi4lite_slave s_bvalid bvalid 1 standard logic Output
2024.08.28.01:45:43 Info: add_instantiation_interface_port altera_axi4lite_slave s_bready bready 1 standard logic Input
2024.08.28.01:45:43 Info: add_instantiation_interface_port altera_axi4lite_slave s_araddr araddr 20 standard logic vector Input
2024.08.28.01:45:43 Info: add_instantiation_interface_port altera_axi4lite_slave s_arprot arprot 3 standard logic vector Input
2024.08.28.01:45:43 Info: add_instantiation_interface_port altera_axi4lite_slave s_arvalid arvalid 1 standard logic Input
2024.08.28.01:45:43 Info: add_instantiation_interface_port altera_axi4lite_slave s_arready arready 1 standard logic Output
2024.08.28.01:45:43 Info: add_instantiation_interface_port altera_axi4lite_slave s_rdata rdata 64 standard logic vector Output
2024.08.28.01:45:43 Info: add_instantiation_interface_port altera_axi4lite_slave s_rresp rresp 2 standard logic vector Output
2024.08.28.01:45:43 Info: add_instantiation_interface_port altera_axi4lite_slave s_rvalid rvalid 1 standard logic Output
2024.08.28.01:45:43 Info: add_instantiation_interface_port altera_axi4lite_slave s_rready rready 1 standard logic Input
2024.08.28.01:45:43 Info: add_instantiation_interface altera_axi4lite_master axi4lite OUTPUT
2024.08.28.01:45:43 Info: set_instantiation_interface_parameter_value altera_axi4lite_master associatedClock clock
2024.08.28.01:45:43 Info: set_instantiation_interface_parameter_value altera_axi4lite_master associatedReset reset
2024.08.28.01:45:43 Info: set_instantiation_interface_parameter_value altera_axi4lite_master combinedIssuingCapability 16
2024.08.28.01:45:43 Info: set_instantiation_interface_parameter_value altera_axi4lite_master maximumOutstandingReads 16
2024.08.28.01:45:43 Info: set_instantiation_interface_parameter_value altera_axi4lite_master maximumOutstandingTransactions 16
2024.08.28.01:45:43 Info: set_instantiation_interface_parameter_value altera_axi4lite_master maximumOutstandingWrites 16/4
2024.08.28.01:45:43 Info: set_instantiation_interface_parameter_value altera_axi4lite_master readIssuingCapability 16
2024.08.28.01:45:43 Info: set_instantiation_interface_parameter_value altera_axi4lite_master trustzoneAware true
2024.08.28.01:45:43 Info: set_instantiation_interface_parameter_value altera_axi4lite_master writeIssuingCapability 16/4
2024.08.28.01:45:43 Info: add_instantiation_interface_port altera_axi4lite_master m_awaddr awaddr 20 standard logic vector Output
2024.08.28.01:45:43 Info: add_instantiation_interface_port altera_axi4lite_master m_awprot awprot 3 standard logic vector Output
2024.08.28.01:45:43 Info: add_instantiation_interface_port altera_axi4lite_master m_awvalid awvalid 1 standard logic Output
2024.08.28.01:45:43 Info: add_instantiation_interface_port altera_axi4lite_master m_awready awready 1 standard logic Input
2024.08.28.01:45:43 Info: add_instantiation_interface_port altera_axi4lite_master m_wdata wdata 64 standard logic vector Output
2024.08.28.01:45:43 Info: add_instantiation_interface_port altera_axi4lite_master m_wstrb wstrb 8 standard logic vector Output
2024.08.28.01:45:43 Info: add_instantiation_interface_port altera_axi4lite_master m_wvalid wvalid 1 standard logic Output
2024.08.28.01:45:43 Info: add_instantiation_interface_port altera_axi4lite_master m_wready wready 1 standard logic Input
2024.08.28.01:45:43 Info: add_instantiation_interface_port altera_axi4lite_master m_bresp bresp 2 standard logic vector Input
2024.08.28.01:45:43 Info: add_instantiation_interface_port altera_axi4lite_master m_bvalid bvalid 1 standard logic Input
2024.08.28.01:45:43 Info: add_instantiation_interface_port altera_axi4lite_master m_bready bready 1 standard logic Output
2024.08.28.01:45:43 Info: add_instantiation_interface_port altera_axi4lite_master m_araddr araddr 20 standard logic vector Output
2024.08.28.01:45:43 Info: add_instantiation_interface_port altera_axi4lite_master m_arprot arprot 3 standard logic vector Output
2024.08.28.01:45:43 Info: add_instantiation_interface_port altera_axi4lite_master m_arvalid arvalid 1 standard logic Output
2024.08.28.01:45:43 Info: add_instantiation_interface_port altera_axi4lite_master m_arready arready 1 standard logic Input
2024.08.28.01:45:43 Info: add_instantiation_interface_port altera_axi4lite_master m_rdata rdata 64 standard logic vector Input
2024.08.28.01:45:43 Info: add_instantiation_interface_port altera_axi4lite_master m_rresp rresp 2 standard logic vector Input
2024.08.28.01:45:43 Info: add_instantiation_interface_port altera_axi4lite_master m_rvalid rvalid 1 standard logic Input
2024.08.28.01:45:43 Info: add_instantiation_interface_port altera_axi4lite_master m_rready rready 1 standard logic Output
2024.08.28.01:45:43 Info: save_instantiation 
2024.08.28.01:45:43 Info: add_connection apf_clock_bridge.out_clk/apf_bpf_slv.clock
2024.08.28.01:45:43 Info: set_connection_parameter_value apf_clock_bridge.out_clk/apf_bpf_slv.clock clockDomainSysInfo -1
2024.08.28.01:45:43 Info: set_connection_parameter_value apf_clock_bridge.out_clk/apf_bpf_slv.clock clockRateSysInfo 
2024.08.28.01:45:43 Info: set_connection_parameter_value apf_clock_bridge.out_clk/apf_bpf_slv.clock clockResetSysInfo 
2024.08.28.01:45:43 Info: set_connection_parameter_value apf_clock_bridge.out_clk/apf_bpf_slv.clock resetDomainSysInfo -1
2024.08.28.01:45:43 Info: add_connection apf_reset_bridge.out_reset/apf_bpf_slv.reset
2024.08.28.01:45:43 Info: set_connection_parameter_value apf_reset_bridge.out_reset/apf_bpf_slv.reset clockDomainSysInfo -1
2024.08.28.01:45:43 Info: set_connection_parameter_value apf_reset_bridge.out_reset/apf_bpf_slv.reset clockResetSysInfo 
2024.08.28.01:45:43 Info: set_connection_parameter_value apf_reset_bridge.out_reset/apf_bpf_slv.reset resetDomainSysInfo -1
2024.08.28.01:45:43 Info: add_connection apf_clock_bridge.out_clk/apf_st2mm_slv.clock
2024.08.28.01:45:43 Info: set_connection_parameter_value apf_clock_bridge.out_clk/apf_st2mm_slv.clock clockDomainSysInfo -1
2024.08.28.01:45:43 Info: set_connection_parameter_value apf_clock_bridge.out_clk/apf_st2mm_slv.clock clockRateSysInfo 
2024.08.28.01:45:43 Info: set_connection_parameter_value apf_clock_bridge.out_clk/apf_st2mm_slv.clock clockResetSysInfo 
2024.08.28.01:45:43 Info: set_connection_parameter_value apf_clock_bridge.out_clk/apf_st2mm_slv.clock resetDomainSysInfo -1
2024.08.28.01:45:43 Info: add_connection apf_reset_bridge.out_reset/apf_st2mm_slv.reset
2024.08.28.01:45:43 Info: set_connection_parameter_value apf_reset_bridge.out_reset/apf_st2mm_slv.reset clockDomainSysInfo -1
2024.08.28.01:45:43 Info: set_connection_parameter_value apf_reset_bridge.out_reset/apf_st2mm_slv.reset clockResetSysInfo 
2024.08.28.01:45:43 Info: set_connection_parameter_value apf_reset_bridge.out_reset/apf_st2mm_slv.reset resetDomainSysInfo -1
2024.08.28.01:45:43 Info: add_connection apf_clock_bridge.out_clk/apf_uart_slv.clock
2024.08.28.01:45:43 Info: set_connection_parameter_value apf_clock_bridge.out_clk/apf_uart_slv.clock clockDomainSysInfo -1
2024.08.28.01:45:43 Info: set_connection_parameter_value apf_clock_bridge.out_clk/apf_uart_slv.clock clockRateSysInfo 
2024.08.28.01:45:43 Info: set_connection_parameter_value apf_clock_bridge.out_clk/apf_uart_slv.clock clockResetSysInfo 
2024.08.28.01:45:43 Info: set_connection_parameter_value apf_clock_bridge.out_clk/apf_uart_slv.clock resetDomainSysInfo -1
2024.08.28.01:45:43 Info: add_connection apf_reset_bridge.out_reset/apf_uart_slv.reset
2024.08.28.01:45:43 Info: set_connection_parameter_value apf_reset_bridge.out_reset/apf_uart_slv.reset clockDomainSysInfo -1
2024.08.28.01:45:43 Info: set_connection_parameter_value apf_reset_bridge.out_reset/apf_uart_slv.reset clockResetSysInfo 
2024.08.28.01:45:43 Info: set_connection_parameter_value apf_reset_bridge.out_reset/apf_uart_slv.reset resetDomainSysInfo -1
2024.08.28.01:45:43 Info: add_connection apf_clock_bridge.out_clk/apf_pr_slv.clock
2024.08.28.01:45:43 Info: set_connection_parameter_value apf_clock_bridge.out_clk/apf_pr_slv.clock clockDomainSysInfo -1
2024.08.28.01:45:43 Info: set_connection_parameter_value apf_clock_bridge.out_clk/apf_pr_slv.clock clockRateSysInfo 
2024.08.28.01:45:43 Info: set_connection_parameter_value apf_clock_bridge.out_clk/apf_pr_slv.clock clockResetSysInfo 
2024.08.28.01:45:43 Info: set_connection_parameter_value apf_clock_bridge.out_clk/apf_pr_slv.clock resetDomainSysInfo -1
2024.08.28.01:45:43 Info: add_connection apf_reset_bridge.out_reset/apf_pr_slv.reset
2024.08.28.01:45:43 Info: set_connection_parameter_value apf_reset_bridge.out_reset/apf_pr_slv.reset clockDomainSysInfo -1
2024.08.28.01:45:43 Info: set_connection_parameter_value apf_reset_bridge.out_reset/apf_pr_slv.reset clockResetSysInfo 
2024.08.28.01:45:43 Info: set_connection_parameter_value apf_reset_bridge.out_reset/apf_pr_slv.reset resetDomainSysInfo -1
2024.08.28.01:45:43 Info: add_connection apf_clock_bridge.out_clk/apf_achk_slv.clock
2024.08.28.01:45:43 Info: set_connection_parameter_value apf_clock_bridge.out_clk/apf_achk_slv.clock clockDomainSysInfo -1
2024.08.28.01:45:43 Info: set_connection_parameter_value apf_clock_bridge.out_clk/apf_achk_slv.clock clockRateSysInfo 
2024.08.28.01:45:43 Info: set_connection_parameter_value apf_clock_bridge.out_clk/apf_achk_slv.clock clockResetSysInfo 
2024.08.28.01:45:43 Info: set_connection_parameter_value apf_clock_bridge.out_clk/apf_achk_slv.clock resetDomainSysInfo -1
2024.08.28.01:45:43 Info: add_connection apf_reset_bridge.out_reset/apf_achk_slv.reset
2024.08.28.01:45:43 Info: set_connection_parameter_value apf_reset_bridge.out_reset/apf_achk_slv.reset clockDomainSysInfo -1
2024.08.28.01:45:43 Info: set_connection_parameter_value apf_reset_bridge.out_reset/apf_achk_slv.reset clockResetSysInfo 
2024.08.28.01:45:43 Info: set_connection_parameter_value apf_reset_bridge.out_reset/apf_achk_slv.reset resetDomainSysInfo -1
2024.08.28.01:45:43 Info: add_connection apf_clock_bridge.out_clk/apf_pr_2_slv.clock
2024.08.28.01:45:43 Info: set_connection_parameter_value apf_clock_bridge.out_clk/apf_pr_2_slv.clock clockDomainSysInfo -1
2024.08.28.01:45:43 Info: set_connection_parameter_value apf_clock_bridge.out_clk/apf_pr_2_slv.clock clockRateSysInfo 
2024.08.28.01:45:43 Info: set_connection_parameter_value apf_clock_bridge.out_clk/apf_pr_2_slv.clock clockResetSysInfo 
2024.08.28.01:45:43 Info: set_connection_parameter_value apf_clock_bridge.out_clk/apf_pr_2_slv.clock resetDomainSysInfo -1
2024.08.28.01:45:43 Info: add_connection apf_reset_bridge.out_reset/apf_pr_2_slv.reset
2024.08.28.01:45:43 Info: set_connection_parameter_value apf_reset_bridge.out_reset/apf_pr_2_slv.reset clockDomainSysInfo -1
2024.08.28.01:45:43 Info: set_connection_parameter_value apf_reset_bridge.out_reset/apf_pr_2_slv.reset clockResetSysInfo 
2024.08.28.01:45:43 Info: set_connection_parameter_value apf_reset_bridge.out_reset/apf_pr_2_slv.reset resetDomainSysInfo -1
2024.08.28.01:45:43 Info: add_connection apf_clock_bridge.out_clk/apf_bpf_mst.clock
2024.08.28.01:45:43 Info: set_connection_parameter_value apf_clock_bridge.out_clk/apf_bpf_mst.clock clockDomainSysInfo -1
2024.08.28.01:45:43 Info: set_connection_parameter_value apf_clock_bridge.out_clk/apf_bpf_mst.clock clockRateSysInfo 
2024.08.28.01:45:43 Info: set_connection_parameter_value apf_clock_bridge.out_clk/apf_bpf_mst.clock clockResetSysInfo 
2024.08.28.01:45:43 Info: set_connection_parameter_value apf_clock_bridge.out_clk/apf_bpf_mst.clock resetDomainSysInfo -1
2024.08.28.01:45:43 Info: add_connection apf_reset_bridge.out_reset/apf_bpf_mst.reset
2024.08.28.01:45:43 Info: set_connection_parameter_value apf_reset_bridge.out_reset/apf_bpf_mst.reset clockDomainSysInfo -1
2024.08.28.01:45:43 Info: set_connection_parameter_value apf_reset_bridge.out_reset/apf_bpf_mst.reset clockResetSysInfo 
2024.08.28.01:45:43 Info: set_connection_parameter_value apf_reset_bridge.out_reset/apf_bpf_mst.reset resetDomainSysInfo -1
2024.08.28.01:45:43 Info: add_connection apf_bpf_mst.altera_axi4lite_master/apf_default_slv.altera_axi4lite_slave
2024.08.28.01:45:43 Info: set_connection_parameter_value apf_bpf_mst.altera_axi4lite_master/apf_default_slv.altera_axi4lite_slave addressMapSysInfo 
2024.08.28.01:45:43 Info: set_connection_parameter_value apf_bpf_mst.altera_axi4lite_master/apf_default_slv.altera_axi4lite_slave addressWidthSysInfo 
2024.08.28.01:45:43 Info: set_connection_parameter_value apf_bpf_mst.altera_axi4lite_master/apf_default_slv.altera_axi4lite_slave arbitrationPriority 1
2024.08.28.01:45:43 Info: set_connection_parameter_value apf_bpf_mst.altera_axi4lite_master/apf_default_slv.altera_axi4lite_slave baseAddress 0x0000
2024.08.28.01:45:43 Info: set_connection_parameter_value apf_bpf_mst.altera_axi4lite_master/apf_default_slv.altera_axi4lite_slave defaultConnection 1
2024.08.28.01:45:43 Info: set_connection_parameter_value apf_bpf_mst.altera_axi4lite_master/apf_default_slv.altera_axi4lite_slave domainAlias 
2024.08.28.01:45:43 Info: set_connection_parameter_value apf_bpf_mst.altera_axi4lite_master/apf_default_slv.altera_axi4lite_slave qsys_mm.burstAdapterImplementation GENERIC_CONVERTER
2024.08.28.01:45:43 Info: set_connection_parameter_value apf_bpf_mst.altera_axi4lite_master/apf_default_slv.altera_axi4lite_slave qsys_mm.clockCrossingAdapter HANDSHAKE
2024.08.28.01:45:43 Info: set_connection_parameter_value apf_bpf_mst.altera_axi4lite_master/apf_default_slv.altera_axi4lite_slave qsys_mm.enableAllPipelines FALSE
2024.08.28.01:45:43 Info: set_connection_parameter_value apf_bpf_mst.altera_axi4lite_master/apf_default_slv.altera_axi4lite_slave qsys_mm.enableEccProtection FALSE
2024.08.28.01:45:43 Info: set_connection_parameter_value apf_bpf_mst.altera_axi4lite_master/apf_default_slv.altera_axi4lite_slave qsys_mm.enableInstrumentation FALSE
2024.08.28.01:45:43 Info: set_connection_parameter_value apf_bpf_mst.altera_axi4lite_master/apf_default_slv.altera_axi4lite_slave qsys_mm.insertDefaultSlave FALSE
2024.08.28.01:45:43 Info: set_connection_parameter_value apf_bpf_mst.altera_axi4lite_master/apf_default_slv.altera_axi4lite_slave qsys_mm.interconnectResetSource DEFAULT
2024.08.28.01:45:43 Info: set_connection_parameter_value apf_bpf_mst.altera_axi4lite_master/apf_default_slv.altera_axi4lite_slave qsys_mm.interconnectType STANDARD
2024.08.28.01:45:43 Info: set_connection_parameter_value apf_bpf_mst.altera_axi4lite_master/apf_default_slv.altera_axi4lite_slave qsys_mm.maxAdditionalLatency 1
2024.08.28.01:45:43 Info: set_connection_parameter_value apf_bpf_mst.altera_axi4lite_master/apf_default_slv.altera_axi4lite_slave qsys_mm.optimizeRdFifoSize FALSE
2024.08.28.01:45:43 Info: set_connection_parameter_value apf_bpf_mst.altera_axi4lite_master/apf_default_slv.altera_axi4lite_slave qsys_mm.piplineType PIPELINE_STAGE
2024.08.28.01:45:43 Info: set_connection_parameter_value apf_bpf_mst.altera_axi4lite_master/apf_default_slv.altera_axi4lite_slave qsys_mm.responseFifoType REGISTER_BASED
2024.08.28.01:45:43 Info: set_connection_parameter_value apf_bpf_mst.altera_axi4lite_master/apf_default_slv.altera_axi4lite_slave qsys_mm.syncResets FALSE
2024.08.28.01:45:43 Info: set_connection_parameter_value apf_bpf_mst.altera_axi4lite_master/apf_default_slv.altera_axi4lite_slave qsys_mm.widthAdapterImplementation GENERIC_CONVERTER
2024.08.28.01:45:43 Info: set_connection_parameter_value apf_bpf_mst.altera_axi4lite_master/apf_default_slv.altera_axi4lite_slave slaveDataWidthSysInfo -1
2024.08.28.01:45:43 Info: add_connection apf_bpf_mst.altera_axi4lite_master/apf_st2mm_slv.altera_axi4lite_slave
2024.08.28.01:45:43 Info: set_connection_parameter_value apf_bpf_mst.altera_axi4lite_master/apf_st2mm_slv.altera_axi4lite_slave addressMapSysInfo 
2024.08.28.01:45:43 Info: set_connection_parameter_value apf_bpf_mst.altera_axi4lite_master/apf_st2mm_slv.altera_axi4lite_slave addressWidthSysInfo 
2024.08.28.01:45:43 Info: set_connection_parameter_value apf_bpf_mst.altera_axi4lite_master/apf_st2mm_slv.altera_axi4lite_slave arbitrationPriority 1
2024.08.28.01:45:43 Info: set_connection_parameter_value apf_bpf_mst.altera_axi4lite_master/apf_st2mm_slv.altera_axi4lite_slave baseAddress 0x40000
2024.08.28.01:45:43 Info: set_connection_parameter_value apf_bpf_mst.altera_axi4lite_master/apf_st2mm_slv.altera_axi4lite_slave defaultConnection 0
2024.08.28.01:45:43 Info: set_connection_parameter_value apf_bpf_mst.altera_axi4lite_master/apf_st2mm_slv.altera_axi4lite_slave domainAlias 
2024.08.28.01:45:43 Info: set_connection_parameter_value apf_bpf_mst.altera_axi4lite_master/apf_st2mm_slv.altera_axi4lite_slave qsys_mm.burstAdapterImplementation GENERIC_CONVERTER
2024.08.28.01:45:43 Info: set_connection_parameter_value apf_bpf_mst.altera_axi4lite_master/apf_st2mm_slv.altera_axi4lite_slave qsys_mm.clockCrossingAdapter HANDSHAKE
2024.08.28.01:45:43 Info: set_connection_parameter_value apf_bpf_mst.altera_axi4lite_master/apf_st2mm_slv.altera_axi4lite_slave qsys_mm.enableEccProtection FALSE
2024.08.28.01:45:43 Info: set_connection_parameter_value apf_bpf_mst.altera_axi4lite_master/apf_st2mm_slv.altera_axi4lite_slave qsys_mm.enableInstrumentation FALSE
2024.08.28.01:45:43 Info: set_connection_parameter_value apf_bpf_mst.altera_axi4lite_master/apf_st2mm_slv.altera_axi4lite_slave qsys_mm.insertDefaultSlave FALSE
2024.08.28.01:45:43 Info: set_connection_parameter_value apf_bpf_mst.altera_axi4lite_master/apf_st2mm_slv.altera_axi4lite_slave qsys_mm.interconnectResetSource DEFAULT
2024.08.28.01:45:43 Info: set_connection_parameter_value apf_bpf_mst.altera_axi4lite_master/apf_st2mm_slv.altera_axi4lite_slave qsys_mm.interconnectType STANDARD
2024.08.28.01:45:43 Info: set_connection_parameter_value apf_bpf_mst.altera_axi4lite_master/apf_st2mm_slv.altera_axi4lite_slave qsys_mm.maxAdditionalLatency 1
2024.08.28.01:45:43 Info: set_connection_parameter_value apf_bpf_mst.altera_axi4lite_master/apf_st2mm_slv.altera_axi4lite_slave qsys_mm.syncResets FALSE
2024.08.28.01:45:43 Info: set_connection_parameter_value apf_bpf_mst.altera_axi4lite_master/apf_st2mm_slv.altera_axi4lite_slave qsys_mm.widthAdapterImplementation GENERIC_CONVERTER
2024.08.28.01:45:43 Info: set_connection_parameter_value apf_bpf_mst.altera_axi4lite_master/apf_st2mm_slv.altera_axi4lite_slave slaveDataWidthSysInfo -1
2024.08.28.01:45:43 Info: add_connection apf_clock_bridge.out_clk/apf_st2mm_mst.clock
2024.08.28.01:45:43 Info: set_connection_parameter_value apf_clock_bridge.out_clk/apf_st2mm_mst.clock clockDomainSysInfo -1
2024.08.28.01:45:43 Info: set_connection_parameter_value apf_clock_bridge.out_clk/apf_st2mm_mst.clock clockRateSysInfo 
2024.08.28.01:45:43 Info: set_connection_parameter_value apf_clock_bridge.out_clk/apf_st2mm_mst.clock clockResetSysInfo 
2024.08.28.01:45:43 Info: set_connection_parameter_value apf_clock_bridge.out_clk/apf_st2mm_mst.clock resetDomainSysInfo -1
2024.08.28.01:45:43 Info: add_connection apf_reset_bridge.out_reset/apf_st2mm_mst.reset
2024.08.28.01:45:43 Info: set_connection_parameter_value apf_reset_bridge.out_reset/apf_st2mm_mst.reset clockDomainSysInfo -1
2024.08.28.01:45:43 Info: set_connection_parameter_value apf_reset_bridge.out_reset/apf_st2mm_mst.reset clockResetSysInfo 
2024.08.28.01:45:43 Info: set_connection_parameter_value apf_reset_bridge.out_reset/apf_st2mm_mst.reset resetDomainSysInfo -1
2024.08.28.01:45:43 Info: add_connection apf_st2mm_mst.altera_axi4lite_master/apf_default_slv.altera_axi4lite_slave
2024.08.28.01:45:43 Info: set_connection_parameter_value apf_st2mm_mst.altera_axi4lite_master/apf_default_slv.altera_axi4lite_slave addressMapSysInfo 
2024.08.28.01:45:43 Info: set_connection_parameter_value apf_st2mm_mst.altera_axi4lite_master/apf_default_slv.altera_axi4lite_slave addressWidthSysInfo 
2024.08.28.01:45:43 Info: set_connection_parameter_value apf_st2mm_mst.altera_axi4lite_master/apf_default_slv.altera_axi4lite_slave arbitrationPriority 1
2024.08.28.01:45:43 Info: set_connection_parameter_value apf_st2mm_mst.altera_axi4lite_master/apf_default_slv.altera_axi4lite_slave baseAddress 0x0000
2024.08.28.01:45:43 Info: set_connection_parameter_value apf_st2mm_mst.altera_axi4lite_master/apf_default_slv.altera_axi4lite_slave defaultConnection 1
2024.08.28.01:45:43 Info: set_connection_parameter_value apf_st2mm_mst.altera_axi4lite_master/apf_default_slv.altera_axi4lite_slave domainAlias 
2024.08.28.01:45:43 Info: set_connection_parameter_value apf_st2mm_mst.altera_axi4lite_master/apf_default_slv.altera_axi4lite_slave qsys_mm.burstAdapterImplementation GENERIC_CONVERTER
2024.08.28.01:45:43 Info: set_connection_parameter_value apf_st2mm_mst.altera_axi4lite_master/apf_default_slv.altera_axi4lite_slave qsys_mm.clockCrossingAdapter HANDSHAKE
2024.08.28.01:45:43 Info: set_connection_parameter_value apf_st2mm_mst.altera_axi4lite_master/apf_default_slv.altera_axi4lite_slave qsys_mm.enableAllPipelines FALSE
2024.08.28.01:45:43 Info: set_connection_parameter_value apf_st2mm_mst.altera_axi4lite_master/apf_default_slv.altera_axi4lite_slave qsys_mm.enableEccProtection FALSE
2024.08.28.01:45:43 Info: set_connection_parameter_value apf_st2mm_mst.altera_axi4lite_master/apf_default_slv.altera_axi4lite_slave qsys_mm.enableInstrumentation FALSE
2024.08.28.01:45:43 Info: set_connection_parameter_value apf_st2mm_mst.altera_axi4lite_master/apf_default_slv.altera_axi4lite_slave qsys_mm.insertDefaultSlave FALSE
2024.08.28.01:45:43 Info: set_connection_parameter_value apf_st2mm_mst.altera_axi4lite_master/apf_default_slv.altera_axi4lite_slave qsys_mm.interconnectResetSource DEFAULT
2024.08.28.01:45:43 Info: set_connection_parameter_value apf_st2mm_mst.altera_axi4lite_master/apf_default_slv.altera_axi4lite_slave qsys_mm.interconnectType STANDARD
2024.08.28.01:45:43 Info: set_connection_parameter_value apf_st2mm_mst.altera_axi4lite_master/apf_default_slv.altera_axi4lite_slave qsys_mm.maxAdditionalLatency 1
2024.08.28.01:45:43 Info: set_connection_parameter_value apf_st2mm_mst.altera_axi4lite_master/apf_default_slv.altera_axi4lite_slave qsys_mm.optimizeRdFifoSize FALSE
2024.08.28.01:45:43 Info: set_connection_parameter_value apf_st2mm_mst.altera_axi4lite_master/apf_default_slv.altera_axi4lite_slave qsys_mm.piplineType PIPELINE_STAGE
2024.08.28.01:45:43 Info: set_connection_parameter_value apf_st2mm_mst.altera_axi4lite_master/apf_default_slv.altera_axi4lite_slave qsys_mm.responseFifoType REGISTER_BASED
2024.08.28.01:45:43 Info: set_connection_parameter_value apf_st2mm_mst.altera_axi4lite_master/apf_default_slv.altera_axi4lite_slave qsys_mm.syncResets FALSE
2024.08.28.01:45:43 Info: set_connection_parameter_value apf_st2mm_mst.altera_axi4lite_master/apf_default_slv.altera_axi4lite_slave qsys_mm.widthAdapterImplementation GENERIC_CONVERTER
2024.08.28.01:45:43 Info: set_connection_parameter_value apf_st2mm_mst.altera_axi4lite_master/apf_default_slv.altera_axi4lite_slave slaveDataWidthSysInfo -1
2024.08.28.01:45:43 Info: add_connection apf_st2mm_mst.altera_axi4lite_master/apf_achk_slv.altera_axi4lite_slave
2024.08.28.01:45:43 Info: set_connection_parameter_value apf_st2mm_mst.altera_axi4lite_master/apf_achk_slv.altera_axi4lite_slave addressMapSysInfo 
2024.08.28.01:45:43 Info: set_connection_parameter_value apf_st2mm_mst.altera_axi4lite_master/apf_achk_slv.altera_axi4lite_slave addressWidthSysInfo 
2024.08.28.01:45:43 Info: set_connection_parameter_value apf_st2mm_mst.altera_axi4lite_master/apf_achk_slv.altera_axi4lite_slave arbitrationPriority 1
2024.08.28.01:45:43 Info: set_connection_parameter_value apf_st2mm_mst.altera_axi4lite_master/apf_achk_slv.altera_axi4lite_slave baseAddress 0x80000
2024.08.28.01:45:43 Info: set_connection_parameter_value apf_st2mm_mst.altera_axi4lite_master/apf_achk_slv.altera_axi4lite_slave defaultConnection 0
2024.08.28.01:45:43 Info: set_connection_parameter_value apf_st2mm_mst.altera_axi4lite_master/apf_achk_slv.altera_axi4lite_slave domainAlias 
2024.08.28.01:45:43 Info: set_connection_parameter_value apf_st2mm_mst.altera_axi4lite_master/apf_achk_slv.altera_axi4lite_slave qsys_mm.burstAdapterImplementation GENERIC_CONVERTER
2024.08.28.01:45:43 Info: set_connection_parameter_value apf_st2mm_mst.altera_axi4lite_master/apf_achk_slv.altera_axi4lite_slave qsys_mm.clockCrossingAdapter HANDSHAKE
2024.08.28.01:45:43 Info: set_connection_parameter_value apf_st2mm_mst.altera_axi4lite_master/apf_achk_slv.altera_axi4lite_slave qsys_mm.enableEccProtection FALSE
2024.08.28.01:45:43 Info: set_connection_parameter_value apf_st2mm_mst.altera_axi4lite_master/apf_achk_slv.altera_axi4lite_slave qsys_mm.enableInstrumentation FALSE
2024.08.28.01:45:43 Info: set_connection_parameter_value apf_st2mm_mst.altera_axi4lite_master/apf_achk_slv.altera_axi4lite_slave qsys_mm.insertDefaultSlave FALSE
2024.08.28.01:45:43 Info: set_connection_parameter_value apf_st2mm_mst.altera_axi4lite_master/apf_achk_slv.altera_axi4lite_slave qsys_mm.interconnectResetSource DEFAULT
2024.08.28.01:45:43 Info: set_connection_parameter_value apf_st2mm_mst.altera_axi4lite_master/apf_achk_slv.altera_axi4lite_slave qsys_mm.interconnectType STANDARD
2024.08.28.01:45:43 Info: set_connection_parameter_value apf_st2mm_mst.altera_axi4lite_master/apf_achk_slv.altera_axi4lite_slave qsys_mm.maxAdditionalLatency 1
2024.08.28.01:45:43 Info: set_connection_parameter_value apf_st2mm_mst.altera_axi4lite_master/apf_achk_slv.altera_axi4lite_slave qsys_mm.syncResets FALSE
2024.08.28.01:45:43 Info: set_connection_parameter_value apf_st2mm_mst.altera_axi4lite_master/apf_achk_slv.altera_axi4lite_slave qsys_mm.widthAdapterImplementation GENERIC_CONVERTER
2024.08.28.01:45:43 Info: set_connection_parameter_value apf_st2mm_mst.altera_axi4lite_master/apf_achk_slv.altera_axi4lite_slave slaveDataWidthSysInfo -1
2024.08.28.01:45:43 Info: add_connection apf_st2mm_mst.altera_axi4lite_master/apf_bpf_slv.altera_axi4lite_slave
2024.08.28.01:45:43 Info: set_connection_parameter_value apf_st2mm_mst.altera_axi4lite_master/apf_bpf_slv.altera_axi4lite_slave addressMapSysInfo 
2024.08.28.01:45:43 Info: set_connection_parameter_value apf_st2mm_mst.altera_axi4lite_master/apf_bpf_slv.altera_axi4lite_slave addressWidthSysInfo 
2024.08.28.01:45:43 Info: set_connection_parameter_value apf_st2mm_mst.altera_axi4lite_master/apf_bpf_slv.altera_axi4lite_slave arbitrationPriority 1
2024.08.28.01:45:43 Info: set_connection_parameter_value apf_st2mm_mst.altera_axi4lite_master/apf_bpf_slv.altera_axi4lite_slave baseAddress 0x00000
2024.08.28.01:45:43 Info: set_connection_parameter_value apf_st2mm_mst.altera_axi4lite_master/apf_bpf_slv.altera_axi4lite_slave defaultConnection 0
2024.08.28.01:45:43 Info: set_connection_parameter_value apf_st2mm_mst.altera_axi4lite_master/apf_bpf_slv.altera_axi4lite_slave domainAlias 
2024.08.28.01:45:43 Info: set_connection_parameter_value apf_st2mm_mst.altera_axi4lite_master/apf_bpf_slv.altera_axi4lite_slave qsys_mm.burstAdapterImplementation GENERIC_CONVERTER
2024.08.28.01:45:43 Info: set_connection_parameter_value apf_st2mm_mst.altera_axi4lite_master/apf_bpf_slv.altera_axi4lite_slave qsys_mm.clockCrossingAdapter HANDSHAKE
2024.08.28.01:45:43 Info: set_connection_parameter_value apf_st2mm_mst.altera_axi4lite_master/apf_bpf_slv.altera_axi4lite_slave qsys_mm.enableEccProtection FALSE
2024.08.28.01:45:43 Info: set_connection_parameter_value apf_st2mm_mst.altera_axi4lite_master/apf_bpf_slv.altera_axi4lite_slave qsys_mm.enableInstrumentation FALSE
2024.08.28.01:45:43 Info: set_connection_parameter_value apf_st2mm_mst.altera_axi4lite_master/apf_bpf_slv.altera_axi4lite_slave qsys_mm.insertDefaultSlave FALSE
2024.08.28.01:45:43 Info: set_connection_parameter_value apf_st2mm_mst.altera_axi4lite_master/apf_bpf_slv.altera_axi4lite_slave qsys_mm.interconnectResetSource DEFAULT
2024.08.28.01:45:43 Info: set_connection_parameter_value apf_st2mm_mst.altera_axi4lite_master/apf_bpf_slv.altera_axi4lite_slave qsys_mm.interconnectType STANDARD
2024.08.28.01:45:43 Info: set_connection_parameter_value apf_st2mm_mst.altera_axi4lite_master/apf_bpf_slv.altera_axi4lite_slave qsys_mm.maxAdditionalLatency 1
2024.08.28.01:45:43 Info: set_connection_parameter_value apf_st2mm_mst.altera_axi4lite_master/apf_bpf_slv.altera_axi4lite_slave qsys_mm.syncResets FALSE
2024.08.28.01:45:43 Info: set_connection_parameter_value apf_st2mm_mst.altera_axi4lite_master/apf_bpf_slv.altera_axi4lite_slave qsys_mm.widthAdapterImplementation GENERIC_CONVERTER
2024.08.28.01:45:43 Info: set_connection_parameter_value apf_st2mm_mst.altera_axi4lite_master/apf_bpf_slv.altera_axi4lite_slave slaveDataWidthSysInfo -1
2024.08.28.01:45:43 Info: add_connection apf_st2mm_mst.altera_axi4lite_master/apf_pr_slv.altera_axi4lite_slave
2024.08.28.01:45:43 Info: set_connection_parameter_value apf_st2mm_mst.altera_axi4lite_master/apf_pr_slv.altera_axi4lite_slave addressMapSysInfo 
2024.08.28.01:45:43 Info: set_connection_parameter_value apf_st2mm_mst.altera_axi4lite_master/apf_pr_slv.altera_axi4lite_slave addressWidthSysInfo 
2024.08.28.01:45:43 Info: set_connection_parameter_value apf_st2mm_mst.altera_axi4lite_master/apf_pr_slv.altera_axi4lite_slave arbitrationPriority 1
2024.08.28.01:45:43 Info: set_connection_parameter_value apf_st2mm_mst.altera_axi4lite_master/apf_pr_slv.altera_axi4lite_slave baseAddress 0x70000
2024.08.28.01:45:43 Info: set_connection_parameter_value apf_st2mm_mst.altera_axi4lite_master/apf_pr_slv.altera_axi4lite_slave defaultConnection 0
2024.08.28.01:45:43 Info: set_connection_parameter_value apf_st2mm_mst.altera_axi4lite_master/apf_pr_slv.altera_axi4lite_slave domainAlias 
2024.08.28.01:45:43 Info: set_connection_parameter_value apf_st2mm_mst.altera_axi4lite_master/apf_pr_slv.altera_axi4lite_slave qsys_mm.burstAdapterImplementation GENERIC_CONVERTER
2024.08.28.01:45:43 Info: set_connection_parameter_value apf_st2mm_mst.altera_axi4lite_master/apf_pr_slv.altera_axi4lite_slave qsys_mm.clockCrossingAdapter HANDSHAKE
2024.08.28.01:45:43 Info: set_connection_parameter_value apf_st2mm_mst.altera_axi4lite_master/apf_pr_slv.altera_axi4lite_slave qsys_mm.enableEccProtection FALSE
2024.08.28.01:45:43 Info: set_connection_parameter_value apf_st2mm_mst.altera_axi4lite_master/apf_pr_slv.altera_axi4lite_slave qsys_mm.enableInstrumentation FALSE
2024.08.28.01:45:43 Info: set_connection_parameter_value apf_st2mm_mst.altera_axi4lite_master/apf_pr_slv.altera_axi4lite_slave qsys_mm.insertDefaultSlave FALSE
2024.08.28.01:45:43 Info: set_connection_parameter_value apf_st2mm_mst.altera_axi4lite_master/apf_pr_slv.altera_axi4lite_slave qsys_mm.interconnectResetSource DEFAULT
2024.08.28.01:45:43 Info: set_connection_parameter_value apf_st2mm_mst.altera_axi4lite_master/apf_pr_slv.altera_axi4lite_slave qsys_mm.interconnectType STANDARD
2024.08.28.01:45:43 Info: set_connection_parameter_value apf_st2mm_mst.altera_axi4lite_master/apf_pr_slv.altera_axi4lite_slave qsys_mm.maxAdditionalLatency 1
2024.08.28.01:45:43 Info: set_connection_parameter_value apf_st2mm_mst.altera_axi4lite_master/apf_pr_slv.altera_axi4lite_slave qsys_mm.syncResets FALSE
2024.08.28.01:45:43 Info: set_connection_parameter_value apf_st2mm_mst.altera_axi4lite_master/apf_pr_slv.altera_axi4lite_slave qsys_mm.widthAdapterImplementation GENERIC_CONVERTER
2024.08.28.01:45:43 Info: set_connection_parameter_value apf_st2mm_mst.altera_axi4lite_master/apf_pr_slv.altera_axi4lite_slave slaveDataWidthSysInfo -1
2024.08.28.01:45:43 Info: add_connection apf_st2mm_mst.altera_axi4lite_master/apf_pr_2_slv.altera_axi4lite_slave
2024.08.28.01:45:43 Info: set_connection_parameter_value apf_st2mm_mst.altera_axi4lite_master/apf_pr_2_slv.altera_axi4lite_slave addressMapSysInfo 
2024.08.28.01:45:43 Info: set_connection_parameter_value apf_st2mm_mst.altera_axi4lite_master/apf_pr_2_slv.altera_axi4lite_slave addressWidthSysInfo 
2024.08.28.01:45:43 Info: set_connection_parameter_value apf_st2mm_mst.altera_axi4lite_master/apf_pr_2_slv.altera_axi4lite_slave arbitrationPriority 1
2024.08.28.01:45:43 Info: set_connection_parameter_value apf_st2mm_mst.altera_axi4lite_master/apf_pr_2_slv.altera_axi4lite_slave baseAddress 0x90000
2024.08.28.01:45:43 Info: set_connection_parameter_value apf_st2mm_mst.altera_axi4lite_master/apf_pr_2_slv.altera_axi4lite_slave defaultConnection 0
2024.08.28.01:45:43 Info: set_connection_parameter_value apf_st2mm_mst.altera_axi4lite_master/apf_pr_2_slv.altera_axi4lite_slave domainAlias 
2024.08.28.01:45:43 Info: set_connection_parameter_value apf_st2mm_mst.altera_axi4lite_master/apf_pr_2_slv.altera_axi4lite_slave qsys_mm.burstAdapterImplementation GENERIC_CONVERTER
2024.08.28.01:45:43 Info: set_connection_parameter_value apf_st2mm_mst.altera_axi4lite_master/apf_pr_2_slv.altera_axi4lite_slave qsys_mm.clockCrossingAdapter HANDSHAKE
2024.08.28.01:45:43 Info: set_connection_parameter_value apf_st2mm_mst.altera_axi4lite_master/apf_pr_2_slv.altera_axi4lite_slave qsys_mm.enableEccProtection FALSE
2024.08.28.01:45:43 Info: set_connection_parameter_value apf_st2mm_mst.altera_axi4lite_master/apf_pr_2_slv.altera_axi4lite_slave qsys_mm.enableInstrumentation FALSE
2024.08.28.01:45:43 Info: set_connection_parameter_value apf_st2mm_mst.altera_axi4lite_master/apf_pr_2_slv.altera_axi4lite_slave qsys_mm.insertDefaultSlave FALSE
2024.08.28.01:45:43 Info: set_connection_parameter_value apf_st2mm_mst.altera_axi4lite_master/apf_pr_2_slv.altera_axi4lite_slave qsys_mm.interconnectResetSource DEFAULT
2024.08.28.01:45:43 Info: set_connection_parameter_value apf_st2mm_mst.altera_axi4lite_master/apf_pr_2_slv.altera_axi4lite_slave qsys_mm.interconnectType STANDARD
2024.08.28.01:45:43 Info: set_connection_parameter_value apf_st2mm_mst.altera_axi4lite_master/apf_pr_2_slv.altera_axi4lite_slave qsys_mm.maxAdditionalLatency 1
2024.08.28.01:45:43 Info: set_connection_parameter_value apf_st2mm_mst.altera_axi4lite_master/apf_pr_2_slv.altera_axi4lite_slave qsys_mm.syncResets FALSE
2024.08.28.01:45:43 Info: set_connection_parameter_value apf_st2mm_mst.altera_axi4lite_master/apf_pr_2_slv.altera_axi4lite_slave qsys_mm.widthAdapterImplementation GENERIC_CONVERTER
2024.08.28.01:45:43 Info: set_connection_parameter_value apf_st2mm_mst.altera_axi4lite_master/apf_pr_2_slv.altera_axi4lite_slave slaveDataWidthSysInfo -1
2024.08.28.01:45:43 Info: add_connection apf_st2mm_mst.altera_axi4lite_master/apf_st2mm_slv.altera_axi4lite_slave
2024.08.28.01:45:43 Info: set_connection_parameter_value apf_st2mm_mst.altera_axi4lite_master/apf_st2mm_slv.altera_axi4lite_slave addressMapSysInfo 
2024.08.28.01:45:43 Info: set_connection_parameter_value apf_st2mm_mst.altera_axi4lite_master/apf_st2mm_slv.altera_axi4lite_slave addressWidthSysInfo 
2024.08.28.01:45:43 Info: set_connection_parameter_value apf_st2mm_mst.altera_axi4lite_master/apf_st2mm_slv.altera_axi4lite_slave arbitrationPriority 1
2024.08.28.01:45:43 Info: set_connection_parameter_value apf_st2mm_mst.altera_axi4lite_master/apf_st2mm_slv.altera_axi4lite_slave baseAddress 0x40000
2024.08.28.01:45:43 Info: set_connection_parameter_value apf_st2mm_mst.altera_axi4lite_master/apf_st2mm_slv.altera_axi4lite_slave defaultConnection 0
2024.08.28.01:45:43 Info: set_connection_parameter_value apf_st2mm_mst.altera_axi4lite_master/apf_st2mm_slv.altera_axi4lite_slave domainAlias 
2024.08.28.01:45:43 Info: set_connection_parameter_value apf_st2mm_mst.altera_axi4lite_master/apf_st2mm_slv.altera_axi4lite_slave qsys_mm.burstAdapterImplementation GENERIC_CONVERTER
2024.08.28.01:45:43 Info: set_connection_parameter_value apf_st2mm_mst.altera_axi4lite_master/apf_st2mm_slv.altera_axi4lite_slave qsys_mm.clockCrossingAdapter HANDSHAKE
2024.08.28.01:45:43 Info: set_connection_parameter_value apf_st2mm_mst.altera_axi4lite_master/apf_st2mm_slv.altera_axi4lite_slave qsys_mm.enableEccProtection FALSE
2024.08.28.01:45:43 Info: set_connection_parameter_value apf_st2mm_mst.altera_axi4lite_master/apf_st2mm_slv.altera_axi4lite_slave qsys_mm.enableInstrumentation FALSE
2024.08.28.01:45:43 Info: set_connection_parameter_value apf_st2mm_mst.altera_axi4lite_master/apf_st2mm_slv.altera_axi4lite_slave qsys_mm.insertDefaultSlave FALSE
2024.08.28.01:45:43 Info: set_connection_parameter_value apf_st2mm_mst.altera_axi4lite_master/apf_st2mm_slv.altera_axi4lite_slave qsys_mm.interconnectResetSource DEFAULT
2024.08.28.01:45:43 Info: set_connection_parameter_value apf_st2mm_mst.altera_axi4lite_master/apf_st2mm_slv.altera_axi4lite_slave qsys_mm.interconnectType STANDARD
2024.08.28.01:45:43 Info: set_connection_parameter_value apf_st2mm_mst.altera_axi4lite_master/apf_st2mm_slv.altera_axi4lite_slave qsys_mm.maxAdditionalLatency 1
2024.08.28.01:45:43 Info: set_connection_parameter_value apf_st2mm_mst.altera_axi4lite_master/apf_st2mm_slv.altera_axi4lite_slave qsys_mm.syncResets FALSE
2024.08.28.01:45:43 Info: set_connection_parameter_value apf_st2mm_mst.altera_axi4lite_master/apf_st2mm_slv.altera_axi4lite_slave qsys_mm.widthAdapterImplementation GENERIC_CONVERTER
2024.08.28.01:45:43 Info: set_connection_parameter_value apf_st2mm_mst.altera_axi4lite_master/apf_st2mm_slv.altera_axi4lite_slave slaveDataWidthSysInfo -1
2024.08.28.01:45:43 Info: add_connection apf_st2mm_mst.altera_axi4lite_master/apf_uart_slv.altera_axi4lite_slave
2024.08.28.01:45:43 Info: set_connection_parameter_value apf_st2mm_mst.altera_axi4lite_master/apf_uart_slv.altera_axi4lite_slave addressMapSysInfo 
2024.08.28.01:45:43 Info: set_connection_parameter_value apf_st2mm_mst.altera_axi4lite_master/apf_uart_slv.altera_axi4lite_slave addressWidthSysInfo 
2024.08.28.01:45:43 Info: set_connection_parameter_value apf_st2mm_mst.altera_axi4lite_master/apf_uart_slv.altera_axi4lite_slave arbitrationPriority 1
2024.08.28.01:45:43 Info: set_connection_parameter_value apf_st2mm_mst.altera_axi4lite_master/apf_uart_slv.altera_axi4lite_slave baseAddress 0x60000
2024.08.28.01:45:43 Info: set_connection_parameter_value apf_st2mm_mst.altera_axi4lite_master/apf_uart_slv.altera_axi4lite_slave defaultConnection 0
2024.08.28.01:45:43 Info: set_connection_parameter_value apf_st2mm_mst.altera_axi4lite_master/apf_uart_slv.altera_axi4lite_slave domainAlias 
2024.08.28.01:45:43 Info: set_connection_parameter_value apf_st2mm_mst.altera_axi4lite_master/apf_uart_slv.altera_axi4lite_slave qsys_mm.burstAdapterImplementation GENERIC_CONVERTER
2024.08.28.01:45:43 Info: set_connection_parameter_value apf_st2mm_mst.altera_axi4lite_master/apf_uart_slv.altera_axi4lite_slave qsys_mm.clockCrossingAdapter HANDSHAKE
2024.08.28.01:45:43 Info: set_connection_parameter_value apf_st2mm_mst.altera_axi4lite_master/apf_uart_slv.altera_axi4lite_slave qsys_mm.enableEccProtection FALSE
2024.08.28.01:45:43 Info: set_connection_parameter_value apf_st2mm_mst.altera_axi4lite_master/apf_uart_slv.altera_axi4lite_slave qsys_mm.enableInstrumentation FALSE
2024.08.28.01:45:43 Info: set_connection_parameter_value apf_st2mm_mst.altera_axi4lite_master/apf_uart_slv.altera_axi4lite_slave qsys_mm.insertDefaultSlave FALSE
2024.08.28.01:45:43 Info: set_connection_parameter_value apf_st2mm_mst.altera_axi4lite_master/apf_uart_slv.altera_axi4lite_slave qsys_mm.interconnectResetSource DEFAULT
2024.08.28.01:45:43 Info: set_connection_parameter_value apf_st2mm_mst.altera_axi4lite_master/apf_uart_slv.altera_axi4lite_slave qsys_mm.interconnectType STANDARD
2024.08.28.01:45:43 Info: set_connection_parameter_value apf_st2mm_mst.altera_axi4lite_master/apf_uart_slv.altera_axi4lite_slave qsys_mm.maxAdditionalLatency 1
2024.08.28.01:45:43 Info: set_connection_parameter_value apf_st2mm_mst.altera_axi4lite_master/apf_uart_slv.altera_axi4lite_slave qsys_mm.syncResets FALSE
2024.08.28.01:45:43 Info: set_connection_parameter_value apf_st2mm_mst.altera_axi4lite_master/apf_uart_slv.altera_axi4lite_slave qsys_mm.widthAdapterImplementation GENERIC_CONVERTER
2024.08.28.01:45:43 Info: set_connection_parameter_value apf_st2mm_mst.altera_axi4lite_master/apf_uart_slv.altera_axi4lite_slave slaveDataWidthSysInfo -1
2024.08.28.01:45:43 Info: add_connection apf_clock_bridge.out_clk/apf_mctp_mst.clock
2024.08.28.01:45:43 Info: set_connection_parameter_value apf_clock_bridge.out_clk/apf_mctp_mst.clock clockDomainSysInfo -1
2024.08.28.01:45:43 Info: set_connection_parameter_value apf_clock_bridge.out_clk/apf_mctp_mst.clock clockRateSysInfo 
2024.08.28.01:45:43 Info: set_connection_parameter_value apf_clock_bridge.out_clk/apf_mctp_mst.clock clockResetSysInfo 
2024.08.28.01:45:43 Info: set_connection_parameter_value apf_clock_bridge.out_clk/apf_mctp_mst.clock resetDomainSysInfo -1
2024.08.28.01:45:43 Info: add_connection apf_reset_bridge.out_reset/apf_mctp_mst.reset
2024.08.28.01:45:43 Info: set_connection_parameter_value apf_reset_bridge.out_reset/apf_mctp_mst.reset clockDomainSysInfo -1
2024.08.28.01:45:43 Info: set_connection_parameter_value apf_reset_bridge.out_reset/apf_mctp_mst.reset clockResetSysInfo 
2024.08.28.01:45:43 Info: set_connection_parameter_value apf_reset_bridge.out_reset/apf_mctp_mst.reset resetDomainSysInfo -1
2024.08.28.01:45:43 Info: add_connection apf_mctp_mst.altera_axi4lite_master/apf_default_slv.altera_axi4lite_slave
2024.08.28.01:45:43 Info: set_connection_parameter_value apf_mctp_mst.altera_axi4lite_master/apf_default_slv.altera_axi4lite_slave addressMapSysInfo 
2024.08.28.01:45:43 Info: set_connection_parameter_value apf_mctp_mst.altera_axi4lite_master/apf_default_slv.altera_axi4lite_slave addressWidthSysInfo 
2024.08.28.01:45:43 Info: set_connection_parameter_value apf_mctp_mst.altera_axi4lite_master/apf_default_slv.altera_axi4lite_slave arbitrationPriority 1
2024.08.28.01:45:43 Info: set_connection_parameter_value apf_mctp_mst.altera_axi4lite_master/apf_default_slv.altera_axi4lite_slave baseAddress 0x0000
2024.08.28.01:45:43 Info: set_connection_parameter_value apf_mctp_mst.altera_axi4lite_master/apf_default_slv.altera_axi4lite_slave defaultConnection 1
2024.08.28.01:45:43 Info: set_connection_parameter_value apf_mctp_mst.altera_axi4lite_master/apf_default_slv.altera_axi4lite_slave domainAlias 
2024.08.28.01:45:43 Info: set_connection_parameter_value apf_mctp_mst.altera_axi4lite_master/apf_default_slv.altera_axi4lite_slave qsys_mm.burstAdapterImplementation GENERIC_CONVERTER
2024.08.28.01:45:43 Info: set_connection_parameter_value apf_mctp_mst.altera_axi4lite_master/apf_default_slv.altera_axi4lite_slave qsys_mm.clockCrossingAdapter HANDSHAKE
2024.08.28.01:45:43 Info: set_connection_parameter_value apf_mctp_mst.altera_axi4lite_master/apf_default_slv.altera_axi4lite_slave qsys_mm.enableAllPipelines FALSE
2024.08.28.01:45:43 Info: set_connection_parameter_value apf_mctp_mst.altera_axi4lite_master/apf_default_slv.altera_axi4lite_slave qsys_mm.enableEccProtection FALSE
2024.08.28.01:45:43 Info: set_connection_parameter_value apf_mctp_mst.altera_axi4lite_master/apf_default_slv.altera_axi4lite_slave qsys_mm.enableInstrumentation FALSE
2024.08.28.01:45:43 Info: set_connection_parameter_value apf_mctp_mst.altera_axi4lite_master/apf_default_slv.altera_axi4lite_slave qsys_mm.insertDefaultSlave FALSE
2024.08.28.01:45:43 Info: set_connection_parameter_value apf_mctp_mst.altera_axi4lite_master/apf_default_slv.altera_axi4lite_slave qsys_mm.interconnectResetSource DEFAULT
2024.08.28.01:45:43 Info: set_connection_parameter_value apf_mctp_mst.altera_axi4lite_master/apf_default_slv.altera_axi4lite_slave qsys_mm.interconnectType STANDARD
2024.08.28.01:45:43 Info: set_connection_parameter_value apf_mctp_mst.altera_axi4lite_master/apf_default_slv.altera_axi4lite_slave qsys_mm.maxAdditionalLatency 1
2024.08.28.01:45:43 Info: set_connection_parameter_value apf_mctp_mst.altera_axi4lite_master/apf_default_slv.altera_axi4lite_slave qsys_mm.optimizeRdFifoSize FALSE
2024.08.28.01:45:43 Info: set_connection_parameter_value apf_mctp_mst.altera_axi4lite_master/apf_default_slv.altera_axi4lite_slave qsys_mm.piplineType PIPELINE_STAGE
2024.08.28.01:45:43 Info: set_connection_parameter_value apf_mctp_mst.altera_axi4lite_master/apf_default_slv.altera_axi4lite_slave qsys_mm.responseFifoType REGISTER_BASED
2024.08.28.01:45:43 Info: set_connection_parameter_value apf_mctp_mst.altera_axi4lite_master/apf_default_slv.altera_axi4lite_slave qsys_mm.syncResets FALSE
2024.08.28.01:45:43 Info: set_connection_parameter_value apf_mctp_mst.altera_axi4lite_master/apf_default_slv.altera_axi4lite_slave qsys_mm.widthAdapterImplementation GENERIC_CONVERTER
2024.08.28.01:45:43 Info: set_connection_parameter_value apf_mctp_mst.altera_axi4lite_master/apf_default_slv.altera_axi4lite_slave slaveDataWidthSysInfo -1
2024.08.28.01:45:43 Info: add_connection apf_mctp_mst.altera_axi4lite_master/apf_achk_slv.altera_axi4lite_slave
2024.08.28.01:45:43 Info: set_connection_parameter_value apf_mctp_mst.altera_axi4lite_master/apf_achk_slv.altera_axi4lite_slave addressMapSysInfo 
2024.08.28.01:45:43 Info: set_connection_parameter_value apf_mctp_mst.altera_axi4lite_master/apf_achk_slv.altera_axi4lite_slave addressWidthSysInfo 
2024.08.28.01:45:43 Info: set_connection_parameter_value apf_mctp_mst.altera_axi4lite_master/apf_achk_slv.altera_axi4lite_slave arbitrationPriority 1
2024.08.28.01:45:43 Info: set_connection_parameter_value apf_mctp_mst.altera_axi4lite_master/apf_achk_slv.altera_axi4lite_slave baseAddress 0x80000
2024.08.28.01:45:43 Info: set_connection_parameter_value apf_mctp_mst.altera_axi4lite_master/apf_achk_slv.altera_axi4lite_slave defaultConnection 0
2024.08.28.01:45:43 Info: set_connection_parameter_value apf_mctp_mst.altera_axi4lite_master/apf_achk_slv.altera_axi4lite_slave domainAlias 
2024.08.28.01:45:43 Info: set_connection_parameter_value apf_mctp_mst.altera_axi4lite_master/apf_achk_slv.altera_axi4lite_slave qsys_mm.burstAdapterImplementation GENERIC_CONVERTER
2024.08.28.01:45:43 Info: set_connection_parameter_value apf_mctp_mst.altera_axi4lite_master/apf_achk_slv.altera_axi4lite_slave qsys_mm.clockCrossingAdapter HANDSHAKE
2024.08.28.01:45:43 Info: set_connection_parameter_value apf_mctp_mst.altera_axi4lite_master/apf_achk_slv.altera_axi4lite_slave qsys_mm.enableEccProtection FALSE
2024.08.28.01:45:43 Info: set_connection_parameter_value apf_mctp_mst.altera_axi4lite_master/apf_achk_slv.altera_axi4lite_slave qsys_mm.enableInstrumentation FALSE
2024.08.28.01:45:43 Info: set_connection_parameter_value apf_mctp_mst.altera_axi4lite_master/apf_achk_slv.altera_axi4lite_slave qsys_mm.insertDefaultSlave FALSE
2024.08.28.01:45:43 Info: set_connection_parameter_value apf_mctp_mst.altera_axi4lite_master/apf_achk_slv.altera_axi4lite_slave qsys_mm.interconnectResetSource DEFAULT
2024.08.28.01:45:43 Info: set_connection_parameter_value apf_mctp_mst.altera_axi4lite_master/apf_achk_slv.altera_axi4lite_slave qsys_mm.interconnectType STANDARD
2024.08.28.01:45:43 Info: set_connection_parameter_value apf_mctp_mst.altera_axi4lite_master/apf_achk_slv.altera_axi4lite_slave qsys_mm.maxAdditionalLatency 1
2024.08.28.01:45:43 Info: set_connection_parameter_value apf_mctp_mst.altera_axi4lite_master/apf_achk_slv.altera_axi4lite_slave qsys_mm.syncResets FALSE
2024.08.28.01:45:43 Info: set_connection_parameter_value apf_mctp_mst.altera_axi4lite_master/apf_achk_slv.altera_axi4lite_slave qsys_mm.widthAdapterImplementation GENERIC_CONVERTER
2024.08.28.01:45:43 Info: set_connection_parameter_value apf_mctp_mst.altera_axi4lite_master/apf_achk_slv.altera_axi4lite_slave slaveDataWidthSysInfo -1
2024.08.28.01:45:43 Info: add_connection apf_mctp_mst.altera_axi4lite_master/apf_bpf_slv.altera_axi4lite_slave
2024.08.28.01:45:43 Info: set_connection_parameter_value apf_mctp_mst.altera_axi4lite_master/apf_bpf_slv.altera_axi4lite_slave addressMapSysInfo 
2024.08.28.01:45:43 Info: set_connection_parameter_value apf_mctp_mst.altera_axi4lite_master/apf_bpf_slv.altera_axi4lite_slave addressWidthSysInfo 
2024.08.28.01:45:43 Info: set_connection_parameter_value apf_mctp_mst.altera_axi4lite_master/apf_bpf_slv.altera_axi4lite_slave arbitrationPriority 1
2024.08.28.01:45:43 Info: set_connection_parameter_value apf_mctp_mst.altera_axi4lite_master/apf_bpf_slv.altera_axi4lite_slave baseAddress 0x00000
2024.08.28.01:45:43 Info: set_connection_parameter_value apf_mctp_mst.altera_axi4lite_master/apf_bpf_slv.altera_axi4lite_slave defaultConnection 0
2024.08.28.01:45:43 Info: set_connection_parameter_value apf_mctp_mst.altera_axi4lite_master/apf_bpf_slv.altera_axi4lite_slave domainAlias 
2024.08.28.01:45:43 Info: set_connection_parameter_value apf_mctp_mst.altera_axi4lite_master/apf_bpf_slv.altera_axi4lite_slave qsys_mm.burstAdapterImplementation GENERIC_CONVERTER
2024.08.28.01:45:43 Info: set_connection_parameter_value apf_mctp_mst.altera_axi4lite_master/apf_bpf_slv.altera_axi4lite_slave qsys_mm.clockCrossingAdapter HANDSHAKE
2024.08.28.01:45:43 Info: set_connection_parameter_value apf_mctp_mst.altera_axi4lite_master/apf_bpf_slv.altera_axi4lite_slave qsys_mm.enableEccProtection FALSE
2024.08.28.01:45:43 Info: set_connection_parameter_value apf_mctp_mst.altera_axi4lite_master/apf_bpf_slv.altera_axi4lite_slave qsys_mm.enableInstrumentation FALSE
2024.08.28.01:45:43 Info: set_connection_parameter_value apf_mctp_mst.altera_axi4lite_master/apf_bpf_slv.altera_axi4lite_slave qsys_mm.insertDefaultSlave FALSE
2024.08.28.01:45:43 Info: set_connection_parameter_value apf_mctp_mst.altera_axi4lite_master/apf_bpf_slv.altera_axi4lite_slave qsys_mm.interconnectResetSource DEFAULT
2024.08.28.01:45:43 Info: set_connection_parameter_value apf_mctp_mst.altera_axi4lite_master/apf_bpf_slv.altera_axi4lite_slave qsys_mm.interconnectType STANDARD
2024.08.28.01:45:43 Info: set_connection_parameter_value apf_mctp_mst.altera_axi4lite_master/apf_bpf_slv.altera_axi4lite_slave qsys_mm.maxAdditionalLatency 1
2024.08.28.01:45:43 Info: set_connection_parameter_value apf_mctp_mst.altera_axi4lite_master/apf_bpf_slv.altera_axi4lite_slave qsys_mm.syncResets FALSE
2024.08.28.01:45:43 Info: set_connection_parameter_value apf_mctp_mst.altera_axi4lite_master/apf_bpf_slv.altera_axi4lite_slave qsys_mm.widthAdapterImplementation GENERIC_CONVERTER
2024.08.28.01:45:43 Info: set_connection_parameter_value apf_mctp_mst.altera_axi4lite_master/apf_bpf_slv.altera_axi4lite_slave slaveDataWidthSysInfo -1
2024.08.28.01:45:43 Info: add_connection apf_mctp_mst.altera_axi4lite_master/apf_pr_slv.altera_axi4lite_slave
2024.08.28.01:45:43 Info: set_connection_parameter_value apf_mctp_mst.altera_axi4lite_master/apf_pr_slv.altera_axi4lite_slave addressMapSysInfo 
2024.08.28.01:45:43 Info: set_connection_parameter_value apf_mctp_mst.altera_axi4lite_master/apf_pr_slv.altera_axi4lite_slave addressWidthSysInfo 
2024.08.28.01:45:43 Info: set_connection_parameter_value apf_mctp_mst.altera_axi4lite_master/apf_pr_slv.altera_axi4lite_slave arbitrationPriority 1
2024.08.28.01:45:43 Info: set_connection_parameter_value apf_mctp_mst.altera_axi4lite_master/apf_pr_slv.altera_axi4lite_slave baseAddress 0x70000
2024.08.28.01:45:43 Info: set_connection_parameter_value apf_mctp_mst.altera_axi4lite_master/apf_pr_slv.altera_axi4lite_slave defaultConnection 0
2024.08.28.01:45:43 Info: set_connection_parameter_value apf_mctp_mst.altera_axi4lite_master/apf_pr_slv.altera_axi4lite_slave domainAlias 
2024.08.28.01:45:43 Info: set_connection_parameter_value apf_mctp_mst.altera_axi4lite_master/apf_pr_slv.altera_axi4lite_slave qsys_mm.burstAdapterImplementation GENERIC_CONVERTER
2024.08.28.01:45:43 Info: set_connection_parameter_value apf_mctp_mst.altera_axi4lite_master/apf_pr_slv.altera_axi4lite_slave qsys_mm.clockCrossingAdapter HANDSHAKE
2024.08.28.01:45:43 Info: set_connection_parameter_value apf_mctp_mst.altera_axi4lite_master/apf_pr_slv.altera_axi4lite_slave qsys_mm.enableEccProtection FALSE
2024.08.28.01:45:43 Info: set_connection_parameter_value apf_mctp_mst.altera_axi4lite_master/apf_pr_slv.altera_axi4lite_slave qsys_mm.enableInstrumentation FALSE
2024.08.28.01:45:43 Info: set_connection_parameter_value apf_mctp_mst.altera_axi4lite_master/apf_pr_slv.altera_axi4lite_slave qsys_mm.insertDefaultSlave FALSE
2024.08.28.01:45:43 Info: set_connection_parameter_value apf_mctp_mst.altera_axi4lite_master/apf_pr_slv.altera_axi4lite_slave qsys_mm.interconnectResetSource DEFAULT
2024.08.28.01:45:43 Info: set_connection_parameter_value apf_mctp_mst.altera_axi4lite_master/apf_pr_slv.altera_axi4lite_slave qsys_mm.interconnectType STANDARD
2024.08.28.01:45:43 Info: set_connection_parameter_value apf_mctp_mst.altera_axi4lite_master/apf_pr_slv.altera_axi4lite_slave qsys_mm.maxAdditionalLatency 1
2024.08.28.01:45:43 Info: set_connection_parameter_value apf_mctp_mst.altera_axi4lite_master/apf_pr_slv.altera_axi4lite_slave qsys_mm.syncResets FALSE
2024.08.28.01:45:43 Info: set_connection_parameter_value apf_mctp_mst.altera_axi4lite_master/apf_pr_slv.altera_axi4lite_slave qsys_mm.widthAdapterImplementation GENERIC_CONVERTER
2024.08.28.01:45:43 Info: set_connection_parameter_value apf_mctp_mst.altera_axi4lite_master/apf_pr_slv.altera_axi4lite_slave slaveDataWidthSysInfo -1
2024.08.28.01:45:43 Info: add_connection apf_mctp_mst.altera_axi4lite_master/apf_pr_2_slv.altera_axi4lite_slave
2024.08.28.01:45:43 Info: set_connection_parameter_value apf_mctp_mst.altera_axi4lite_master/apf_pr_2_slv.altera_axi4lite_slave addressMapSysInfo 
2024.08.28.01:45:43 Info: set_connection_parameter_value apf_mctp_mst.altera_axi4lite_master/apf_pr_2_slv.altera_axi4lite_slave addressWidthSysInfo 
2024.08.28.01:45:43 Info: set_connection_parameter_value apf_mctp_mst.altera_axi4lite_master/apf_pr_2_slv.altera_axi4lite_slave arbitrationPriority 1
2024.08.28.01:45:43 Info: set_connection_parameter_value apf_mctp_mst.altera_axi4lite_master/apf_pr_2_slv.altera_axi4lite_slave baseAddress 0x90000
2024.08.28.01:45:43 Info: set_connection_parameter_value apf_mctp_mst.altera_axi4lite_master/apf_pr_2_slv.altera_axi4lite_slave defaultConnection 0
2024.08.28.01:45:43 Info: set_connection_parameter_value apf_mctp_mst.altera_axi4lite_master/apf_pr_2_slv.altera_axi4lite_slave domainAlias 
2024.08.28.01:45:43 Info: set_connection_parameter_value apf_mctp_mst.altera_axi4lite_master/apf_pr_2_slv.altera_axi4lite_slave qsys_mm.burstAdapterImplementation GENERIC_CONVERTER
2024.08.28.01:45:43 Info: set_connection_parameter_value apf_mctp_mst.altera_axi4lite_master/apf_pr_2_slv.altera_axi4lite_slave qsys_mm.clockCrossingAdapter HANDSHAKE
2024.08.28.01:45:43 Info: set_connection_parameter_value apf_mctp_mst.altera_axi4lite_master/apf_pr_2_slv.altera_axi4lite_slave qsys_mm.enableEccProtection FALSE
2024.08.28.01:45:43 Info: set_connection_parameter_value apf_mctp_mst.altera_axi4lite_master/apf_pr_2_slv.altera_axi4lite_slave qsys_mm.enableInstrumentation FALSE
2024.08.28.01:45:43 Info: set_connection_parameter_value apf_mctp_mst.altera_axi4lite_master/apf_pr_2_slv.altera_axi4lite_slave qsys_mm.insertDefaultSlave FALSE
2024.08.28.01:45:43 Info: set_connection_parameter_value apf_mctp_mst.altera_axi4lite_master/apf_pr_2_slv.altera_axi4lite_slave qsys_mm.interconnectResetSource DEFAULT
2024.08.28.01:45:43 Info: set_connection_parameter_value apf_mctp_mst.altera_axi4lite_master/apf_pr_2_slv.altera_axi4lite_slave qsys_mm.interconnectType STANDARD
2024.08.28.01:45:43 Info: set_connection_parameter_value apf_mctp_mst.altera_axi4lite_master/apf_pr_2_slv.altera_axi4lite_slave qsys_mm.maxAdditionalLatency 1
2024.08.28.01:45:43 Info: set_connection_parameter_value apf_mctp_mst.altera_axi4lite_master/apf_pr_2_slv.altera_axi4lite_slave qsys_mm.syncResets FALSE
2024.08.28.01:45:43 Info: set_connection_parameter_value apf_mctp_mst.altera_axi4lite_master/apf_pr_2_slv.altera_axi4lite_slave qsys_mm.widthAdapterImplementation GENERIC_CONVERTER
2024.08.28.01:45:43 Info: set_connection_parameter_value apf_mctp_mst.altera_axi4lite_master/apf_pr_2_slv.altera_axi4lite_slave slaveDataWidthSysInfo -1
2024.08.28.01:45:43 Info: add_connection apf_mctp_mst.altera_axi4lite_master/apf_st2mm_slv.altera_axi4lite_slave
2024.08.28.01:45:43 Info: set_connection_parameter_value apf_mctp_mst.altera_axi4lite_master/apf_st2mm_slv.altera_axi4lite_slave addressMapSysInfo 
2024.08.28.01:45:43 Info: set_connection_parameter_value apf_mctp_mst.altera_axi4lite_master/apf_st2mm_slv.altera_axi4lite_slave addressWidthSysInfo 
2024.08.28.01:45:43 Info: set_connection_parameter_value apf_mctp_mst.altera_axi4lite_master/apf_st2mm_slv.altera_axi4lite_slave arbitrationPriority 1
2024.08.28.01:45:43 Info: set_connection_parameter_value apf_mctp_mst.altera_axi4lite_master/apf_st2mm_slv.altera_axi4lite_slave baseAddress 0x40000
2024.08.28.01:45:43 Info: set_connection_parameter_value apf_mctp_mst.altera_axi4lite_master/apf_st2mm_slv.altera_axi4lite_slave defaultConnection 0
2024.08.28.01:45:43 Info: set_connection_parameter_value apf_mctp_mst.altera_axi4lite_master/apf_st2mm_slv.altera_axi4lite_slave domainAlias 
2024.08.28.01:45:43 Info: set_connection_parameter_value apf_mctp_mst.altera_axi4lite_master/apf_st2mm_slv.altera_axi4lite_slave qsys_mm.burstAdapterImplementation GENERIC_CONVERTER
2024.08.28.01:45:43 Info: set_connection_parameter_value apf_mctp_mst.altera_axi4lite_master/apf_st2mm_slv.altera_axi4lite_slave qsys_mm.clockCrossingAdapter HANDSHAKE
2024.08.28.01:45:43 Info: set_connection_parameter_value apf_mctp_mst.altera_axi4lite_master/apf_st2mm_slv.altera_axi4lite_slave qsys_mm.enableEccProtection FALSE
2024.08.28.01:45:43 Info: set_connection_parameter_value apf_mctp_mst.altera_axi4lite_master/apf_st2mm_slv.altera_axi4lite_slave qsys_mm.enableInstrumentation FALSE
2024.08.28.01:45:43 Info: set_connection_parameter_value apf_mctp_mst.altera_axi4lite_master/apf_st2mm_slv.altera_axi4lite_slave qsys_mm.insertDefaultSlave FALSE
2024.08.28.01:45:43 Info: set_connection_parameter_value apf_mctp_mst.altera_axi4lite_master/apf_st2mm_slv.altera_axi4lite_slave qsys_mm.interconnectResetSource DEFAULT
2024.08.28.01:45:43 Info: set_connection_parameter_value apf_mctp_mst.altera_axi4lite_master/apf_st2mm_slv.altera_axi4lite_slave qsys_mm.interconnectType STANDARD
2024.08.28.01:45:43 Info: set_connection_parameter_value apf_mctp_mst.altera_axi4lite_master/apf_st2mm_slv.altera_axi4lite_slave qsys_mm.maxAdditionalLatency 1
2024.08.28.01:45:43 Info: set_connection_parameter_value apf_mctp_mst.altera_axi4lite_master/apf_st2mm_slv.altera_axi4lite_slave qsys_mm.syncResets FALSE
2024.08.28.01:45:43 Info: set_connection_parameter_value apf_mctp_mst.altera_axi4lite_master/apf_st2mm_slv.altera_axi4lite_slave qsys_mm.widthAdapterImplementation GENERIC_CONVERTER
2024.08.28.01:45:43 Info: set_connection_parameter_value apf_mctp_mst.altera_axi4lite_master/apf_st2mm_slv.altera_axi4lite_slave slaveDataWidthSysInfo -1
2024.08.28.01:45:43 Info: add_connection apf_mctp_mst.altera_axi4lite_master/apf_uart_slv.altera_axi4lite_slave
2024.08.28.01:45:43 Info: set_connection_parameter_value apf_mctp_mst.altera_axi4lite_master/apf_uart_slv.altera_axi4lite_slave addressMapSysInfo 
2024.08.28.01:45:43 Info: set_connection_parameter_value apf_mctp_mst.altera_axi4lite_master/apf_uart_slv.altera_axi4lite_slave addressWidthSysInfo 
2024.08.28.01:45:43 Info: set_connection_parameter_value apf_mctp_mst.altera_axi4lite_master/apf_uart_slv.altera_axi4lite_slave arbitrationPriority 1
2024.08.28.01:45:43 Info: set_connection_parameter_value apf_mctp_mst.altera_axi4lite_master/apf_uart_slv.altera_axi4lite_slave baseAddress 0x60000
2024.08.28.01:45:43 Info: set_connection_parameter_value apf_mctp_mst.altera_axi4lite_master/apf_uart_slv.altera_axi4lite_slave defaultConnection 0
2024.08.28.01:45:43 Info: set_connection_parameter_value apf_mctp_mst.altera_axi4lite_master/apf_uart_slv.altera_axi4lite_slave domainAlias 
2024.08.28.01:45:43 Info: set_connection_parameter_value apf_mctp_mst.altera_axi4lite_master/apf_uart_slv.altera_axi4lite_slave qsys_mm.burstAdapterImplementation GENERIC_CONVERTER
2024.08.28.01:45:43 Info: set_connection_parameter_value apf_mctp_mst.altera_axi4lite_master/apf_uart_slv.altera_axi4lite_slave qsys_mm.clockCrossingAdapter HANDSHAKE
2024.08.28.01:45:43 Info: set_connection_parameter_value apf_mctp_mst.altera_axi4lite_master/apf_uart_slv.altera_axi4lite_slave qsys_mm.enableEccProtection FALSE
2024.08.28.01:45:43 Info: set_connection_parameter_value apf_mctp_mst.altera_axi4lite_master/apf_uart_slv.altera_axi4lite_slave qsys_mm.enableInstrumentation FALSE
2024.08.28.01:45:43 Info: set_connection_parameter_value apf_mctp_mst.altera_axi4lite_master/apf_uart_slv.altera_axi4lite_slave qsys_mm.insertDefaultSlave FALSE
2024.08.28.01:45:43 Info: set_connection_parameter_value apf_mctp_mst.altera_axi4lite_master/apf_uart_slv.altera_axi4lite_slave qsys_mm.interconnectResetSource DEFAULT
2024.08.28.01:45:43 Info: set_connection_parameter_value apf_mctp_mst.altera_axi4lite_master/apf_uart_slv.altera_axi4lite_slave qsys_mm.interconnectType STANDARD
2024.08.28.01:45:43 Info: set_connection_parameter_value apf_mctp_mst.altera_axi4lite_master/apf_uart_slv.altera_axi4lite_slave qsys_mm.maxAdditionalLatency 1
2024.08.28.01:45:43 Info: set_connection_parameter_value apf_mctp_mst.altera_axi4lite_master/apf_uart_slv.altera_axi4lite_slave qsys_mm.syncResets FALSE
2024.08.28.01:45:43 Info: set_connection_parameter_value apf_mctp_mst.altera_axi4lite_master/apf_uart_slv.altera_axi4lite_slave qsys_mm.widthAdapterImplementation GENERIC_CONVERTER
2024.08.28.01:45:43 Info: set_connection_parameter_value apf_mctp_mst.altera_axi4lite_master/apf_uart_slv.altera_axi4lite_slave slaveDataWidthSysInfo -1
2024.08.28.01:45:43 Info: add_connection apf_clock_bridge.out_clk/apf_uart_mst.clock
2024.08.28.01:45:43 Info: set_connection_parameter_value apf_clock_bridge.out_clk/apf_uart_mst.clock clockDomainSysInfo -1
2024.08.28.01:45:43 Info: set_connection_parameter_value apf_clock_bridge.out_clk/apf_uart_mst.clock clockRateSysInfo 
2024.08.28.01:45:43 Info: set_connection_parameter_value apf_clock_bridge.out_clk/apf_uart_mst.clock clockResetSysInfo 
2024.08.28.01:45:43 Info: set_connection_parameter_value apf_clock_bridge.out_clk/apf_uart_mst.clock resetDomainSysInfo -1
2024.08.28.01:45:43 Info: add_connection apf_reset_bridge.out_reset/apf_uart_mst.reset
2024.08.28.01:45:43 Info: set_connection_parameter_value apf_reset_bridge.out_reset/apf_uart_mst.reset clockDomainSysInfo -1
2024.08.28.01:45:43 Info: set_connection_parameter_value apf_reset_bridge.out_reset/apf_uart_mst.reset clockResetSysInfo 
2024.08.28.01:45:43 Info: set_connection_parameter_value apf_reset_bridge.out_reset/apf_uart_mst.reset resetDomainSysInfo -1
2024.08.28.01:45:43 Info: add_connection apf_uart_mst.altera_axi4lite_master/apf_default_slv.altera_axi4lite_slave
2024.08.28.01:45:43 Info: set_connection_parameter_value apf_uart_mst.altera_axi4lite_master/apf_default_slv.altera_axi4lite_slave addressMapSysInfo 
2024.08.28.01:45:43 Info: set_connection_parameter_value apf_uart_mst.altera_axi4lite_master/apf_default_slv.altera_axi4lite_slave addressWidthSysInfo 
2024.08.28.01:45:43 Info: set_connection_parameter_value apf_uart_mst.altera_axi4lite_master/apf_default_slv.altera_axi4lite_slave arbitrationPriority 1
2024.08.28.01:45:43 Info: set_connection_parameter_value apf_uart_mst.altera_axi4lite_master/apf_default_slv.altera_axi4lite_slave baseAddress 0x0000
2024.08.28.01:45:43 Info: set_connection_parameter_value apf_uart_mst.altera_axi4lite_master/apf_default_slv.altera_axi4lite_slave defaultConnection 1
2024.08.28.01:45:43 Info: set_connection_parameter_value apf_uart_mst.altera_axi4lite_master/apf_default_slv.altera_axi4lite_slave domainAlias 
2024.08.28.01:45:43 Info: set_connection_parameter_value apf_uart_mst.altera_axi4lite_master/apf_default_slv.altera_axi4lite_slave qsys_mm.burstAdapterImplementation GENERIC_CONVERTER
2024.08.28.01:45:43 Info: set_connection_parameter_value apf_uart_mst.altera_axi4lite_master/apf_default_slv.altera_axi4lite_slave qsys_mm.clockCrossingAdapter HANDSHAKE
2024.08.28.01:45:43 Info: set_connection_parameter_value apf_uart_mst.altera_axi4lite_master/apf_default_slv.altera_axi4lite_slave qsys_mm.enableAllPipelines FALSE
2024.08.28.01:45:43 Info: set_connection_parameter_value apf_uart_mst.altera_axi4lite_master/apf_default_slv.altera_axi4lite_slave qsys_mm.enableEccProtection FALSE
2024.08.28.01:45:43 Info: set_connection_parameter_value apf_uart_mst.altera_axi4lite_master/apf_default_slv.altera_axi4lite_slave qsys_mm.enableInstrumentation FALSE
2024.08.28.01:45:43 Info: set_connection_parameter_value apf_uart_mst.altera_axi4lite_master/apf_default_slv.altera_axi4lite_slave qsys_mm.insertDefaultSlave FALSE
2024.08.28.01:45:43 Info: set_connection_parameter_value apf_uart_mst.altera_axi4lite_master/apf_default_slv.altera_axi4lite_slave qsys_mm.interconnectResetSource DEFAULT
2024.08.28.01:45:43 Info: set_connection_parameter_value apf_uart_mst.altera_axi4lite_master/apf_default_slv.altera_axi4lite_slave qsys_mm.interconnectType STANDARD
2024.08.28.01:45:43 Info: set_connection_parameter_value apf_uart_mst.altera_axi4lite_master/apf_default_slv.altera_axi4lite_slave qsys_mm.maxAdditionalLatency 1
2024.08.28.01:45:43 Info: set_connection_parameter_value apf_uart_mst.altera_axi4lite_master/apf_default_slv.altera_axi4lite_slave qsys_mm.optimizeRdFifoSize FALSE
2024.08.28.01:45:43 Info: set_connection_parameter_value apf_uart_mst.altera_axi4lite_master/apf_default_slv.altera_axi4lite_slave qsys_mm.piplineType PIPELINE_STAGE
2024.08.28.01:45:43 Info: set_connection_parameter_value apf_uart_mst.altera_axi4lite_master/apf_default_slv.altera_axi4lite_slave qsys_mm.responseFifoType REGISTER_BASED
2024.08.28.01:45:43 Info: set_connection_parameter_value apf_uart_mst.altera_axi4lite_master/apf_default_slv.altera_axi4lite_slave qsys_mm.syncResets FALSE
2024.08.28.01:45:43 Info: set_connection_parameter_value apf_uart_mst.altera_axi4lite_master/apf_default_slv.altera_axi4lite_slave qsys_mm.widthAdapterImplementation GENERIC_CONVERTER
2024.08.28.01:45:43 Info: set_connection_parameter_value apf_uart_mst.altera_axi4lite_master/apf_default_slv.altera_axi4lite_slave slaveDataWidthSysInfo -1
2024.08.28.01:45:43 Info: add_connection apf_uart_mst.altera_axi4lite_master/apf_achk_slv.altera_axi4lite_slave
2024.08.28.01:45:43 Info: set_connection_parameter_value apf_uart_mst.altera_axi4lite_master/apf_achk_slv.altera_axi4lite_slave addressMapSysInfo 
2024.08.28.01:45:43 Info: set_connection_parameter_value apf_uart_mst.altera_axi4lite_master/apf_achk_slv.altera_axi4lite_slave addressWidthSysInfo 
2024.08.28.01:45:43 Info: set_connection_parameter_value apf_uart_mst.altera_axi4lite_master/apf_achk_slv.altera_axi4lite_slave arbitrationPriority 1
2024.08.28.01:45:43 Info: set_connection_parameter_value apf_uart_mst.altera_axi4lite_master/apf_achk_slv.altera_axi4lite_slave baseAddress 0x80000
2024.08.28.01:45:43 Info: set_connection_parameter_value apf_uart_mst.altera_axi4lite_master/apf_achk_slv.altera_axi4lite_slave defaultConnection 0
2024.08.28.01:45:43 Info: set_connection_parameter_value apf_uart_mst.altera_axi4lite_master/apf_achk_slv.altera_axi4lite_slave domainAlias 
2024.08.28.01:45:43 Info: set_connection_parameter_value apf_uart_mst.altera_axi4lite_master/apf_achk_slv.altera_axi4lite_slave qsys_mm.burstAdapterImplementation GENERIC_CONVERTER
2024.08.28.01:45:43 Info: set_connection_parameter_value apf_uart_mst.altera_axi4lite_master/apf_achk_slv.altera_axi4lite_slave qsys_mm.clockCrossingAdapter HANDSHAKE
2024.08.28.01:45:43 Info: set_connection_parameter_value apf_uart_mst.altera_axi4lite_master/apf_achk_slv.altera_axi4lite_slave qsys_mm.enableEccProtection FALSE
2024.08.28.01:45:43 Info: set_connection_parameter_value apf_uart_mst.altera_axi4lite_master/apf_achk_slv.altera_axi4lite_slave qsys_mm.enableInstrumentation FALSE
2024.08.28.01:45:43 Info: set_connection_parameter_value apf_uart_mst.altera_axi4lite_master/apf_achk_slv.altera_axi4lite_slave qsys_mm.insertDefaultSlave FALSE
2024.08.28.01:45:43 Info: set_connection_parameter_value apf_uart_mst.altera_axi4lite_master/apf_achk_slv.altera_axi4lite_slave qsys_mm.interconnectResetSource DEFAULT
2024.08.28.01:45:43 Info: set_connection_parameter_value apf_uart_mst.altera_axi4lite_master/apf_achk_slv.altera_axi4lite_slave qsys_mm.interconnectType STANDARD
2024.08.28.01:45:43 Info: set_connection_parameter_value apf_uart_mst.altera_axi4lite_master/apf_achk_slv.altera_axi4lite_slave qsys_mm.maxAdditionalLatency 1
2024.08.28.01:45:43 Info: set_connection_parameter_value apf_uart_mst.altera_axi4lite_master/apf_achk_slv.altera_axi4lite_slave qsys_mm.syncResets FALSE
2024.08.28.01:45:43 Info: set_connection_parameter_value apf_uart_mst.altera_axi4lite_master/apf_achk_slv.altera_axi4lite_slave qsys_mm.widthAdapterImplementation GENERIC_CONVERTER
2024.08.28.01:45:43 Info: set_connection_parameter_value apf_uart_mst.altera_axi4lite_master/apf_achk_slv.altera_axi4lite_slave slaveDataWidthSysInfo -1
2024.08.28.01:45:43 Info: add_connection apf_uart_mst.altera_axi4lite_master/apf_bpf_slv.altera_axi4lite_slave
2024.08.28.01:45:43 Info: set_connection_parameter_value apf_uart_mst.altera_axi4lite_master/apf_bpf_slv.altera_axi4lite_slave addressMapSysInfo 
2024.08.28.01:45:43 Info: set_connection_parameter_value apf_uart_mst.altera_axi4lite_master/apf_bpf_slv.altera_axi4lite_slave addressWidthSysInfo 
2024.08.28.01:45:43 Info: set_connection_parameter_value apf_uart_mst.altera_axi4lite_master/apf_bpf_slv.altera_axi4lite_slave arbitrationPriority 1
2024.08.28.01:45:43 Info: set_connection_parameter_value apf_uart_mst.altera_axi4lite_master/apf_bpf_slv.altera_axi4lite_slave baseAddress 0x00000
2024.08.28.01:45:43 Info: set_connection_parameter_value apf_uart_mst.altera_axi4lite_master/apf_bpf_slv.altera_axi4lite_slave defaultConnection 0
2024.08.28.01:45:43 Info: set_connection_parameter_value apf_uart_mst.altera_axi4lite_master/apf_bpf_slv.altera_axi4lite_slave domainAlias 
2024.08.28.01:45:43 Info: set_connection_parameter_value apf_uart_mst.altera_axi4lite_master/apf_bpf_slv.altera_axi4lite_slave qsys_mm.burstAdapterImplementation GENERIC_CONVERTER
2024.08.28.01:45:43 Info: set_connection_parameter_value apf_uart_mst.altera_axi4lite_master/apf_bpf_slv.altera_axi4lite_slave qsys_mm.clockCrossingAdapter HANDSHAKE
2024.08.28.01:45:43 Info: set_connection_parameter_value apf_uart_mst.altera_axi4lite_master/apf_bpf_slv.altera_axi4lite_slave qsys_mm.enableEccProtection FALSE
2024.08.28.01:45:43 Info: set_connection_parameter_value apf_uart_mst.altera_axi4lite_master/apf_bpf_slv.altera_axi4lite_slave qsys_mm.enableInstrumentation FALSE
2024.08.28.01:45:43 Info: set_connection_parameter_value apf_uart_mst.altera_axi4lite_master/apf_bpf_slv.altera_axi4lite_slave qsys_mm.insertDefaultSlave FALSE
2024.08.28.01:45:43 Info: set_connection_parameter_value apf_uart_mst.altera_axi4lite_master/apf_bpf_slv.altera_axi4lite_slave qsys_mm.interconnectResetSource DEFAULT
2024.08.28.01:45:43 Info: set_connection_parameter_value apf_uart_mst.altera_axi4lite_master/apf_bpf_slv.altera_axi4lite_slave qsys_mm.interconnectType STANDARD
2024.08.28.01:45:43 Info: set_connection_parameter_value apf_uart_mst.altera_axi4lite_master/apf_bpf_slv.altera_axi4lite_slave qsys_mm.maxAdditionalLatency 1
2024.08.28.01:45:43 Info: set_connection_parameter_value apf_uart_mst.altera_axi4lite_master/apf_bpf_slv.altera_axi4lite_slave qsys_mm.syncResets FALSE
2024.08.28.01:45:43 Info: set_connection_parameter_value apf_uart_mst.altera_axi4lite_master/apf_bpf_slv.altera_axi4lite_slave qsys_mm.widthAdapterImplementation GENERIC_CONVERTER
2024.08.28.01:45:43 Info: set_connection_parameter_value apf_uart_mst.altera_axi4lite_master/apf_bpf_slv.altera_axi4lite_slave slaveDataWidthSysInfo -1
2024.08.28.01:45:43 Info: add_connection apf_uart_mst.altera_axi4lite_master/apf_pr_slv.altera_axi4lite_slave
2024.08.28.01:45:43 Info: set_connection_parameter_value apf_uart_mst.altera_axi4lite_master/apf_pr_slv.altera_axi4lite_slave addressMapSysInfo 
2024.08.28.01:45:43 Info: set_connection_parameter_value apf_uart_mst.altera_axi4lite_master/apf_pr_slv.altera_axi4lite_slave addressWidthSysInfo 
2024.08.28.01:45:43 Info: set_connection_parameter_value apf_uart_mst.altera_axi4lite_master/apf_pr_slv.altera_axi4lite_slave arbitrationPriority 1
2024.08.28.01:45:43 Info: set_connection_parameter_value apf_uart_mst.altera_axi4lite_master/apf_pr_slv.altera_axi4lite_slave baseAddress 0x70000
2024.08.28.01:45:43 Info: set_connection_parameter_value apf_uart_mst.altera_axi4lite_master/apf_pr_slv.altera_axi4lite_slave defaultConnection 0
2024.08.28.01:45:43 Info: set_connection_parameter_value apf_uart_mst.altera_axi4lite_master/apf_pr_slv.altera_axi4lite_slave domainAlias 
2024.08.28.01:45:43 Info: set_connection_parameter_value apf_uart_mst.altera_axi4lite_master/apf_pr_slv.altera_axi4lite_slave qsys_mm.burstAdapterImplementation GENERIC_CONVERTER
2024.08.28.01:45:43 Info: set_connection_parameter_value apf_uart_mst.altera_axi4lite_master/apf_pr_slv.altera_axi4lite_slave qsys_mm.clockCrossingAdapter HANDSHAKE
2024.08.28.01:45:43 Info: set_connection_parameter_value apf_uart_mst.altera_axi4lite_master/apf_pr_slv.altera_axi4lite_slave qsys_mm.enableEccProtection FALSE
2024.08.28.01:45:43 Info: set_connection_parameter_value apf_uart_mst.altera_axi4lite_master/apf_pr_slv.altera_axi4lite_slave qsys_mm.enableInstrumentation FALSE
2024.08.28.01:45:43 Info: set_connection_parameter_value apf_uart_mst.altera_axi4lite_master/apf_pr_slv.altera_axi4lite_slave qsys_mm.insertDefaultSlave FALSE
2024.08.28.01:45:43 Info: set_connection_parameter_value apf_uart_mst.altera_axi4lite_master/apf_pr_slv.altera_axi4lite_slave qsys_mm.interconnectResetSource DEFAULT
2024.08.28.01:45:43 Info: set_connection_parameter_value apf_uart_mst.altera_axi4lite_master/apf_pr_slv.altera_axi4lite_slave qsys_mm.interconnectType STANDARD
2024.08.28.01:45:43 Info: set_connection_parameter_value apf_uart_mst.altera_axi4lite_master/apf_pr_slv.altera_axi4lite_slave qsys_mm.maxAdditionalLatency 1
2024.08.28.01:45:43 Info: set_connection_parameter_value apf_uart_mst.altera_axi4lite_master/apf_pr_slv.altera_axi4lite_slave qsys_mm.syncResets FALSE
2024.08.28.01:45:43 Info: set_connection_parameter_value apf_uart_mst.altera_axi4lite_master/apf_pr_slv.altera_axi4lite_slave qsys_mm.widthAdapterImplementation GENERIC_CONVERTER
2024.08.28.01:45:43 Info: set_connection_parameter_value apf_uart_mst.altera_axi4lite_master/apf_pr_slv.altera_axi4lite_slave slaveDataWidthSysInfo -1
2024.08.28.01:45:43 Info: add_connection apf_uart_mst.altera_axi4lite_master/apf_pr_2_slv.altera_axi4lite_slave
2024.08.28.01:45:43 Info: set_connection_parameter_value apf_uart_mst.altera_axi4lite_master/apf_pr_2_slv.altera_axi4lite_slave addressMapSysInfo 
2024.08.28.01:45:43 Info: set_connection_parameter_value apf_uart_mst.altera_axi4lite_master/apf_pr_2_slv.altera_axi4lite_slave addressWidthSysInfo 
2024.08.28.01:45:43 Info: set_connection_parameter_value apf_uart_mst.altera_axi4lite_master/apf_pr_2_slv.altera_axi4lite_slave arbitrationPriority 1
2024.08.28.01:45:43 Info: set_connection_parameter_value apf_uart_mst.altera_axi4lite_master/apf_pr_2_slv.altera_axi4lite_slave baseAddress 0x90000
2024.08.28.01:45:43 Info: set_connection_parameter_value apf_uart_mst.altera_axi4lite_master/apf_pr_2_slv.altera_axi4lite_slave defaultConnection 0
2024.08.28.01:45:43 Info: set_connection_parameter_value apf_uart_mst.altera_axi4lite_master/apf_pr_2_slv.altera_axi4lite_slave domainAlias 
2024.08.28.01:45:43 Info: set_connection_parameter_value apf_uart_mst.altera_axi4lite_master/apf_pr_2_slv.altera_axi4lite_slave qsys_mm.burstAdapterImplementation GENERIC_CONVERTER
2024.08.28.01:45:43 Info: set_connection_parameter_value apf_uart_mst.altera_axi4lite_master/apf_pr_2_slv.altera_axi4lite_slave qsys_mm.clockCrossingAdapter HANDSHAKE
2024.08.28.01:45:43 Info: set_connection_parameter_value apf_uart_mst.altera_axi4lite_master/apf_pr_2_slv.altera_axi4lite_slave qsys_mm.enableEccProtection FALSE
2024.08.28.01:45:43 Info: set_connection_parameter_value apf_uart_mst.altera_axi4lite_master/apf_pr_2_slv.altera_axi4lite_slave qsys_mm.enableInstrumentation FALSE
2024.08.28.01:45:43 Info: set_connection_parameter_value apf_uart_mst.altera_axi4lite_master/apf_pr_2_slv.altera_axi4lite_slave qsys_mm.insertDefaultSlave FALSE
2024.08.28.01:45:43 Info: set_connection_parameter_value apf_uart_mst.altera_axi4lite_master/apf_pr_2_slv.altera_axi4lite_slave qsys_mm.interconnectResetSource DEFAULT
2024.08.28.01:45:43 Info: set_connection_parameter_value apf_uart_mst.altera_axi4lite_master/apf_pr_2_slv.altera_axi4lite_slave qsys_mm.interconnectType STANDARD
2024.08.28.01:45:43 Info: set_connection_parameter_value apf_uart_mst.altera_axi4lite_master/apf_pr_2_slv.altera_axi4lite_slave qsys_mm.maxAdditionalLatency 1
2024.08.28.01:45:43 Info: set_connection_parameter_value apf_uart_mst.altera_axi4lite_master/apf_pr_2_slv.altera_axi4lite_slave qsys_mm.syncResets FALSE
2024.08.28.01:45:43 Info: set_connection_parameter_value apf_uart_mst.altera_axi4lite_master/apf_pr_2_slv.altera_axi4lite_slave qsys_mm.widthAdapterImplementation GENERIC_CONVERTER
2024.08.28.01:45:43 Info: set_connection_parameter_value apf_uart_mst.altera_axi4lite_master/apf_pr_2_slv.altera_axi4lite_slave slaveDataWidthSysInfo -1
2024.08.28.01:45:43 Info: add_connection apf_uart_mst.altera_axi4lite_master/apf_st2mm_slv.altera_axi4lite_slave
2024.08.28.01:45:43 Info: set_connection_parameter_value apf_uart_mst.altera_axi4lite_master/apf_st2mm_slv.altera_axi4lite_slave addressMapSysInfo 
2024.08.28.01:45:43 Info: set_connection_parameter_value apf_uart_mst.altera_axi4lite_master/apf_st2mm_slv.altera_axi4lite_slave addressWidthSysInfo 
2024.08.28.01:45:43 Info: set_connection_parameter_value apf_uart_mst.altera_axi4lite_master/apf_st2mm_slv.altera_axi4lite_slave arbitrationPriority 1
2024.08.28.01:45:43 Info: set_connection_parameter_value apf_uart_mst.altera_axi4lite_master/apf_st2mm_slv.altera_axi4lite_slave baseAddress 0x40000
2024.08.28.01:45:43 Info: set_connection_parameter_value apf_uart_mst.altera_axi4lite_master/apf_st2mm_slv.altera_axi4lite_slave defaultConnection 0
2024.08.28.01:45:43 Info: set_connection_parameter_value apf_uart_mst.altera_axi4lite_master/apf_st2mm_slv.altera_axi4lite_slave domainAlias 
2024.08.28.01:45:43 Info: set_connection_parameter_value apf_uart_mst.altera_axi4lite_master/apf_st2mm_slv.altera_axi4lite_slave qsys_mm.burstAdapterImplementation GENERIC_CONVERTER
2024.08.28.01:45:43 Info: set_connection_parameter_value apf_uart_mst.altera_axi4lite_master/apf_st2mm_slv.altera_axi4lite_slave qsys_mm.clockCrossingAdapter HANDSHAKE
2024.08.28.01:45:43 Info: set_connection_parameter_value apf_uart_mst.altera_axi4lite_master/apf_st2mm_slv.altera_axi4lite_slave qsys_mm.enableEccProtection FALSE
2024.08.28.01:45:43 Info: set_connection_parameter_value apf_uart_mst.altera_axi4lite_master/apf_st2mm_slv.altera_axi4lite_slave qsys_mm.enableInstrumentation FALSE
2024.08.28.01:45:43 Info: set_connection_parameter_value apf_uart_mst.altera_axi4lite_master/apf_st2mm_slv.altera_axi4lite_slave qsys_mm.insertDefaultSlave FALSE
2024.08.28.01:45:43 Info: set_connection_parameter_value apf_uart_mst.altera_axi4lite_master/apf_st2mm_slv.altera_axi4lite_slave qsys_mm.interconnectResetSource DEFAULT
2024.08.28.01:45:43 Info: set_connection_parameter_value apf_uart_mst.altera_axi4lite_master/apf_st2mm_slv.altera_axi4lite_slave qsys_mm.interconnectType STANDARD
2024.08.28.01:45:43 Info: set_connection_parameter_value apf_uart_mst.altera_axi4lite_master/apf_st2mm_slv.altera_axi4lite_slave qsys_mm.maxAdditionalLatency 1
2024.08.28.01:45:43 Info: set_connection_parameter_value apf_uart_mst.altera_axi4lite_master/apf_st2mm_slv.altera_axi4lite_slave qsys_mm.syncResets FALSE
2024.08.28.01:45:43 Info: set_connection_parameter_value apf_uart_mst.altera_axi4lite_master/apf_st2mm_slv.altera_axi4lite_slave qsys_mm.widthAdapterImplementation GENERIC_CONVERTER
2024.08.28.01:45:43 Info: set_connection_parameter_value apf_uart_mst.altera_axi4lite_master/apf_st2mm_slv.altera_axi4lite_slave slaveDataWidthSysInfo -1
2024.08.28.01:45:43 Info: add_connection apf_uart_mst.altera_axi4lite_master/apf_uart_slv.altera_axi4lite_slave
2024.08.28.01:45:43 Info: set_connection_parameter_value apf_uart_mst.altera_axi4lite_master/apf_uart_slv.altera_axi4lite_slave addressMapSysInfo 
2024.08.28.01:45:43 Info: set_connection_parameter_value apf_uart_mst.altera_axi4lite_master/apf_uart_slv.altera_axi4lite_slave addressWidthSysInfo 
2024.08.28.01:45:43 Info: set_connection_parameter_value apf_uart_mst.altera_axi4lite_master/apf_uart_slv.altera_axi4lite_slave arbitrationPriority 1
2024.08.28.01:45:43 Info: set_connection_parameter_value apf_uart_mst.altera_axi4lite_master/apf_uart_slv.altera_axi4lite_slave baseAddress 0x60000
2024.08.28.01:45:43 Info: set_connection_parameter_value apf_uart_mst.altera_axi4lite_master/apf_uart_slv.altera_axi4lite_slave defaultConnection 0
2024.08.28.01:45:43 Info: set_connection_parameter_value apf_uart_mst.altera_axi4lite_master/apf_uart_slv.altera_axi4lite_slave domainAlias 
2024.08.28.01:45:43 Info: set_connection_parameter_value apf_uart_mst.altera_axi4lite_master/apf_uart_slv.altera_axi4lite_slave qsys_mm.burstAdapterImplementation GENERIC_CONVERTER
2024.08.28.01:45:43 Info: set_connection_parameter_value apf_uart_mst.altera_axi4lite_master/apf_uart_slv.altera_axi4lite_slave qsys_mm.clockCrossingAdapter HANDSHAKE
2024.08.28.01:45:43 Info: set_connection_parameter_value apf_uart_mst.altera_axi4lite_master/apf_uart_slv.altera_axi4lite_slave qsys_mm.enableEccProtection FALSE
2024.08.28.01:45:43 Info: set_connection_parameter_value apf_uart_mst.altera_axi4lite_master/apf_uart_slv.altera_axi4lite_slave qsys_mm.enableInstrumentation FALSE
2024.08.28.01:45:43 Info: set_connection_parameter_value apf_uart_mst.altera_axi4lite_master/apf_uart_slv.altera_axi4lite_slave qsys_mm.insertDefaultSlave FALSE
2024.08.28.01:45:43 Info: set_connection_parameter_value apf_uart_mst.altera_axi4lite_master/apf_uart_slv.altera_axi4lite_slave qsys_mm.interconnectResetSource DEFAULT
2024.08.28.01:45:43 Info: set_connection_parameter_value apf_uart_mst.altera_axi4lite_master/apf_uart_slv.altera_axi4lite_slave qsys_mm.interconnectType STANDARD
2024.08.28.01:45:43 Info: set_connection_parameter_value apf_uart_mst.altera_axi4lite_master/apf_uart_slv.altera_axi4lite_slave qsys_mm.maxAdditionalLatency 1
2024.08.28.01:45:43 Info: set_connection_parameter_value apf_uart_mst.altera_axi4lite_master/apf_uart_slv.altera_axi4lite_slave qsys_mm.syncResets FALSE
2024.08.28.01:45:43 Info: set_connection_parameter_value apf_uart_mst.altera_axi4lite_master/apf_uart_slv.altera_axi4lite_slave qsys_mm.widthAdapterImplementation GENERIC_CONVERTER
2024.08.28.01:45:43 Info: set_connection_parameter_value apf_uart_mst.altera_axi4lite_master/apf_uart_slv.altera_axi4lite_slave slaveDataWidthSysInfo -1
2024.08.28.01:45:43 Info: set_interface_property apf_bpf_mst EXPORT_OF apf_bpf_mst.altera_axi4lite_slave
2024.08.28.01:45:43 Info: set_interface_property apf_st2mm_mst EXPORT_OF apf_st2mm_mst.altera_axi4lite_slave
2024.08.28.01:45:43 Info: set_interface_property apf_mctp_mst EXPORT_OF apf_mctp_mst.altera_axi4lite_slave
2024.08.28.01:45:43 Info: set_interface_property apf_uart_mst EXPORT_OF apf_uart_mst.altera_axi4lite_slave
2024.08.28.01:45:43 Info: set_interface_property apf_bpf_slv EXPORT_OF apf_bpf_slv.altera_axi4lite_master
2024.08.28.01:45:43 Info: set_interface_property apf_st2mm_slv EXPORT_OF apf_st2mm_slv.altera_axi4lite_master
2024.08.28.01:45:43 Info: set_interface_property apf_uart_slv EXPORT_OF apf_uart_slv.altera_axi4lite_master
2024.08.28.01:45:43 Info: set_interface_property apf_pr_slv EXPORT_OF apf_pr_slv.altera_axi4lite_master
2024.08.28.01:45:43 Info: set_interface_property apf_achk_slv EXPORT_OF apf_achk_slv.altera_axi4lite_master
2024.08.28.01:45:43 Info: set_interface_property apf_pr_2_slv EXPORT_OF apf_pr_2_slv.altera_axi4lite_master
2024.08.28.01:45:43 Info: set_module_property FILE apf.qsys
2024.08.28.01:45:43 Info: set_module_property GENERATION_ID 0x00000000
2024.08.28.01:45:43 Info: set_module_property NAME apf
2024.08.28.01:45:43 Info: sync_sysinfo_parameters 
2024.08.28.01:45:43 Info: Synchronizing System Information for apf_clock_bridge
2024.08.28.01:45:43 Info: Synchronizing System Information for apf_reset_bridge
2024.08.28.01:45:43 Info: Synchronizing System Information for apf_default_slv
2024.08.28.01:45:43 Info: Synchronizing System Information for apf_bpf_slv
2024.08.28.01:45:43 Info: Synchronizing System Information for apf_st2mm_slv
2024.08.28.01:45:43 Info: Synchronizing System Information for apf_uart_slv
2024.08.28.01:45:43 Info: Synchronizing System Information for apf_pr_slv
2024.08.28.01:45:43 Info: Synchronizing System Information for apf_achk_slv
2024.08.28.01:45:43 Info: Synchronizing System Information for apf_pr_2_slv
2024.08.28.01:45:43 Info: Synchronizing System Information for apf_bpf_mst
2024.08.28.01:45:43 Info: Synchronizing System Information for apf_st2mm_mst
2024.08.28.01:45:43 Info: Synchronizing System Information for apf_mctp_mst
2024.08.28.01:45:43 Info: Synchronizing System Information for apf_uart_mst
2024.08.28.01:45:43 Info: save_system apf
2024.08.28.01:45:44 Info: Info: All modules have been converted to Generic Components.
PASS: STAGE apf.tcl to apf.qsys generation
***************************************************************
Quartus is a registered trademark of Intel Corporation in the
US and other countries.  Portions of the Quartus Prime software
code, and other portions of the code included in this download
or on this DVD, are licensed to Intel Corporation and are the
copyrighted property of third parties. For license details,
refer to the End User License Agreement at
http://fpgasoftware.intel.com/eula.
***************************************************************

2024.08.28.01:45:45 Info: Doing: qsys-script --quartus-project=ofs_top --script=bpf.tcl
2024.08.28.01:45:48 Info: create_system bpf
2024.08.28.01:45:48 Info: set_project_property DEVICE AGFB014R24A2E2V
2024.08.28.01:45:48 Info: set_project_property DEVICE_FAMILY Agilex
2024.08.28.01:45:48 Info: set_project_property HIDE_FROM_IP_CATALOG false
2024.08.28.01:45:48 Info: set_use_testbench_naming_pattern false 
2024.08.28.01:45:48 Info: add_component bpf_clock_bridge ip/bpf/bpf_clock_bridge.ip altera_clock_bridge bpf_clock_bridge
2024.08.28.01:45:49 Info: bpf_clock_bridge: Generic Component instance footprint reloaded.
2024.08.28.01:45:49 Info: load_component bpf_clock_bridge
2024.08.28.01:45:49 Info: set_component_parameter_value EXPLICIT_CLOCK_RATE 0.0
2024.08.28.01:45:49 Info: set_component_parameter_value NUM_CLOCK_OUTPUTS 1
2024.08.28.01:45:49 Info: set_component_project_property HIDE_FROM_IP_CATALOG false
2024.08.28.01:45:49 Info: save_component 
2024.08.28.01:45:49 Info: load_instantiation bpf_clock_bridge
2024.08.28.01:45:49 Info: remove_instantiation_interfaces_and_ports 
2024.08.28.01:45:49 Info: add_instantiation_interface in_clk clock INPUT
2024.08.28.01:45:49 Info: set_instantiation_interface_parameter_value in_clk clockRate 0
2024.08.28.01:45:49 Info: set_instantiation_interface_parameter_value in_clk externallyDriven false
2024.08.28.01:45:49 Info: set_instantiation_interface_parameter_value in_clk ptfSchematicName 
2024.08.28.01:45:49 Info: add_instantiation_interface_port in_clk in_clk clk 1 standard logic Input
2024.08.28.01:45:49 Info: add_instantiation_interface out_clk clock OUTPUT
2024.08.28.01:45:49 Info: set_instantiation_interface_parameter_value out_clk associatedDirectClock in_clk
2024.08.28.01:45:49 Info: set_instantiation_interface_parameter_value out_clk clockRate 0
2024.08.28.01:45:49 Info: set_instantiation_interface_parameter_value out_clk clockRateKnown false
2024.08.28.01:45:49 Info: set_instantiation_interface_parameter_value out_clk externallyDriven false
2024.08.28.01:45:49 Info: set_instantiation_interface_parameter_value out_clk ptfSchematicName 
2024.08.28.01:45:49 Info: set_instantiation_interface_sysinfo_parameter_value out_clk CLOCK_RATE 0
2024.08.28.01:45:49 Info: add_instantiation_interface_port out_clk out_clk clk 1 standard logic Output
2024.08.28.01:45:49 Info: save_instantiation 
2024.08.28.01:45:49 Info: add_component bpf_reset_bridge ip/bpf/bpf_reset_bridge.ip altera_reset_bridge bpf_reset_bridge
2024.08.28.01:45:49 Info: bpf_reset_bridge: Generic Component instance footprint reloaded.
2024.08.28.01:45:49 Info: load_component bpf_reset_bridge
2024.08.28.01:45:49 Info: set_component_parameter_value ACTIVE_LOW_RESET 1
2024.08.28.01:45:49 Info: set_component_parameter_value NUM_RESET_OUTPUTS 1
2024.08.28.01:45:49 Info: set_component_parameter_value SYNCHRONOUS_EDGES deassert
2024.08.28.01:45:49 Info: set_component_parameter_value SYNC_RESET 0
2024.08.28.01:45:49 Info: set_component_parameter_value USE_RESET_REQUEST 0
2024.08.28.01:45:49 Info: set_component_project_property HIDE_FROM_IP_CATALOG false
2024.08.28.01:45:49 Info: save_component 
2024.08.28.01:45:49 Info: load_instantiation bpf_reset_bridge
2024.08.28.01:45:49 Info: remove_instantiation_interfaces_and_ports 
2024.08.28.01:45:49 Info: add_instantiation_interface clk clock INPUT
2024.08.28.01:45:49 Info: set_instantiation_interface_parameter_value clk clockRate 0
2024.08.28.01:45:49 Info: set_instantiation_interface_parameter_value clk externallyDriven false
2024.08.28.01:45:49 Info: set_instantiation_interface_parameter_value clk ptfSchematicName 
2024.08.28.01:45:49 Info: add_instantiation_interface_port clk clk clk 1 standard logic Input
2024.08.28.01:45:49 Info: add_instantiation_interface in_reset reset INPUT
2024.08.28.01:45:49 Info: set_instantiation_interface_parameter_value in_reset associatedClock clk
2024.08.28.01:45:49 Info: set_instantiation_interface_parameter_value in_reset synchronousEdges DEASSERT
2024.08.28.01:45:49 Info: add_instantiation_interface_port in_reset in_reset_n reset_n 1 standard logic Input
2024.08.28.01:45:49 Info: add_instantiation_interface out_reset reset OUTPUT
2024.08.28.01:45:49 Info: set_instantiation_interface_parameter_value out_reset associatedClock clk
2024.08.28.01:45:49 Info: set_instantiation_interface_parameter_value out_reset associatedDirectReset in_reset
2024.08.28.01:45:49 Info: set_instantiation_interface_parameter_value out_reset associatedResetSinks in_reset
2024.08.28.01:45:49 Info: set_instantiation_interface_parameter_value out_reset synchronousEdges DEASSERT
2024.08.28.01:45:49 Info: add_instantiation_interface_port out_reset out_reset_n reset_n 1 standard logic Output
2024.08.28.01:45:49 Info: save_instantiation 
2024.08.28.01:45:49 Info: add_connection bpf_clock_bridge.out_clk/bpf_reset_bridge.clk
2024.08.28.01:45:49 Info: set_connection_parameter_value bpf_clock_bridge.out_clk/bpf_reset_bridge.clk clockDomainSysInfo -1
2024.08.28.01:45:49 Info: set_connection_parameter_value bpf_clock_bridge.out_clk/bpf_reset_bridge.clk clockRateSysInfo 
2024.08.28.01:45:49 Info: set_connection_parameter_value bpf_clock_bridge.out_clk/bpf_reset_bridge.clk clockResetSysInfo 
2024.08.28.01:45:49 Info: set_connection_parameter_value bpf_clock_bridge.out_clk/bpf_reset_bridge.clk resetDomainSysInfo -1
2024.08.28.01:45:49 Info: set_interface_property clk EXPORT_OF bpf_clock_bridge.in_clk
2024.08.28.01:45:49 Info: set_interface_property rst_n EXPORT_OF bpf_reset_bridge.in_reset
2024.08.28.01:45:49 Info: add_component bpf_default_slv ip/bpf/bpf_default_slv.ip axi4lite_rsp bpf_default_slv 1.0
2024.08.28.01:45:49 Info: bpf_default_slv: Generic Component instance footprint reloaded.
2024.08.28.01:45:49 Info: load_component bpf_default_slv
2024.08.28.01:45:49 Info: set_component_parameter_value AW 6
2024.08.28.01:45:49 Info: set_component_parameter_value DW 64
2024.08.28.01:45:49 Info: set_component_parameter_value RSP_STATUS 0
2024.08.28.01:45:49 Info: set_component_parameter_value RSP_VALUE 0x0000000000000000
2024.08.28.01:45:49 Info: set_component_project_property HIDE_FROM_IP_CATALOG false
2024.08.28.01:45:49 Info: save_component 
2024.08.28.01:45:49 Info: load_instantiation bpf_default_slv
2024.08.28.01:45:49 Info: remove_instantiation_interfaces_and_ports 
2024.08.28.01:45:49 Info: add_instantiation_interface clock clock INPUT
2024.08.28.01:45:49 Info: set_instantiation_interface_parameter_value clock clockRate 0
2024.08.28.01:45:49 Info: set_instantiation_interface_parameter_value clock externallyDriven false
2024.08.28.01:45:49 Info: set_instantiation_interface_parameter_value clock ptfSchematicName 
2024.08.28.01:45:49 Info: add_instantiation_interface_port clock clk clk 1 standard logic Input
2024.08.28.01:45:49 Info: add_instantiation_interface reset reset INPUT
2024.08.28.01:45:49 Info: set_instantiation_interface_parameter_value reset associatedClock clock
2024.08.28.01:45:49 Info: set_instantiation_interface_parameter_value reset synchronousEdges DEASSERT
2024.08.28.01:45:49 Info: add_instantiation_interface_port reset rst_n reset_n 1 standard logic Input
2024.08.28.01:45:49 Info: add_instantiation_interface altera_axi4lite_slave axi4lite INPUT
2024.08.28.01:45:49 Info: set_instantiation_interface_parameter_value altera_axi4lite_slave associatedClock clock
2024.08.28.01:45:49 Info: set_instantiation_interface_parameter_value altera_axi4lite_slave associatedReset reset
2024.08.28.01:45:49 Info: set_instantiation_interface_parameter_value altera_axi4lite_slave bridgesToMaster 
2024.08.28.01:45:49 Info: set_instantiation_interface_parameter_value altera_axi4lite_slave combinedAcceptanceCapability 1
2024.08.28.01:45:49 Info: set_instantiation_interface_parameter_value altera_axi4lite_slave maximumOutstandingReads 1
2024.08.28.01:45:49 Info: set_instantiation_interface_parameter_value altera_axi4lite_slave maximumOutstandingTransactions 1
2024.08.28.01:45:49 Info: set_instantiation_interface_parameter_value altera_axi4lite_slave maximumOutstandingWrites 1
2024.08.28.01:45:49 Info: set_instantiation_interface_parameter_value altera_axi4lite_slave readAcceptanceCapability 1
2024.08.28.01:45:49 Info: set_instantiation_interface_parameter_value altera_axi4lite_slave readDataReorderingDepth 1
2024.08.28.01:45:49 Info: set_instantiation_interface_parameter_value altera_axi4lite_slave trustzoneAware true
2024.08.28.01:45:49 Info: set_instantiation_interface_parameter_value altera_axi4lite_slave writeAcceptanceCapability 1
2024.08.28.01:45:49 Info: add_instantiation_interface_port altera_axi4lite_slave s_awaddr awaddr 6 standard logic vector Input
2024.08.28.01:45:49 Info: add_instantiation_interface_port altera_axi4lite_slave s_awprot awprot 3 standard logic vector Input
2024.08.28.01:45:49 Info: add_instantiation_interface_port altera_axi4lite_slave s_awvalid awvalid 1 standard logic Input
2024.08.28.01:45:49 Info: add_instantiation_interface_port altera_axi4lite_slave s_awready awready 1 standard logic Output
2024.08.28.01:45:49 Info: add_instantiation_interface_port altera_axi4lite_slave s_wdata wdata 64 standard logic vector Input
2024.08.28.01:45:49 Info: add_instantiation_interface_port altera_axi4lite_slave s_wstrb wstrb 8 standard logic vector Input
2024.08.28.01:45:49 Info: add_instantiation_interface_port altera_axi4lite_slave s_wvalid wvalid 1 standard logic Input
2024.08.28.01:45:49 Info: add_instantiation_interface_port altera_axi4lite_slave s_wready wready 1 standard logic Output
2024.08.28.01:45:49 Info: add_instantiation_interface_port altera_axi4lite_slave s_bresp bresp 2 standard logic vector Output
2024.08.28.01:45:49 Info: add_instantiation_interface_port altera_axi4lite_slave s_bvalid bvalid 1 standard logic Output
2024.08.28.01:45:49 Info: add_instantiation_interface_port altera_axi4lite_slave s_bready bready 1 standard logic Input
2024.08.28.01:45:49 Info: add_instantiation_interface_port altera_axi4lite_slave s_araddr araddr 6 standard logic vector Input
2024.08.28.01:45:49 Info: add_instantiation_interface_port altera_axi4lite_slave s_arprot arprot 3 standard logic vector Input
2024.08.28.01:45:49 Info: add_instantiation_interface_port altera_axi4lite_slave s_arvalid arvalid 1 standard logic Input
2024.08.28.01:45:49 Info: add_instantiation_interface_port altera_axi4lite_slave s_arready arready 1 standard logic Output
2024.08.28.01:45:49 Info: add_instantiation_interface_port altera_axi4lite_slave s_rdata rdata 64 standard logic vector Output
2024.08.28.01:45:49 Info: add_instantiation_interface_port altera_axi4lite_slave s_rresp rresp 2 standard logic vector Output
2024.08.28.01:45:49 Info: add_instantiation_interface_port altera_axi4lite_slave s_rvalid rvalid 1 standard logic Output
2024.08.28.01:45:49 Info: add_instantiation_interface_port altera_axi4lite_slave s_rready rready 1 standard logic Input
2024.08.28.01:45:49 Info: save_instantiation 
2024.08.28.01:45:49 Info: add_connection bpf_clock_bridge.out_clk/bpf_default_slv.clock
2024.08.28.01:45:49 Info: set_connection_parameter_value bpf_clock_bridge.out_clk/bpf_default_slv.clock clockDomainSysInfo -1
2024.08.28.01:45:49 Info: set_connection_parameter_value bpf_clock_bridge.out_clk/bpf_default_slv.clock clockRateSysInfo 
2024.08.28.01:45:49 Info: set_connection_parameter_value bpf_clock_bridge.out_clk/bpf_default_slv.clock clockResetSysInfo 
2024.08.28.01:45:49 Info: set_connection_parameter_value bpf_clock_bridge.out_clk/bpf_default_slv.clock resetDomainSysInfo -1
2024.08.28.01:45:49 Info: add_connection bpf_reset_bridge.out_reset/bpf_default_slv.reset
2024.08.28.01:45:49 Info: set_connection_parameter_value bpf_reset_bridge.out_reset/bpf_default_slv.reset clockDomainSysInfo -1
2024.08.28.01:45:49 Info: set_connection_parameter_value bpf_reset_bridge.out_reset/bpf_default_slv.reset clockResetSysInfo 
2024.08.28.01:45:49 Info: set_connection_parameter_value bpf_reset_bridge.out_reset/bpf_default_slv.reset resetDomainSysInfo -1
2024.08.28.01:45:49 Info: add_component bpf_fme_slv ip/bpf/bpf_fme_slv.ip axi4lite_shim bpf_fme_slv 1.0
2024.08.28.01:45:49 Info: bpf_fme_slv: Generic Component instance footprint reloaded.
2024.08.28.01:45:49 Info: load_component bpf_fme_slv
2024.08.28.01:45:49 Info: set_component_parameter_value AW 16
2024.08.28.01:45:49 Info: set_component_parameter_value DW 64
2024.08.28.01:45:49 Info: set_component_project_property HIDE_FROM_IP_CATALOG false
2024.08.28.01:45:49 Info: save_component 
2024.08.28.01:45:49 Info: load_instantiation bpf_fme_slv
2024.08.28.01:45:49 Info: remove_instantiation_interfaces_and_ports 
2024.08.28.01:45:49 Info: add_instantiation_interface clock clock INPUT
2024.08.28.01:45:49 Info: set_instantiation_interface_parameter_value clock clockRate 0
2024.08.28.01:45:49 Info: set_instantiation_interface_parameter_value clock externallyDriven false
2024.08.28.01:45:49 Info: set_instantiation_interface_parameter_value clock ptfSchematicName 
2024.08.28.01:45:49 Info: add_instantiation_interface_port clock clk clk 1 standard logic Input
2024.08.28.01:45:49 Info: add_instantiation_interface reset reset INPUT
2024.08.28.01:45:49 Info: set_instantiation_interface_parameter_value reset associatedClock clock
2024.08.28.01:45:49 Info: set_instantiation_interface_parameter_value reset synchronousEdges DEASSERT
2024.08.28.01:45:49 Info: add_instantiation_interface_port reset rst_n reset_n 1 standard logic Input
2024.08.28.01:45:49 Info: add_instantiation_interface altera_axi4lite_slave axi4lite INPUT
2024.08.28.01:45:49 Info: set_instantiation_interface_parameter_value altera_axi4lite_slave associatedClock clock
2024.08.28.01:45:49 Info: set_instantiation_interface_parameter_value altera_axi4lite_slave associatedReset reset
2024.08.28.01:45:49 Info: set_instantiation_interface_parameter_value altera_axi4lite_slave bridgesToMaster 
2024.08.28.01:45:49 Info: set_instantiation_interface_parameter_value altera_axi4lite_slave combinedAcceptanceCapability 16
2024.08.28.01:45:49 Info: set_instantiation_interface_parameter_value altera_axi4lite_slave maximumOutstandingReads 16
2024.08.28.01:45:49 Info: set_instantiation_interface_parameter_value altera_axi4lite_slave maximumOutstandingTransactions 16
2024.08.28.01:45:49 Info: set_instantiation_interface_parameter_value altera_axi4lite_slave maximumOutstandingWrites 16/4
2024.08.28.01:45:49 Info: set_instantiation_interface_parameter_value altera_axi4lite_slave readAcceptanceCapability 16
2024.08.28.01:45:49 Info: set_instantiation_interface_parameter_value altera_axi4lite_slave readDataReorderingDepth 1
2024.08.28.01:45:49 Info: set_instantiation_interface_parameter_value altera_axi4lite_slave trustzoneAware true
2024.08.28.01:45:49 Info: set_instantiation_interface_parameter_value altera_axi4lite_slave writeAcceptanceCapability 16/4
2024.08.28.01:45:49 Info: add_instantiation_interface_port altera_axi4lite_slave s_awaddr awaddr 16 standard logic vector Input
2024.08.28.01:45:49 Info: add_instantiation_interface_port altera_axi4lite_slave s_awprot awprot 3 standard logic vector Input
2024.08.28.01:45:49 Info: add_instantiation_interface_port altera_axi4lite_slave s_awvalid awvalid 1 standard logic Input
2024.08.28.01:45:49 Info: add_instantiation_interface_port altera_axi4lite_slave s_awready awready 1 standard logic Output
2024.08.28.01:45:49 Info: add_instantiation_interface_port altera_axi4lite_slave s_wdata wdata 64 standard logic vector Input
2024.08.28.01:45:49 Info: add_instantiation_interface_port altera_axi4lite_slave s_wstrb wstrb 8 standard logic vector Input
2024.08.28.01:45:49 Info: add_instantiation_interface_port altera_axi4lite_slave s_wvalid wvalid 1 standard logic Input
2024.08.28.01:45:49 Info: add_instantiation_interface_port altera_axi4lite_slave s_wready wready 1 standard logic Output
2024.08.28.01:45:49 Info: add_instantiation_interface_port altera_axi4lite_slave s_bresp bresp 2 standard logic vector Output
2024.08.28.01:45:49 Info: add_instantiation_interface_port altera_axi4lite_slave s_bvalid bvalid 1 standard logic Output
2024.08.28.01:45:49 Info: add_instantiation_interface_port altera_axi4lite_slave s_bready bready 1 standard logic Input
2024.08.28.01:45:49 Info: add_instantiation_interface_port altera_axi4lite_slave s_araddr araddr 16 standard logic vector Input
2024.08.28.01:45:49 Info: add_instantiation_interface_port altera_axi4lite_slave s_arprot arprot 3 standard logic vector Input
2024.08.28.01:45:49 Info: add_instantiation_interface_port altera_axi4lite_slave s_arvalid arvalid 1 standard logic Input
2024.08.28.01:45:49 Info: add_instantiation_interface_port altera_axi4lite_slave s_arready arready 1 standard logic Output
2024.08.28.01:45:49 Info: add_instantiation_interface_port altera_axi4lite_slave s_rdata rdata 64 standard logic vector Output
2024.08.28.01:45:49 Info: add_instantiation_interface_port altera_axi4lite_slave s_rresp rresp 2 standard logic vector Output
2024.08.28.01:45:49 Info: add_instantiation_interface_port altera_axi4lite_slave s_rvalid rvalid 1 standard logic Output
2024.08.28.01:45:49 Info: add_instantiation_interface_port altera_axi4lite_slave s_rready rready 1 standard logic Input
2024.08.28.01:45:49 Info: add_instantiation_interface altera_axi4lite_master axi4lite OUTPUT
2024.08.28.01:45:49 Info: set_instantiation_interface_parameter_value altera_axi4lite_master associatedClock clock
2024.08.28.01:45:49 Info: set_instantiation_interface_parameter_value altera_axi4lite_master associatedReset reset
2024.08.28.01:45:49 Info: set_instantiation_interface_parameter_value altera_axi4lite_master combinedIssuingCapability 16
2024.08.28.01:45:49 Info: set_instantiation_interface_parameter_value altera_axi4lite_master maximumOutstandingReads 16
2024.08.28.01:45:49 Info: set_instantiation_interface_parameter_value altera_axi4lite_master maximumOutstandingTransactions 16
2024.08.28.01:45:49 Info: set_instantiation_interface_parameter_value altera_axi4lite_master maximumOutstandingWrites 16/4
2024.08.28.01:45:49 Info: set_instantiation_interface_parameter_value altera_axi4lite_master readIssuingCapability 16
2024.08.28.01:45:49 Info: set_instantiation_interface_parameter_value altera_axi4lite_master trustzoneAware true
2024.08.28.01:45:49 Info: set_instantiation_interface_parameter_value altera_axi4lite_master writeIssuingCapability 16/4
2024.08.28.01:45:49 Info: add_instantiation_interface_port altera_axi4lite_master m_awaddr awaddr 16 standard logic vector Output
2024.08.28.01:45:49 Info: add_instantiation_interface_port altera_axi4lite_master m_awprot awprot 3 standard logic vector Output
2024.08.28.01:45:49 Info: add_instantiation_interface_port altera_axi4lite_master m_awvalid awvalid 1 standard logic Output
2024.08.28.01:45:49 Info: add_instantiation_interface_port altera_axi4lite_master m_awready awready 1 standard logic Input
2024.08.28.01:45:49 Info: add_instantiation_interface_port altera_axi4lite_master m_wdata wdata 64 standard logic vector Output
2024.08.28.01:45:49 Info: add_instantiation_interface_port altera_axi4lite_master m_wstrb wstrb 8 standard logic vector Output
2024.08.28.01:45:49 Info: add_instantiation_interface_port altera_axi4lite_master m_wvalid wvalid 1 standard logic Output
2024.08.28.01:45:49 Info: add_instantiation_interface_port altera_axi4lite_master m_wready wready 1 standard logic Input
2024.08.28.01:45:49 Info: add_instantiation_interface_port altera_axi4lite_master m_bresp bresp 2 standard logic vector Input
2024.08.28.01:45:49 Info: add_instantiation_interface_port altera_axi4lite_master m_bvalid bvalid 1 standard logic Input
2024.08.28.01:45:49 Info: add_instantiation_interface_port altera_axi4lite_master m_bready bready 1 standard logic Output
2024.08.28.01:45:49 Info: add_instantiation_interface_port altera_axi4lite_master m_araddr araddr 16 standard logic vector Output
2024.08.28.01:45:49 Info: add_instantiation_interface_port altera_axi4lite_master m_arprot arprot 3 standard logic vector Output
2024.08.28.01:45:49 Info: add_instantiation_interface_port altera_axi4lite_master m_arvalid arvalid 1 standard logic Output
2024.08.28.01:45:49 Info: add_instantiation_interface_port altera_axi4lite_master m_arready arready 1 standard logic Input
2024.08.28.01:45:49 Info: add_instantiation_interface_port altera_axi4lite_master m_rdata rdata 64 standard logic vector Input
2024.08.28.01:45:49 Info: add_instantiation_interface_port altera_axi4lite_master m_rresp rresp 2 standard logic vector Input
2024.08.28.01:45:49 Info: add_instantiation_interface_port altera_axi4lite_master m_rvalid rvalid 1 standard logic Input
2024.08.28.01:45:49 Info: add_instantiation_interface_port altera_axi4lite_master m_rready rready 1 standard logic Output
2024.08.28.01:45:49 Info: save_instantiation 
2024.08.28.01:45:49 Info: add_component bpf_apf_slv ip/bpf/bpf_apf_slv.ip axi4lite_shim bpf_apf_slv 1.0
2024.08.28.01:45:49 Info: bpf_apf_slv: Generic Component instance footprint reloaded.
2024.08.28.01:45:49 Info: load_component bpf_apf_slv
2024.08.28.01:45:49 Info: set_component_parameter_value AW 20
2024.08.28.01:45:49 Info: set_component_parameter_value DW 64
2024.08.28.01:45:49 Info: set_component_project_property HIDE_FROM_IP_CATALOG false
2024.08.28.01:45:49 Info: save_component 
2024.08.28.01:45:49 Info: load_instantiation bpf_apf_slv
2024.08.28.01:45:49 Info: remove_instantiation_interfaces_and_ports 
2024.08.28.01:45:49 Info: add_instantiation_interface clock clock INPUT
2024.08.28.01:45:49 Info: set_instantiation_interface_parameter_value clock clockRate 0
2024.08.28.01:45:49 Info: set_instantiation_interface_parameter_value clock externallyDriven false
2024.08.28.01:45:49 Info: set_instantiation_interface_parameter_value clock ptfSchematicName 
2024.08.28.01:45:49 Info: add_instantiation_interface_port clock clk clk 1 standard logic Input
2024.08.28.01:45:49 Info: add_instantiation_interface reset reset INPUT
2024.08.28.01:45:49 Info: set_instantiation_interface_parameter_value reset associatedClock clock
2024.08.28.01:45:49 Info: set_instantiation_interface_parameter_value reset synchronousEdges DEASSERT
2024.08.28.01:45:49 Info: add_instantiation_interface_port reset rst_n reset_n 1 standard logic Input
2024.08.28.01:45:49 Info: add_instantiation_interface altera_axi4lite_slave axi4lite INPUT
2024.08.28.01:45:49 Info: set_instantiation_interface_parameter_value altera_axi4lite_slave associatedClock clock
2024.08.28.01:45:49 Info: set_instantiation_interface_parameter_value altera_axi4lite_slave associatedReset reset
2024.08.28.01:45:49 Info: set_instantiation_interface_parameter_value altera_axi4lite_slave bridgesToMaster 
2024.08.28.01:45:49 Info: set_instantiation_interface_parameter_value altera_axi4lite_slave combinedAcceptanceCapability 16
2024.08.28.01:45:49 Info: set_instantiation_interface_parameter_value altera_axi4lite_slave maximumOutstandingReads 16
2024.08.28.01:45:49 Info: set_instantiation_interface_parameter_value altera_axi4lite_slave maximumOutstandingTransactions 16
2024.08.28.01:45:49 Info: set_instantiation_interface_parameter_value altera_axi4lite_slave maximumOutstandingWrites 16/4
2024.08.28.01:45:49 Info: set_instantiation_interface_parameter_value altera_axi4lite_slave readAcceptanceCapability 16
2024.08.28.01:45:49 Info: set_instantiation_interface_parameter_value altera_axi4lite_slave readDataReorderingDepth 1
2024.08.28.01:45:49 Info: set_instantiation_interface_parameter_value altera_axi4lite_slave trustzoneAware true
2024.08.28.01:45:49 Info: set_instantiation_interface_parameter_value altera_axi4lite_slave writeAcceptanceCapability 16/4
2024.08.28.01:45:49 Info: add_instantiation_interface_port altera_axi4lite_slave s_awaddr awaddr 20 standard logic vector Input
2024.08.28.01:45:49 Info: add_instantiation_interface_port altera_axi4lite_slave s_awprot awprot 3 standard logic vector Input
2024.08.28.01:45:49 Info: add_instantiation_interface_port altera_axi4lite_slave s_awvalid awvalid 1 standard logic Input
2024.08.28.01:45:49 Info: add_instantiation_interface_port altera_axi4lite_slave s_awready awready 1 standard logic Output
2024.08.28.01:45:49 Info: add_instantiation_interface_port altera_axi4lite_slave s_wdata wdata 64 standard logic vector Input
2024.08.28.01:45:49 Info: add_instantiation_interface_port altera_axi4lite_slave s_wstrb wstrb 8 standard logic vector Input
2024.08.28.01:45:49 Info: add_instantiation_interface_port altera_axi4lite_slave s_wvalid wvalid 1 standard logic Input
2024.08.28.01:45:49 Info: add_instantiation_interface_port altera_axi4lite_slave s_wready wready 1 standard logic Output
2024.08.28.01:45:49 Info: add_instantiation_interface_port altera_axi4lite_slave s_bresp bresp 2 standard logic vector Output
2024.08.28.01:45:49 Info: add_instantiation_interface_port altera_axi4lite_slave s_bvalid bvalid 1 standard logic Output
2024.08.28.01:45:49 Info: add_instantiation_interface_port altera_axi4lite_slave s_bready bready 1 standard logic Input
2024.08.28.01:45:49 Info: add_instantiation_interface_port altera_axi4lite_slave s_araddr araddr 20 standard logic vector Input
2024.08.28.01:45:49 Info: add_instantiation_interface_port altera_axi4lite_slave s_arprot arprot 3 standard logic vector Input
2024.08.28.01:45:49 Info: add_instantiation_interface_port altera_axi4lite_slave s_arvalid arvalid 1 standard logic Input
2024.08.28.01:45:49 Info: add_instantiation_interface_port altera_axi4lite_slave s_arready arready 1 standard logic Output
2024.08.28.01:45:49 Info: add_instantiation_interface_port altera_axi4lite_slave s_rdata rdata 64 standard logic vector Output
2024.08.28.01:45:49 Info: add_instantiation_interface_port altera_axi4lite_slave s_rresp rresp 2 standard logic vector Output
2024.08.28.01:45:49 Info: add_instantiation_interface_port altera_axi4lite_slave s_rvalid rvalid 1 standard logic Output
2024.08.28.01:45:49 Info: add_instantiation_interface_port altera_axi4lite_slave s_rready rready 1 standard logic Input
2024.08.28.01:45:49 Info: add_instantiation_interface altera_axi4lite_master axi4lite OUTPUT
2024.08.28.01:45:49 Info: set_instantiation_interface_parameter_value altera_axi4lite_master associatedClock clock
2024.08.28.01:45:49 Info: set_instantiation_interface_parameter_value altera_axi4lite_master associatedReset reset
2024.08.28.01:45:49 Info: set_instantiation_interface_parameter_value altera_axi4lite_master combinedIssuingCapability 16
2024.08.28.01:45:49 Info: set_instantiation_interface_parameter_value altera_axi4lite_master maximumOutstandingReads 16
2024.08.28.01:45:49 Info: set_instantiation_interface_parameter_value altera_axi4lite_master maximumOutstandingTransactions 16
2024.08.28.01:45:49 Info: set_instantiation_interface_parameter_value altera_axi4lite_master maximumOutstandingWrites 16/4
2024.08.28.01:45:49 Info: set_instantiation_interface_parameter_value altera_axi4lite_master readIssuingCapability 16
2024.08.28.01:45:49 Info: set_instantiation_interface_parameter_value altera_axi4lite_master trustzoneAware true
2024.08.28.01:45:49 Info: set_instantiation_interface_parameter_value altera_axi4lite_master writeIssuingCapability 16/4
2024.08.28.01:45:49 Info: add_instantiation_interface_port altera_axi4lite_master m_awaddr awaddr 20 standard logic vector Output
2024.08.28.01:45:49 Info: add_instantiation_interface_port altera_axi4lite_master m_awprot awprot 3 standard logic vector Output
2024.08.28.01:45:49 Info: add_instantiation_interface_port altera_axi4lite_master m_awvalid awvalid 1 standard logic Output
2024.08.28.01:45:49 Info: add_instantiation_interface_port altera_axi4lite_master m_awready awready 1 standard logic Input
2024.08.28.01:45:49 Info: add_instantiation_interface_port altera_axi4lite_master m_wdata wdata 64 standard logic vector Output
2024.08.28.01:45:49 Info: add_instantiation_interface_port altera_axi4lite_master m_wstrb wstrb 8 standard logic vector Output
2024.08.28.01:45:49 Info: add_instantiation_interface_port altera_axi4lite_master m_wvalid wvalid 1 standard logic Output
2024.08.28.01:45:49 Info: add_instantiation_interface_port altera_axi4lite_master m_wready wready 1 standard logic Input
2024.08.28.01:45:49 Info: add_instantiation_interface_port altera_axi4lite_master m_bresp bresp 2 standard logic vector Input
2024.08.28.01:45:49 Info: add_instantiation_interface_port altera_axi4lite_master m_bvalid bvalid 1 standard logic Input
2024.08.28.01:45:49 Info: add_instantiation_interface_port altera_axi4lite_master m_bready bready 1 standard logic Output
2024.08.28.01:45:49 Info: add_instantiation_interface_port altera_axi4lite_master m_araddr araddr 20 standard logic vector Output
2024.08.28.01:45:49 Info: add_instantiation_interface_port altera_axi4lite_master m_arprot arprot 3 standard logic vector Output
2024.08.28.01:45:49 Info: add_instantiation_interface_port altera_axi4lite_master m_arvalid arvalid 1 standard logic Output
2024.08.28.01:45:49 Info: add_instantiation_interface_port altera_axi4lite_master m_arready arready 1 standard logic Input
2024.08.28.01:45:49 Info: add_instantiation_interface_port altera_axi4lite_master m_rdata rdata 64 standard logic vector Input
2024.08.28.01:45:49 Info: add_instantiation_interface_port altera_axi4lite_master m_rresp rresp 2 standard logic vector Input
2024.08.28.01:45:49 Info: add_instantiation_interface_port altera_axi4lite_master m_rvalid rvalid 1 standard logic Input
2024.08.28.01:45:49 Info: add_instantiation_interface_port altera_axi4lite_master m_rready rready 1 standard logic Output
2024.08.28.01:45:49 Info: save_instantiation 
2024.08.28.01:45:49 Info: add_component bpf_pcie_slv ip/bpf/bpf_pcie_slv.ip axi4lite_shim bpf_pcie_slv 1.0
2024.08.28.01:45:49 Info: bpf_pcie_slv: Generic Component instance footprint reloaded.
2024.08.28.01:45:49 Info: load_component bpf_pcie_slv
2024.08.28.01:45:49 Info: set_component_parameter_value AW 12
2024.08.28.01:45:49 Info: set_component_parameter_value DW 64
2024.08.28.01:45:49 Info: set_component_project_property HIDE_FROM_IP_CATALOG false
2024.08.28.01:45:49 Info: save_component 
2024.08.28.01:45:49 Info: load_instantiation bpf_pcie_slv
2024.08.28.01:45:49 Info: remove_instantiation_interfaces_and_ports 
2024.08.28.01:45:49 Info: add_instantiation_interface clock clock INPUT
2024.08.28.01:45:49 Info: set_instantiation_interface_parameter_value clock clockRate 0
2024.08.28.01:45:49 Info: set_instantiation_interface_parameter_value clock externallyDriven false
2024.08.28.01:45:49 Info: set_instantiation_interface_parameter_value clock ptfSchematicName 
2024.08.28.01:45:49 Info: add_instantiation_interface_port clock clk clk 1 standard logic Input
2024.08.28.01:45:49 Info: add_instantiation_interface reset reset INPUT
2024.08.28.01:45:49 Info: set_instantiation_interface_parameter_value reset associatedClock clock
2024.08.28.01:45:49 Info: set_instantiation_interface_parameter_value reset synchronousEdges DEASSERT
2024.08.28.01:45:49 Info: add_instantiation_interface_port reset rst_n reset_n 1 standard logic Input
2024.08.28.01:45:49 Info: add_instantiation_interface altera_axi4lite_slave axi4lite INPUT
2024.08.28.01:45:49 Info: set_instantiation_interface_parameter_value altera_axi4lite_slave associatedClock clock
2024.08.28.01:45:49 Info: set_instantiation_interface_parameter_value altera_axi4lite_slave associatedReset reset
2024.08.28.01:45:49 Info: set_instantiation_interface_parameter_value altera_axi4lite_slave bridgesToMaster 
2024.08.28.01:45:49 Info: set_instantiation_interface_parameter_value altera_axi4lite_slave combinedAcceptanceCapability 16
2024.08.28.01:45:49 Info: set_instantiation_interface_parameter_value altera_axi4lite_slave maximumOutstandingReads 16
2024.08.28.01:45:49 Info: set_instantiation_interface_parameter_value altera_axi4lite_slave maximumOutstandingTransactions 16
2024.08.28.01:45:49 Info: set_instantiation_interface_parameter_value altera_axi4lite_slave maximumOutstandingWrites 16/4
2024.08.28.01:45:49 Info: set_instantiation_interface_parameter_value altera_axi4lite_slave readAcceptanceCapability 16
2024.08.28.01:45:49 Info: set_instantiation_interface_parameter_value altera_axi4lite_slave readDataReorderingDepth 1
2024.08.28.01:45:49 Info: set_instantiation_interface_parameter_value altera_axi4lite_slave trustzoneAware true
2024.08.28.01:45:49 Info: set_instantiation_interface_parameter_value altera_axi4lite_slave writeAcceptanceCapability 16/4
2024.08.28.01:45:49 Info: add_instantiation_interface_port altera_axi4lite_slave s_awaddr awaddr 12 standard logic vector Input
2024.08.28.01:45:49 Info: add_instantiation_interface_port altera_axi4lite_slave s_awprot awprot 3 standard logic vector Input
2024.08.28.01:45:49 Info: add_instantiation_interface_port altera_axi4lite_slave s_awvalid awvalid 1 standard logic Input
2024.08.28.01:45:49 Info: add_instantiation_interface_port altera_axi4lite_slave s_awready awready 1 standard logic Output
2024.08.28.01:45:49 Info: add_instantiation_interface_port altera_axi4lite_slave s_wdata wdata 64 standard logic vector Input
2024.08.28.01:45:49 Info: add_instantiation_interface_port altera_axi4lite_slave s_wstrb wstrb 8 standard logic vector Input
2024.08.28.01:45:49 Info: add_instantiation_interface_port altera_axi4lite_slave s_wvalid wvalid 1 standard logic Input
2024.08.28.01:45:49 Info: add_instantiation_interface_port altera_axi4lite_slave s_wready wready 1 standard logic Output
2024.08.28.01:45:49 Info: add_instantiation_interface_port altera_axi4lite_slave s_bresp bresp 2 standard logic vector Output
2024.08.28.01:45:49 Info: add_instantiation_interface_port altera_axi4lite_slave s_bvalid bvalid 1 standard logic Output
2024.08.28.01:45:49 Info: add_instantiation_interface_port altera_axi4lite_slave s_bready bready 1 standard logic Input
2024.08.28.01:45:49 Info: add_instantiation_interface_port altera_axi4lite_slave s_araddr araddr 12 standard logic vector Input
2024.08.28.01:45:49 Info: add_instantiation_interface_port altera_axi4lite_slave s_arprot arprot 3 standard logic vector Input
2024.08.28.01:45:49 Info: add_instantiation_interface_port altera_axi4lite_slave s_arvalid arvalid 1 standard logic Input
2024.08.28.01:45:49 Info: add_instantiation_interface_port altera_axi4lite_slave s_arready arready 1 standard logic Output
2024.08.28.01:45:49 Info: add_instantiation_interface_port altera_axi4lite_slave s_rdata rdata 64 standard logic vector Output
2024.08.28.01:45:49 Info: add_instantiation_interface_port altera_axi4lite_slave s_rresp rresp 2 standard logic vector Output
2024.08.28.01:45:49 Info: add_instantiation_interface_port altera_axi4lite_slave s_rvalid rvalid 1 standard logic Output
2024.08.28.01:45:49 Info: add_instantiation_interface_port altera_axi4lite_slave s_rready rready 1 standard logic Input
2024.08.28.01:45:49 Info: add_instantiation_interface altera_axi4lite_master axi4lite OUTPUT
2024.08.28.01:45:49 Info: set_instantiation_interface_parameter_value altera_axi4lite_master associatedClock clock
2024.08.28.01:45:49 Info: set_instantiation_interface_parameter_value altera_axi4lite_master associatedReset reset
2024.08.28.01:45:49 Info: set_instantiation_interface_parameter_value altera_axi4lite_master combinedIssuingCapability 16
2024.08.28.01:45:49 Info: set_instantiation_interface_parameter_value altera_axi4lite_master maximumOutstandingReads 16
2024.08.28.01:45:49 Info: set_instantiation_interface_parameter_value altera_axi4lite_master maximumOutstandingTransactions 16
2024.08.28.01:45:49 Info: set_instantiation_interface_parameter_value altera_axi4lite_master maximumOutstandingWrites 16/4
2024.08.28.01:45:49 Info: set_instantiation_interface_parameter_value altera_axi4lite_master readIssuingCapability 16
2024.08.28.01:45:49 Info: set_instantiation_interface_parameter_value altera_axi4lite_master trustzoneAware true
2024.08.28.01:45:49 Info: set_instantiation_interface_parameter_value altera_axi4lite_master writeIssuingCapability 16/4
2024.08.28.01:45:49 Info: add_instantiation_interface_port altera_axi4lite_master m_awaddr awaddr 12 standard logic vector Output
2024.08.28.01:45:49 Info: add_instantiation_interface_port altera_axi4lite_master m_awprot awprot 3 standard logic vector Output
2024.08.28.01:45:49 Info: add_instantiation_interface_port altera_axi4lite_master m_awvalid awvalid 1 standard logic Output
2024.08.28.01:45:49 Info: add_instantiation_interface_port altera_axi4lite_master m_awready awready 1 standard logic Input
2024.08.28.01:45:49 Info: add_instantiation_interface_port altera_axi4lite_master m_wdata wdata 64 standard logic vector Output
2024.08.28.01:45:49 Info: add_instantiation_interface_port altera_axi4lite_master m_wstrb wstrb 8 standard logic vector Output
2024.08.28.01:45:49 Info: add_instantiation_interface_port altera_axi4lite_master m_wvalid wvalid 1 standard logic Output
2024.08.28.01:45:49 Info: add_instantiation_interface_port altera_axi4lite_master m_wready wready 1 standard logic Input
2024.08.28.01:45:49 Info: add_instantiation_interface_port altera_axi4lite_master m_bresp bresp 2 standard logic vector Input
2024.08.28.01:45:49 Info: add_instantiation_interface_port altera_axi4lite_master m_bvalid bvalid 1 standard logic Input
2024.08.28.01:45:49 Info: add_instantiation_interface_port altera_axi4lite_master m_bready bready 1 standard logic Output
2024.08.28.01:45:49 Info: add_instantiation_interface_port altera_axi4lite_master m_araddr araddr 12 standard logic vector Output
2024.08.28.01:45:49 Info: add_instantiation_interface_port altera_axi4lite_master m_arprot arprot 3 standard logic vector Output
2024.08.28.01:45:49 Info: add_instantiation_interface_port altera_axi4lite_master m_arvalid arvalid 1 standard logic Output
2024.08.28.01:45:49 Info: add_instantiation_interface_port altera_axi4lite_master m_arready arready 1 standard logic Input
2024.08.28.01:45:49 Info: add_instantiation_interface_port altera_axi4lite_master m_rdata rdata 64 standard logic vector Input
2024.08.28.01:45:49 Info: add_instantiation_interface_port altera_axi4lite_master m_rresp rresp 2 standard logic vector Input
2024.08.28.01:45:49 Info: add_instantiation_interface_port altera_axi4lite_master m_rvalid rvalid 1 standard logic Input
2024.08.28.01:45:49 Info: add_instantiation_interface_port altera_axi4lite_master m_rready rready 1 standard logic Output
2024.08.28.01:45:49 Info: save_instantiation 
2024.08.28.01:45:49 Info: add_component bpf_qsfp0_slv ip/bpf/bpf_qsfp0_slv.ip axi4lite_shim bpf_qsfp0_slv 1.0
2024.08.28.01:45:49 Info: bpf_qsfp0_slv: Generic Component instance footprint reloaded.
2024.08.28.01:45:49 Info: load_component bpf_qsfp0_slv
2024.08.28.01:45:49 Info: set_component_parameter_value AW 12
2024.08.28.01:45:49 Info: set_component_parameter_value DW 64
2024.08.28.01:45:49 Info: set_component_project_property HIDE_FROM_IP_CATALOG false
2024.08.28.01:45:49 Info: save_component 
2024.08.28.01:45:49 Info: load_instantiation bpf_qsfp0_slv
2024.08.28.01:45:49 Info: remove_instantiation_interfaces_and_ports 
2024.08.28.01:45:49 Info: add_instantiation_interface clock clock INPUT
2024.08.28.01:45:49 Info: set_instantiation_interface_parameter_value clock clockRate 0
2024.08.28.01:45:49 Info: set_instantiation_interface_parameter_value clock externallyDriven false
2024.08.28.01:45:49 Info: set_instantiation_interface_parameter_value clock ptfSchematicName 
2024.08.28.01:45:49 Info: add_instantiation_interface_port clock clk clk 1 standard logic Input
2024.08.28.01:45:49 Info: add_instantiation_interface reset reset INPUT
2024.08.28.01:45:49 Info: set_instantiation_interface_parameter_value reset associatedClock clock
2024.08.28.01:45:49 Info: set_instantiation_interface_parameter_value reset synchronousEdges DEASSERT
2024.08.28.01:45:49 Info: add_instantiation_interface_port reset rst_n reset_n 1 standard logic Input
2024.08.28.01:45:49 Info: add_instantiation_interface altera_axi4lite_slave axi4lite INPUT
2024.08.28.01:45:49 Info: set_instantiation_interface_parameter_value altera_axi4lite_slave associatedClock clock
2024.08.28.01:45:49 Info: set_instantiation_interface_parameter_value altera_axi4lite_slave associatedReset reset
2024.08.28.01:45:49 Info: set_instantiation_interface_parameter_value altera_axi4lite_slave bridgesToMaster 
2024.08.28.01:45:49 Info: set_instantiation_interface_parameter_value altera_axi4lite_slave combinedAcceptanceCapability 16
2024.08.28.01:45:49 Info: set_instantiation_interface_parameter_value altera_axi4lite_slave maximumOutstandingReads 16
2024.08.28.01:45:49 Info: set_instantiation_interface_parameter_value altera_axi4lite_slave maximumOutstandingTransactions 16
2024.08.28.01:45:49 Info: set_instantiation_interface_parameter_value altera_axi4lite_slave maximumOutstandingWrites 16/4
2024.08.28.01:45:49 Info: set_instantiation_interface_parameter_value altera_axi4lite_slave readAcceptanceCapability 16
2024.08.28.01:45:49 Info: set_instantiation_interface_parameter_value altera_axi4lite_slave readDataReorderingDepth 1
2024.08.28.01:45:49 Info: set_instantiation_interface_parameter_value altera_axi4lite_slave trustzoneAware true
2024.08.28.01:45:49 Info: set_instantiation_interface_parameter_value altera_axi4lite_slave writeAcceptanceCapability 16/4
2024.08.28.01:45:49 Info: add_instantiation_interface_port altera_axi4lite_slave s_awaddr awaddr 12 standard logic vector Input
2024.08.28.01:45:49 Info: add_instantiation_interface_port altera_axi4lite_slave s_awprot awprot 3 standard logic vector Input
2024.08.28.01:45:49 Info: add_instantiation_interface_port altera_axi4lite_slave s_awvalid awvalid 1 standard logic Input
2024.08.28.01:45:49 Info: add_instantiation_interface_port altera_axi4lite_slave s_awready awready 1 standard logic Output
2024.08.28.01:45:49 Info: add_instantiation_interface_port altera_axi4lite_slave s_wdata wdata 64 standard logic vector Input
2024.08.28.01:45:49 Info: add_instantiation_interface_port altera_axi4lite_slave s_wstrb wstrb 8 standard logic vector Input
2024.08.28.01:45:49 Info: add_instantiation_interface_port altera_axi4lite_slave s_wvalid wvalid 1 standard logic Input
2024.08.28.01:45:49 Info: add_instantiation_interface_port altera_axi4lite_slave s_wready wready 1 standard logic Output
2024.08.28.01:45:49 Info: add_instantiation_interface_port altera_axi4lite_slave s_bresp bresp 2 standard logic vector Output
2024.08.28.01:45:49 Info: add_instantiation_interface_port altera_axi4lite_slave s_bvalid bvalid 1 standard logic Output
2024.08.28.01:45:49 Info: add_instantiation_interface_port altera_axi4lite_slave s_bready bready 1 standard logic Input
2024.08.28.01:45:49 Info: add_instantiation_interface_port altera_axi4lite_slave s_araddr araddr 12 standard logic vector Input
2024.08.28.01:45:49 Info: add_instantiation_interface_port altera_axi4lite_slave s_arprot arprot 3 standard logic vector Input
2024.08.28.01:45:49 Info: add_instantiation_interface_port altera_axi4lite_slave s_arvalid arvalid 1 standard logic Input
2024.08.28.01:45:49 Info: add_instantiation_interface_port altera_axi4lite_slave s_arready arready 1 standard logic Output
2024.08.28.01:45:49 Info: add_instantiation_interface_port altera_axi4lite_slave s_rdata rdata 64 standard logic vector Output
2024.08.28.01:45:49 Info: add_instantiation_interface_port altera_axi4lite_slave s_rresp rresp 2 standard logic vector Output
2024.08.28.01:45:49 Info: add_instantiation_interface_port altera_axi4lite_slave s_rvalid rvalid 1 standard logic Output
2024.08.28.01:45:49 Info: add_instantiation_interface_port altera_axi4lite_slave s_rready rready 1 standard logic Input
2024.08.28.01:45:49 Info: add_instantiation_interface altera_axi4lite_master axi4lite OUTPUT
2024.08.28.01:45:49 Info: set_instantiation_interface_parameter_value altera_axi4lite_master associatedClock clock
2024.08.28.01:45:49 Info: set_instantiation_interface_parameter_value altera_axi4lite_master associatedReset reset
2024.08.28.01:45:49 Info: set_instantiation_interface_parameter_value altera_axi4lite_master combinedIssuingCapability 16
2024.08.28.01:45:49 Info: set_instantiation_interface_parameter_value altera_axi4lite_master maximumOutstandingReads 16
2024.08.28.01:45:49 Info: set_instantiation_interface_parameter_value altera_axi4lite_master maximumOutstandingTransactions 16
2024.08.28.01:45:49 Info: set_instantiation_interface_parameter_value altera_axi4lite_master maximumOutstandingWrites 16/4
2024.08.28.01:45:49 Info: set_instantiation_interface_parameter_value altera_axi4lite_master readIssuingCapability 16
2024.08.28.01:45:49 Info: set_instantiation_interface_parameter_value altera_axi4lite_master trustzoneAware true
2024.08.28.01:45:49 Info: set_instantiation_interface_parameter_value altera_axi4lite_master writeIssuingCapability 16/4
2024.08.28.01:45:49 Info: add_instantiation_interface_port altera_axi4lite_master m_awaddr awaddr 12 standard logic vector Output
2024.08.28.01:45:49 Info: add_instantiation_interface_port altera_axi4lite_master m_awprot awprot 3 standard logic vector Output
2024.08.28.01:45:49 Info: add_instantiation_interface_port altera_axi4lite_master m_awvalid awvalid 1 standard logic Output
2024.08.28.01:45:49 Info: add_instantiation_interface_port altera_axi4lite_master m_awready awready 1 standard logic Input
2024.08.28.01:45:49 Info: add_instantiation_interface_port altera_axi4lite_master m_wdata wdata 64 standard logic vector Output
2024.08.28.01:45:49 Info: add_instantiation_interface_port altera_axi4lite_master m_wstrb wstrb 8 standard logic vector Output
2024.08.28.01:45:49 Info: add_instantiation_interface_port altera_axi4lite_master m_wvalid wvalid 1 standard logic Output
2024.08.28.01:45:49 Info: add_instantiation_interface_port altera_axi4lite_master m_wready wready 1 standard logic Input
2024.08.28.01:45:49 Info: add_instantiation_interface_port altera_axi4lite_master m_bresp bresp 2 standard logic vector Input
2024.08.28.01:45:49 Info: add_instantiation_interface_port altera_axi4lite_master m_bvalid bvalid 1 standard logic Input
2024.08.28.01:45:49 Info: add_instantiation_interface_port altera_axi4lite_master m_bready bready 1 standard logic Output
2024.08.28.01:45:49 Info: add_instantiation_interface_port altera_axi4lite_master m_araddr araddr 12 standard logic vector Output
2024.08.28.01:45:49 Info: add_instantiation_interface_port altera_axi4lite_master m_arprot arprot 3 standard logic vector Output
2024.08.28.01:45:49 Info: add_instantiation_interface_port altera_axi4lite_master m_arvalid arvalid 1 standard logic Output
2024.08.28.01:45:49 Info: add_instantiation_interface_port altera_axi4lite_master m_arready arready 1 standard logic Input
2024.08.28.01:45:49 Info: add_instantiation_interface_port altera_axi4lite_master m_rdata rdata 64 standard logic vector Input
2024.08.28.01:45:49 Info: add_instantiation_interface_port altera_axi4lite_master m_rresp rresp 2 standard logic vector Input
2024.08.28.01:45:49 Info: add_instantiation_interface_port altera_axi4lite_master m_rvalid rvalid 1 standard logic Input
2024.08.28.01:45:49 Info: add_instantiation_interface_port altera_axi4lite_master m_rready rready 1 standard logic Output
2024.08.28.01:45:49 Info: save_instantiation 
2024.08.28.01:45:49 Info: add_component bpf_qsfp1_slv ip/bpf/bpf_qsfp1_slv.ip axi4lite_shim bpf_qsfp1_slv 1.0
2024.08.28.01:45:49 Info: bpf_qsfp1_slv: Generic Component instance footprint reloaded.
2024.08.28.01:45:49 Info: load_component bpf_qsfp1_slv
2024.08.28.01:45:49 Info: set_component_parameter_value AW 12
2024.08.28.01:45:49 Info: set_component_parameter_value DW 64
2024.08.28.01:45:49 Info: set_component_project_property HIDE_FROM_IP_CATALOG false
2024.08.28.01:45:49 Info: save_component 
2024.08.28.01:45:49 Info: load_instantiation bpf_qsfp1_slv
2024.08.28.01:45:49 Info: remove_instantiation_interfaces_and_ports 
2024.08.28.01:45:49 Info: add_instantiation_interface clock clock INPUT
2024.08.28.01:45:49 Info: set_instantiation_interface_parameter_value clock clockRate 0
2024.08.28.01:45:49 Info: set_instantiation_interface_parameter_value clock externallyDriven false
2024.08.28.01:45:49 Info: set_instantiation_interface_parameter_value clock ptfSchematicName 
2024.08.28.01:45:49 Info: add_instantiation_interface_port clock clk clk 1 standard logic Input
2024.08.28.01:45:49 Info: add_instantiation_interface reset reset INPUT
2024.08.28.01:45:49 Info: set_instantiation_interface_parameter_value reset associatedClock clock
2024.08.28.01:45:49 Info: set_instantiation_interface_parameter_value reset synchronousEdges DEASSERT
2024.08.28.01:45:49 Info: add_instantiation_interface_port reset rst_n reset_n 1 standard logic Input
2024.08.28.01:45:49 Info: add_instantiation_interface altera_axi4lite_slave axi4lite INPUT
2024.08.28.01:45:49 Info: set_instantiation_interface_parameter_value altera_axi4lite_slave associatedClock clock
2024.08.28.01:45:49 Info: set_instantiation_interface_parameter_value altera_axi4lite_slave associatedReset reset
2024.08.28.01:45:49 Info: set_instantiation_interface_parameter_value altera_axi4lite_slave bridgesToMaster 
2024.08.28.01:45:49 Info: set_instantiation_interface_parameter_value altera_axi4lite_slave combinedAcceptanceCapability 16
2024.08.28.01:45:49 Info: set_instantiation_interface_parameter_value altera_axi4lite_slave maximumOutstandingReads 16
2024.08.28.01:45:49 Info: set_instantiation_interface_parameter_value altera_axi4lite_slave maximumOutstandingTransactions 16
2024.08.28.01:45:49 Info: set_instantiation_interface_parameter_value altera_axi4lite_slave maximumOutstandingWrites 16/4
2024.08.28.01:45:49 Info: set_instantiation_interface_parameter_value altera_axi4lite_slave readAcceptanceCapability 16
2024.08.28.01:45:49 Info: set_instantiation_interface_parameter_value altera_axi4lite_slave readDataReorderingDepth 1
2024.08.28.01:45:49 Info: set_instantiation_interface_parameter_value altera_axi4lite_slave trustzoneAware true
2024.08.28.01:45:49 Info: set_instantiation_interface_parameter_value altera_axi4lite_slave writeAcceptanceCapability 16/4
2024.08.28.01:45:49 Info: add_instantiation_interface_port altera_axi4lite_slave s_awaddr awaddr 12 standard logic vector Input
2024.08.28.01:45:49 Info: add_instantiation_interface_port altera_axi4lite_slave s_awprot awprot 3 standard logic vector Input
2024.08.28.01:45:49 Info: add_instantiation_interface_port altera_axi4lite_slave s_awvalid awvalid 1 standard logic Input
2024.08.28.01:45:49 Info: add_instantiation_interface_port altera_axi4lite_slave s_awready awready 1 standard logic Output
2024.08.28.01:45:49 Info: add_instantiation_interface_port altera_axi4lite_slave s_wdata wdata 64 standard logic vector Input
2024.08.28.01:45:49 Info: add_instantiation_interface_port altera_axi4lite_slave s_wstrb wstrb 8 standard logic vector Input
2024.08.28.01:45:49 Info: add_instantiation_interface_port altera_axi4lite_slave s_wvalid wvalid 1 standard logic Input
2024.08.28.01:45:49 Info: add_instantiation_interface_port altera_axi4lite_slave s_wready wready 1 standard logic Output
2024.08.28.01:45:49 Info: add_instantiation_interface_port altera_axi4lite_slave s_bresp bresp 2 standard logic vector Output
2024.08.28.01:45:49 Info: add_instantiation_interface_port altera_axi4lite_slave s_bvalid bvalid 1 standard logic Output
2024.08.28.01:45:49 Info: add_instantiation_interface_port altera_axi4lite_slave s_bready bready 1 standard logic Input
2024.08.28.01:45:49 Info: add_instantiation_interface_port altera_axi4lite_slave s_araddr araddr 12 standard logic vector Input
2024.08.28.01:45:49 Info: add_instantiation_interface_port altera_axi4lite_slave s_arprot arprot 3 standard logic vector Input
2024.08.28.01:45:49 Info: add_instantiation_interface_port altera_axi4lite_slave s_arvalid arvalid 1 standard logic Input
2024.08.28.01:45:49 Info: add_instantiation_interface_port altera_axi4lite_slave s_arready arready 1 standard logic Output
2024.08.28.01:45:49 Info: add_instantiation_interface_port altera_axi4lite_slave s_rdata rdata 64 standard logic vector Output
2024.08.28.01:45:49 Info: add_instantiation_interface_port altera_axi4lite_slave s_rresp rresp 2 standard logic vector Output
2024.08.28.01:45:49 Info: add_instantiation_interface_port altera_axi4lite_slave s_rvalid rvalid 1 standard logic Output
2024.08.28.01:45:49 Info: add_instantiation_interface_port altera_axi4lite_slave s_rready rready 1 standard logic Input
2024.08.28.01:45:49 Info: add_instantiation_interface altera_axi4lite_master axi4lite OUTPUT
2024.08.28.01:45:49 Info: set_instantiation_interface_parameter_value altera_axi4lite_master associatedClock clock
2024.08.28.01:45:49 Info: set_instantiation_interface_parameter_value altera_axi4lite_master associatedReset reset
2024.08.28.01:45:49 Info: set_instantiation_interface_parameter_value altera_axi4lite_master combinedIssuingCapability 16
2024.08.28.01:45:49 Info: set_instantiation_interface_parameter_value altera_axi4lite_master maximumOutstandingReads 16
2024.08.28.01:45:49 Info: set_instantiation_interface_parameter_value altera_axi4lite_master maximumOutstandingTransactions 16
2024.08.28.01:45:49 Info: set_instantiation_interface_parameter_value altera_axi4lite_master maximumOutstandingWrites 16/4
2024.08.28.01:45:49 Info: set_instantiation_interface_parameter_value altera_axi4lite_master readIssuingCapability 16
2024.08.28.01:45:49 Info: set_instantiation_interface_parameter_value altera_axi4lite_master trustzoneAware true
2024.08.28.01:45:49 Info: set_instantiation_interface_parameter_value altera_axi4lite_master writeIssuingCapability 16/4
2024.08.28.01:45:49 Info: add_instantiation_interface_port altera_axi4lite_master m_awaddr awaddr 12 standard logic vector Output
2024.08.28.01:45:49 Info: add_instantiation_interface_port altera_axi4lite_master m_awprot awprot 3 standard logic vector Output
2024.08.28.01:45:49 Info: add_instantiation_interface_port altera_axi4lite_master m_awvalid awvalid 1 standard logic Output
2024.08.28.01:45:49 Info: add_instantiation_interface_port altera_axi4lite_master m_awready awready 1 standard logic Input
2024.08.28.01:45:49 Info: add_instantiation_interface_port altera_axi4lite_master m_wdata wdata 64 standard logic vector Output
2024.08.28.01:45:49 Info: add_instantiation_interface_port altera_axi4lite_master m_wstrb wstrb 8 standard logic vector Output
2024.08.28.01:45:49 Info: add_instantiation_interface_port altera_axi4lite_master m_wvalid wvalid 1 standard logic Output
2024.08.28.01:45:49 Info: add_instantiation_interface_port altera_axi4lite_master m_wready wready 1 standard logic Input
2024.08.28.01:45:49 Info: add_instantiation_interface_port altera_axi4lite_master m_bresp bresp 2 standard logic vector Input
2024.08.28.01:45:49 Info: add_instantiation_interface_port altera_axi4lite_master m_bvalid bvalid 1 standard logic Input
2024.08.28.01:45:49 Info: add_instantiation_interface_port altera_axi4lite_master m_bready bready 1 standard logic Output
2024.08.28.01:45:49 Info: add_instantiation_interface_port altera_axi4lite_master m_araddr araddr 12 standard logic vector Output
2024.08.28.01:45:49 Info: add_instantiation_interface_port altera_axi4lite_master m_arprot arprot 3 standard logic vector Output
2024.08.28.01:45:49 Info: add_instantiation_interface_port altera_axi4lite_master m_arvalid arvalid 1 standard logic Output
2024.08.28.01:45:49 Info: add_instantiation_interface_port altera_axi4lite_master m_arready arready 1 standard logic Input
2024.08.28.01:45:49 Info: add_instantiation_interface_port altera_axi4lite_master m_rdata rdata 64 standard logic vector Input
2024.08.28.01:45:49 Info: add_instantiation_interface_port altera_axi4lite_master m_rresp rresp 2 standard logic vector Input
2024.08.28.01:45:49 Info: add_instantiation_interface_port altera_axi4lite_master m_rvalid rvalid 1 standard logic Input
2024.08.28.01:45:49 Info: add_instantiation_interface_port altera_axi4lite_master m_rready rready 1 standard logic Output
2024.08.28.01:45:49 Info: save_instantiation 
2024.08.28.01:45:49 Info: add_component bpf_hssi_slv ip/bpf/bpf_hssi_slv.ip axi4lite_shim bpf_hssi_slv 1.0
2024.08.28.01:45:49 Info: bpf_hssi_slv: Generic Component instance footprint reloaded.
2024.08.28.01:45:49 Info: load_component bpf_hssi_slv
2024.08.28.01:45:49 Info: set_component_parameter_value AW 12
2024.08.28.01:45:49 Info: set_component_parameter_value DW 64
2024.08.28.01:45:49 Info: set_component_project_property HIDE_FROM_IP_CATALOG false
2024.08.28.01:45:49 Info: save_component 
2024.08.28.01:45:49 Info: load_instantiation bpf_hssi_slv
2024.08.28.01:45:49 Info: remove_instantiation_interfaces_and_ports 
2024.08.28.01:45:49 Info: add_instantiation_interface clock clock INPUT
2024.08.28.01:45:49 Info: set_instantiation_interface_parameter_value clock clockRate 0
2024.08.28.01:45:49 Info: set_instantiation_interface_parameter_value clock externallyDriven false
2024.08.28.01:45:49 Info: set_instantiation_interface_parameter_value clock ptfSchematicName 
2024.08.28.01:45:49 Info: add_instantiation_interface_port clock clk clk 1 standard logic Input
2024.08.28.01:45:49 Info: add_instantiation_interface reset reset INPUT
2024.08.28.01:45:49 Info: set_instantiation_interface_parameter_value reset associatedClock clock
2024.08.28.01:45:49 Info: set_instantiation_interface_parameter_value reset synchronousEdges DEASSERT
2024.08.28.01:45:49 Info: add_instantiation_interface_port reset rst_n reset_n 1 standard logic Input
2024.08.28.01:45:49 Info: add_instantiation_interface altera_axi4lite_slave axi4lite INPUT
2024.08.28.01:45:49 Info: set_instantiation_interface_parameter_value altera_axi4lite_slave associatedClock clock
2024.08.28.01:45:49 Info: set_instantiation_interface_parameter_value altera_axi4lite_slave associatedReset reset
2024.08.28.01:45:49 Info: set_instantiation_interface_parameter_value altera_axi4lite_slave bridgesToMaster 
2024.08.28.01:45:49 Info: set_instantiation_interface_parameter_value altera_axi4lite_slave combinedAcceptanceCapability 16
2024.08.28.01:45:49 Info: set_instantiation_interface_parameter_value altera_axi4lite_slave maximumOutstandingReads 16
2024.08.28.01:45:49 Info: set_instantiation_interface_parameter_value altera_axi4lite_slave maximumOutstandingTransactions 16
2024.08.28.01:45:49 Info: set_instantiation_interface_parameter_value altera_axi4lite_slave maximumOutstandingWrites 16/4
2024.08.28.01:45:49 Info: set_instantiation_interface_parameter_value altera_axi4lite_slave readAcceptanceCapability 16
2024.08.28.01:45:49 Info: set_instantiation_interface_parameter_value altera_axi4lite_slave readDataReorderingDepth 1
2024.08.28.01:45:49 Info: set_instantiation_interface_parameter_value altera_axi4lite_slave trustzoneAware true
2024.08.28.01:45:49 Info: set_instantiation_interface_parameter_value altera_axi4lite_slave writeAcceptanceCapability 16/4
2024.08.28.01:45:49 Info: add_instantiation_interface_port altera_axi4lite_slave s_awaddr awaddr 12 standard logic vector Input
2024.08.28.01:45:49 Info: add_instantiation_interface_port altera_axi4lite_slave s_awprot awprot 3 standard logic vector Input
2024.08.28.01:45:49 Info: add_instantiation_interface_port altera_axi4lite_slave s_awvalid awvalid 1 standard logic Input
2024.08.28.01:45:49 Info: add_instantiation_interface_port altera_axi4lite_slave s_awready awready 1 standard logic Output
2024.08.28.01:45:49 Info: add_instantiation_interface_port altera_axi4lite_slave s_wdata wdata 64 standard logic vector Input
2024.08.28.01:45:49 Info: add_instantiation_interface_port altera_axi4lite_slave s_wstrb wstrb 8 standard logic vector Input
2024.08.28.01:45:49 Info: add_instantiation_interface_port altera_axi4lite_slave s_wvalid wvalid 1 standard logic Input
2024.08.28.01:45:49 Info: add_instantiation_interface_port altera_axi4lite_slave s_wready wready 1 standard logic Output
2024.08.28.01:45:49 Info: add_instantiation_interface_port altera_axi4lite_slave s_bresp bresp 2 standard logic vector Output
2024.08.28.01:45:49 Info: add_instantiation_interface_port altera_axi4lite_slave s_bvalid bvalid 1 standard logic Output
2024.08.28.01:45:49 Info: add_instantiation_interface_port altera_axi4lite_slave s_bready bready 1 standard logic Input
2024.08.28.01:45:49 Info: add_instantiation_interface_port altera_axi4lite_slave s_araddr araddr 12 standard logic vector Input
2024.08.28.01:45:49 Info: add_instantiation_interface_port altera_axi4lite_slave s_arprot arprot 3 standard logic vector Input
2024.08.28.01:45:49 Info: add_instantiation_interface_port altera_axi4lite_slave s_arvalid arvalid 1 standard logic Input
2024.08.28.01:45:49 Info: add_instantiation_interface_port altera_axi4lite_slave s_arready arready 1 standard logic Output
2024.08.28.01:45:49 Info: add_instantiation_interface_port altera_axi4lite_slave s_rdata rdata 64 standard logic vector Output
2024.08.28.01:45:49 Info: add_instantiation_interface_port altera_axi4lite_slave s_rresp rresp 2 standard logic vector Output
2024.08.28.01:45:49 Info: add_instantiation_interface_port altera_axi4lite_slave s_rvalid rvalid 1 standard logic Output
2024.08.28.01:45:49 Info: add_instantiation_interface_port altera_axi4lite_slave s_rready rready 1 standard logic Input
2024.08.28.01:45:49 Info: add_instantiation_interface altera_axi4lite_master axi4lite OUTPUT
2024.08.28.01:45:49 Info: set_instantiation_interface_parameter_value altera_axi4lite_master associatedClock clock
2024.08.28.01:45:49 Info: set_instantiation_interface_parameter_value altera_axi4lite_master associatedReset reset
2024.08.28.01:45:49 Info: set_instantiation_interface_parameter_value altera_axi4lite_master combinedIssuingCapability 16
2024.08.28.01:45:49 Info: set_instantiation_interface_parameter_value altera_axi4lite_master maximumOutstandingReads 16
2024.08.28.01:45:49 Info: set_instantiation_interface_parameter_value altera_axi4lite_master maximumOutstandingTransactions 16
2024.08.28.01:45:49 Info: set_instantiation_interface_parameter_value altera_axi4lite_master maximumOutstandingWrites 16/4
2024.08.28.01:45:49 Info: set_instantiation_interface_parameter_value altera_axi4lite_master readIssuingCapability 16
2024.08.28.01:45:49 Info: set_instantiation_interface_parameter_value altera_axi4lite_master trustzoneAware true
2024.08.28.01:45:49 Info: set_instantiation_interface_parameter_value altera_axi4lite_master writeIssuingCapability 16/4
2024.08.28.01:45:49 Info: add_instantiation_interface_port altera_axi4lite_master m_awaddr awaddr 12 standard logic vector Output
2024.08.28.01:45:49 Info: add_instantiation_interface_port altera_axi4lite_master m_awprot awprot 3 standard logic vector Output
2024.08.28.01:45:49 Info: add_instantiation_interface_port altera_axi4lite_master m_awvalid awvalid 1 standard logic Output
2024.08.28.01:45:49 Info: add_instantiation_interface_port altera_axi4lite_master m_awready awready 1 standard logic Input
2024.08.28.01:45:49 Info: add_instantiation_interface_port altera_axi4lite_master m_wdata wdata 64 standard logic vector Output
2024.08.28.01:45:49 Info: add_instantiation_interface_port altera_axi4lite_master m_wstrb wstrb 8 standard logic vector Output
2024.08.28.01:45:49 Info: add_instantiation_interface_port altera_axi4lite_master m_wvalid wvalid 1 standard logic Output
2024.08.28.01:45:49 Info: add_instantiation_interface_port altera_axi4lite_master m_wready wready 1 standard logic Input
2024.08.28.01:45:49 Info: add_instantiation_interface_port altera_axi4lite_master m_bresp bresp 2 standard logic vector Input
2024.08.28.01:45:49 Info: add_instantiation_interface_port altera_axi4lite_master m_bvalid bvalid 1 standard logic Input
2024.08.28.01:45:49 Info: add_instantiation_interface_port altera_axi4lite_master m_bready bready 1 standard logic Output
2024.08.28.01:45:49 Info: add_instantiation_interface_port altera_axi4lite_master m_araddr araddr 12 standard logic vector Output
2024.08.28.01:45:49 Info: add_instantiation_interface_port altera_axi4lite_master m_arprot arprot 3 standard logic vector Output
2024.08.28.01:45:49 Info: add_instantiation_interface_port altera_axi4lite_master m_arvalid arvalid 1 standard logic Output
2024.08.28.01:45:49 Info: add_instantiation_interface_port altera_axi4lite_master m_arready arready 1 standard logic Input
2024.08.28.01:45:49 Info: add_instantiation_interface_port altera_axi4lite_master m_rdata rdata 64 standard logic vector Input
2024.08.28.01:45:49 Info: add_instantiation_interface_port altera_axi4lite_master m_rresp rresp 2 standard logic vector Input
2024.08.28.01:45:49 Info: add_instantiation_interface_port altera_axi4lite_master m_rvalid rvalid 1 standard logic Input
2024.08.28.01:45:49 Info: add_instantiation_interface_port altera_axi4lite_master m_rready rready 1 standard logic Output
2024.08.28.01:45:49 Info: save_instantiation 
2024.08.28.01:45:49 Info: add_component bpf_emif_slv ip/bpf/bpf_emif_slv.ip axi4lite_shim bpf_emif_slv 1.0
2024.08.28.01:45:49 Info: bpf_emif_slv: Generic Component instance footprint reloaded.
2024.08.28.01:45:49 Info: load_component bpf_emif_slv
2024.08.28.01:45:49 Info: set_component_parameter_value AW 12
2024.08.28.01:45:49 Info: set_component_parameter_value DW 64
2024.08.28.01:45:49 Info: set_component_project_property HIDE_FROM_IP_CATALOG false
2024.08.28.01:45:49 Info: save_component 
2024.08.28.01:45:49 Info: load_instantiation bpf_emif_slv
2024.08.28.01:45:49 Info: remove_instantiation_interfaces_and_ports 
2024.08.28.01:45:49 Info: add_instantiation_interface clock clock INPUT
2024.08.28.01:45:49 Info: set_instantiation_interface_parameter_value clock clockRate 0
2024.08.28.01:45:49 Info: set_instantiation_interface_parameter_value clock externallyDriven false
2024.08.28.01:45:49 Info: set_instantiation_interface_parameter_value clock ptfSchematicName 
2024.08.28.01:45:49 Info: add_instantiation_interface_port clock clk clk 1 standard logic Input
2024.08.28.01:45:49 Info: add_instantiation_interface reset reset INPUT
2024.08.28.01:45:49 Info: set_instantiation_interface_parameter_value reset associatedClock clock
2024.08.28.01:45:49 Info: set_instantiation_interface_parameter_value reset synchronousEdges DEASSERT
2024.08.28.01:45:49 Info: add_instantiation_interface_port reset rst_n reset_n 1 standard logic Input
2024.08.28.01:45:49 Info: add_instantiation_interface altera_axi4lite_slave axi4lite INPUT
2024.08.28.01:45:49 Info: set_instantiation_interface_parameter_value altera_axi4lite_slave associatedClock clock
2024.08.28.01:45:49 Info: set_instantiation_interface_parameter_value altera_axi4lite_slave associatedReset reset
2024.08.28.01:45:49 Info: set_instantiation_interface_parameter_value altera_axi4lite_slave bridgesToMaster 
2024.08.28.01:45:49 Info: set_instantiation_interface_parameter_value altera_axi4lite_slave combinedAcceptanceCapability 16
2024.08.28.01:45:49 Info: set_instantiation_interface_parameter_value altera_axi4lite_slave maximumOutstandingReads 16
2024.08.28.01:45:49 Info: set_instantiation_interface_parameter_value altera_axi4lite_slave maximumOutstandingTransactions 16
2024.08.28.01:45:49 Info: set_instantiation_interface_parameter_value altera_axi4lite_slave maximumOutstandingWrites 16/4
2024.08.28.01:45:49 Info: set_instantiation_interface_parameter_value altera_axi4lite_slave readAcceptanceCapability 16
2024.08.28.01:45:49 Info: set_instantiation_interface_parameter_value altera_axi4lite_slave readDataReorderingDepth 1
2024.08.28.01:45:49 Info: set_instantiation_interface_parameter_value altera_axi4lite_slave trustzoneAware true
2024.08.28.01:45:49 Info: set_instantiation_interface_parameter_value altera_axi4lite_slave writeAcceptanceCapability 16/4
2024.08.28.01:45:49 Info: add_instantiation_interface_port altera_axi4lite_slave s_awaddr awaddr 12 standard logic vector Input
2024.08.28.01:45:49 Info: add_instantiation_interface_port altera_axi4lite_slave s_awprot awprot 3 standard logic vector Input
2024.08.28.01:45:49 Info: add_instantiation_interface_port altera_axi4lite_slave s_awvalid awvalid 1 standard logic Input
2024.08.28.01:45:49 Info: add_instantiation_interface_port altera_axi4lite_slave s_awready awready 1 standard logic Output
2024.08.28.01:45:49 Info: add_instantiation_interface_port altera_axi4lite_slave s_wdata wdata 64 standard logic vector Input
2024.08.28.01:45:49 Info: add_instantiation_interface_port altera_axi4lite_slave s_wstrb wstrb 8 standard logic vector Input
2024.08.28.01:45:49 Info: add_instantiation_interface_port altera_axi4lite_slave s_wvalid wvalid 1 standard logic Input
2024.08.28.01:45:49 Info: add_instantiation_interface_port altera_axi4lite_slave s_wready wready 1 standard logic Output
2024.08.28.01:45:49 Info: add_instantiation_interface_port altera_axi4lite_slave s_bresp bresp 2 standard logic vector Output
2024.08.28.01:45:49 Info: add_instantiation_interface_port altera_axi4lite_slave s_bvalid bvalid 1 standard logic Output
2024.08.28.01:45:49 Info: add_instantiation_interface_port altera_axi4lite_slave s_bready bready 1 standard logic Input
2024.08.28.01:45:49 Info: add_instantiation_interface_port altera_axi4lite_slave s_araddr araddr 12 standard logic vector Input
2024.08.28.01:45:49 Info: add_instantiation_interface_port altera_axi4lite_slave s_arprot arprot 3 standard logic vector Input
2024.08.28.01:45:49 Info: add_instantiation_interface_port altera_axi4lite_slave s_arvalid arvalid 1 standard logic Input
2024.08.28.01:45:49 Info: add_instantiation_interface_port altera_axi4lite_slave s_arready arready 1 standard logic Output
2024.08.28.01:45:49 Info: add_instantiation_interface_port altera_axi4lite_slave s_rdata rdata 64 standard logic vector Output
2024.08.28.01:45:49 Info: add_instantiation_interface_port altera_axi4lite_slave s_rresp rresp 2 standard logic vector Output
2024.08.28.01:45:49 Info: add_instantiation_interface_port altera_axi4lite_slave s_rvalid rvalid 1 standard logic Output
2024.08.28.01:45:49 Info: add_instantiation_interface_port altera_axi4lite_slave s_rready rready 1 standard logic Input
2024.08.28.01:45:49 Info: add_instantiation_interface altera_axi4lite_master axi4lite OUTPUT
2024.08.28.01:45:49 Info: set_instantiation_interface_parameter_value altera_axi4lite_master associatedClock clock
2024.08.28.01:45:49 Info: set_instantiation_interface_parameter_value altera_axi4lite_master associatedReset reset
2024.08.28.01:45:49 Info: set_instantiation_interface_parameter_value altera_axi4lite_master combinedIssuingCapability 16
2024.08.28.01:45:49 Info: set_instantiation_interface_parameter_value altera_axi4lite_master maximumOutstandingReads 16
2024.08.28.01:45:49 Info: set_instantiation_interface_parameter_value altera_axi4lite_master maximumOutstandingTransactions 16
2024.08.28.01:45:49 Info: set_instantiation_interface_parameter_value altera_axi4lite_master maximumOutstandingWrites 16/4
2024.08.28.01:45:49 Info: set_instantiation_interface_parameter_value altera_axi4lite_master readIssuingCapability 16
2024.08.28.01:45:49 Info: set_instantiation_interface_parameter_value altera_axi4lite_master trustzoneAware true
2024.08.28.01:45:49 Info: set_instantiation_interface_parameter_value altera_axi4lite_master writeIssuingCapability 16/4
2024.08.28.01:45:49 Info: add_instantiation_interface_port altera_axi4lite_master m_awaddr awaddr 12 standard logic vector Output
2024.08.28.01:45:49 Info: add_instantiation_interface_port altera_axi4lite_master m_awprot awprot 3 standard logic vector Output
2024.08.28.01:45:49 Info: add_instantiation_interface_port altera_axi4lite_master m_awvalid awvalid 1 standard logic Output
2024.08.28.01:45:49 Info: add_instantiation_interface_port altera_axi4lite_master m_awready awready 1 standard logic Input
2024.08.28.01:45:49 Info: add_instantiation_interface_port altera_axi4lite_master m_wdata wdata 64 standard logic vector Output
2024.08.28.01:45:49 Info: add_instantiation_interface_port altera_axi4lite_master m_wstrb wstrb 8 standard logic vector Output
2024.08.28.01:45:49 Info: add_instantiation_interface_port altera_axi4lite_master m_wvalid wvalid 1 standard logic Output
2024.08.28.01:45:49 Info: add_instantiation_interface_port altera_axi4lite_master m_wready wready 1 standard logic Input
2024.08.28.01:45:49 Info: add_instantiation_interface_port altera_axi4lite_master m_bresp bresp 2 standard logic vector Input
2024.08.28.01:45:49 Info: add_instantiation_interface_port altera_axi4lite_master m_bvalid bvalid 1 standard logic Input
2024.08.28.01:45:49 Info: add_instantiation_interface_port altera_axi4lite_master m_bready bready 1 standard logic Output
2024.08.28.01:45:49 Info: add_instantiation_interface_port altera_axi4lite_master m_araddr araddr 12 standard logic vector Output
2024.08.28.01:45:49 Info: add_instantiation_interface_port altera_axi4lite_master m_arprot arprot 3 standard logic vector Output
2024.08.28.01:45:49 Info: add_instantiation_interface_port altera_axi4lite_master m_arvalid arvalid 1 standard logic Output
2024.08.28.01:45:49 Info: add_instantiation_interface_port altera_axi4lite_master m_arready arready 1 standard logic Input
2024.08.28.01:45:49 Info: add_instantiation_interface_port altera_axi4lite_master m_rdata rdata 64 standard logic vector Input
2024.08.28.01:45:49 Info: add_instantiation_interface_port altera_axi4lite_master m_rresp rresp 2 standard logic vector Input
2024.08.28.01:45:49 Info: add_instantiation_interface_port altera_axi4lite_master m_rvalid rvalid 1 standard logic Input
2024.08.28.01:45:49 Info: add_instantiation_interface_port altera_axi4lite_master m_rready rready 1 standard logic Output
2024.08.28.01:45:49 Info: save_instantiation 
2024.08.28.01:45:49 Info: add_component bpf_pmci_slv ip/bpf/bpf_pmci_slv.ip axi4lite_shim bpf_pmci_slv 1.0
2024.08.28.01:45:49 Info: bpf_pmci_slv: Generic Component instance footprint reloaded.
2024.08.28.01:45:49 Info: load_component bpf_pmci_slv
2024.08.28.01:45:49 Info: set_component_parameter_value AW 17
2024.08.28.01:45:49 Info: set_component_parameter_value DW 64
2024.08.28.01:45:49 Info: set_component_project_property HIDE_FROM_IP_CATALOG false
2024.08.28.01:45:49 Info: save_component 
2024.08.28.01:45:49 Info: load_instantiation bpf_pmci_slv
2024.08.28.01:45:49 Info: remove_instantiation_interfaces_and_ports 
2024.08.28.01:45:49 Info: add_instantiation_interface clock clock INPUT
2024.08.28.01:45:49 Info: set_instantiation_interface_parameter_value clock clockRate 0
2024.08.28.01:45:49 Info: set_instantiation_interface_parameter_value clock externallyDriven false
2024.08.28.01:45:49 Info: set_instantiation_interface_parameter_value clock ptfSchematicName 
2024.08.28.01:45:49 Info: add_instantiation_interface_port clock clk clk 1 standard logic Input
2024.08.28.01:45:49 Info: add_instantiation_interface reset reset INPUT
2024.08.28.01:45:49 Info: set_instantiation_interface_parameter_value reset associatedClock clock
2024.08.28.01:45:49 Info: set_instantiation_interface_parameter_value reset synchronousEdges DEASSERT
2024.08.28.01:45:49 Info: add_instantiation_interface_port reset rst_n reset_n 1 standard logic Input
2024.08.28.01:45:49 Info: add_instantiation_interface altera_axi4lite_slave axi4lite INPUT
2024.08.28.01:45:49 Info: set_instantiation_interface_parameter_value altera_axi4lite_slave associatedClock clock
2024.08.28.01:45:49 Info: set_instantiation_interface_parameter_value altera_axi4lite_slave associatedReset reset
2024.08.28.01:45:49 Info: set_instantiation_interface_parameter_value altera_axi4lite_slave bridgesToMaster 
2024.08.28.01:45:49 Info: set_instantiation_interface_parameter_value altera_axi4lite_slave combinedAcceptanceCapability 16
2024.08.28.01:45:49 Info: set_instantiation_interface_parameter_value altera_axi4lite_slave maximumOutstandingReads 16
2024.08.28.01:45:49 Info: set_instantiation_interface_parameter_value altera_axi4lite_slave maximumOutstandingTransactions 16
2024.08.28.01:45:49 Info: set_instantiation_interface_parameter_value altera_axi4lite_slave maximumOutstandingWrites 16/4
2024.08.28.01:45:49 Info: set_instantiation_interface_parameter_value altera_axi4lite_slave readAcceptanceCapability 16
2024.08.28.01:45:49 Info: set_instantiation_interface_parameter_value altera_axi4lite_slave readDataReorderingDepth 1
2024.08.28.01:45:49 Info: set_instantiation_interface_parameter_value altera_axi4lite_slave trustzoneAware true
2024.08.28.01:45:49 Info: set_instantiation_interface_parameter_value altera_axi4lite_slave writeAcceptanceCapability 16/4
2024.08.28.01:45:49 Info: add_instantiation_interface_port altera_axi4lite_slave s_awaddr awaddr 17 standard logic vector Input
2024.08.28.01:45:49 Info: add_instantiation_interface_port altera_axi4lite_slave s_awprot awprot 3 standard logic vector Input
2024.08.28.01:45:49 Info: add_instantiation_interface_port altera_axi4lite_slave s_awvalid awvalid 1 standard logic Input
2024.08.28.01:45:49 Info: add_instantiation_interface_port altera_axi4lite_slave s_awready awready 1 standard logic Output
2024.08.28.01:45:49 Info: add_instantiation_interface_port altera_axi4lite_slave s_wdata wdata 64 standard logic vector Input
2024.08.28.01:45:49 Info: add_instantiation_interface_port altera_axi4lite_slave s_wstrb wstrb 8 standard logic vector Input
2024.08.28.01:45:49 Info: add_instantiation_interface_port altera_axi4lite_slave s_wvalid wvalid 1 standard logic Input
2024.08.28.01:45:49 Info: add_instantiation_interface_port altera_axi4lite_slave s_wready wready 1 standard logic Output
2024.08.28.01:45:49 Info: add_instantiation_interface_port altera_axi4lite_slave s_bresp bresp 2 standard logic vector Output
2024.08.28.01:45:49 Info: add_instantiation_interface_port altera_axi4lite_slave s_bvalid bvalid 1 standard logic Output
2024.08.28.01:45:49 Info: add_instantiation_interface_port altera_axi4lite_slave s_bready bready 1 standard logic Input
2024.08.28.01:45:49 Info: add_instantiation_interface_port altera_axi4lite_slave s_araddr araddr 17 standard logic vector Input
2024.08.28.01:45:49 Info: add_instantiation_interface_port altera_axi4lite_slave s_arprot arprot 3 standard logic vector Input
2024.08.28.01:45:49 Info: add_instantiation_interface_port altera_axi4lite_slave s_arvalid arvalid 1 standard logic Input
2024.08.28.01:45:49 Info: add_instantiation_interface_port altera_axi4lite_slave s_arready arready 1 standard logic Output
2024.08.28.01:45:49 Info: add_instantiation_interface_port altera_axi4lite_slave s_rdata rdata 64 standard logic vector Output
2024.08.28.01:45:49 Info: add_instantiation_interface_port altera_axi4lite_slave s_rresp rresp 2 standard logic vector Output
2024.08.28.01:45:49 Info: add_instantiation_interface_port altera_axi4lite_slave s_rvalid rvalid 1 standard logic Output
2024.08.28.01:45:49 Info: add_instantiation_interface_port altera_axi4lite_slave s_rready rready 1 standard logic Input
2024.08.28.01:45:49 Info: add_instantiation_interface altera_axi4lite_master axi4lite OUTPUT
2024.08.28.01:45:49 Info: set_instantiation_interface_parameter_value altera_axi4lite_master associatedClock clock
2024.08.28.01:45:49 Info: set_instantiation_interface_parameter_value altera_axi4lite_master associatedReset reset
2024.08.28.01:45:49 Info: set_instantiation_interface_parameter_value altera_axi4lite_master combinedIssuingCapability 16
2024.08.28.01:45:49 Info: set_instantiation_interface_parameter_value altera_axi4lite_master maximumOutstandingReads 16
2024.08.28.01:45:49 Info: set_instantiation_interface_parameter_value altera_axi4lite_master maximumOutstandingTransactions 16
2024.08.28.01:45:49 Info: set_instantiation_interface_parameter_value altera_axi4lite_master maximumOutstandingWrites 16/4
2024.08.28.01:45:49 Info: set_instantiation_interface_parameter_value altera_axi4lite_master readIssuingCapability 16
2024.08.28.01:45:49 Info: set_instantiation_interface_parameter_value altera_axi4lite_master trustzoneAware true
2024.08.28.01:45:49 Info: set_instantiation_interface_parameter_value altera_axi4lite_master writeIssuingCapability 16/4
2024.08.28.01:45:49 Info: add_instantiation_interface_port altera_axi4lite_master m_awaddr awaddr 17 standard logic vector Output
2024.08.28.01:45:49 Info: add_instantiation_interface_port altera_axi4lite_master m_awprot awprot 3 standard logic vector Output
2024.08.28.01:45:49 Info: add_instantiation_interface_port altera_axi4lite_master m_awvalid awvalid 1 standard logic Output
2024.08.28.01:45:49 Info: add_instantiation_interface_port altera_axi4lite_master m_awready awready 1 standard logic Input
2024.08.28.01:45:49 Info: add_instantiation_interface_port altera_axi4lite_master m_wdata wdata 64 standard logic vector Output
2024.08.28.01:45:49 Info: add_instantiation_interface_port altera_axi4lite_master m_wstrb wstrb 8 standard logic vector Output
2024.08.28.01:45:49 Info: add_instantiation_interface_port altera_axi4lite_master m_wvalid wvalid 1 standard logic Output
2024.08.28.01:45:49 Info: add_instantiation_interface_port altera_axi4lite_master m_wready wready 1 standard logic Input
2024.08.28.01:45:49 Info: add_instantiation_interface_port altera_axi4lite_master m_bresp bresp 2 standard logic vector Input
2024.08.28.01:45:49 Info: add_instantiation_interface_port altera_axi4lite_master m_bvalid bvalid 1 standard logic Input
2024.08.28.01:45:49 Info: add_instantiation_interface_port altera_axi4lite_master m_bready bready 1 standard logic Output
2024.08.28.01:45:49 Info: add_instantiation_interface_port altera_axi4lite_master m_araddr araddr 17 standard logic vector Output
2024.08.28.01:45:49 Info: add_instantiation_interface_port altera_axi4lite_master m_arprot arprot 3 standard logic vector Output
2024.08.28.01:45:49 Info: add_instantiation_interface_port altera_axi4lite_master m_arvalid arvalid 1 standard logic Output
2024.08.28.01:45:49 Info: add_instantiation_interface_port altera_axi4lite_master m_arready arready 1 standard logic Input
2024.08.28.01:45:49 Info: add_instantiation_interface_port altera_axi4lite_master m_rdata rdata 64 standard logic vector Input
2024.08.28.01:45:49 Info: add_instantiation_interface_port altera_axi4lite_master m_rresp rresp 2 standard logic vector Input
2024.08.28.01:45:49 Info: add_instantiation_interface_port altera_axi4lite_master m_rvalid rvalid 1 standard logic Input
2024.08.28.01:45:49 Info: add_instantiation_interface_port altera_axi4lite_master m_rready rready 1 standard logic Output
2024.08.28.01:45:49 Info: save_instantiation 
2024.08.28.01:45:49 Info: add_component bpf_pmci_lpbk_slv ip/bpf/bpf_pmci_lpbk_slv.ip axi4lite_shim bpf_pmci_lpbk_slv 1.0
2024.08.28.01:45:49 Info: bpf_pmci_lpbk_slv: Generic Component instance footprint reloaded.
2024.08.28.01:45:49 Info: load_component bpf_pmci_lpbk_slv
2024.08.28.01:45:49 Info: set_component_parameter_value AW 20
2024.08.28.01:45:49 Info: set_component_parameter_value DW 64
2024.08.28.01:45:49 Info: set_component_project_property HIDE_FROM_IP_CATALOG false
2024.08.28.01:45:49 Info: save_component 
2024.08.28.01:45:49 Info: load_instantiation bpf_pmci_lpbk_slv
2024.08.28.01:45:49 Info: remove_instantiation_interfaces_and_ports 
2024.08.28.01:45:49 Info: add_instantiation_interface clock clock INPUT
2024.08.28.01:45:49 Info: set_instantiation_interface_parameter_value clock clockRate 0
2024.08.28.01:45:49 Info: set_instantiation_interface_parameter_value clock externallyDriven false
2024.08.28.01:45:49 Info: set_instantiation_interface_parameter_value clock ptfSchematicName 
2024.08.28.01:45:49 Info: add_instantiation_interface_port clock clk clk 1 standard logic Input
2024.08.28.01:45:49 Info: add_instantiation_interface reset reset INPUT
2024.08.28.01:45:49 Info: set_instantiation_interface_parameter_value reset associatedClock clock
2024.08.28.01:45:49 Info: set_instantiation_interface_parameter_value reset synchronousEdges DEASSERT
2024.08.28.01:45:49 Info: add_instantiation_interface_port reset rst_n reset_n 1 standard logic Input
2024.08.28.01:45:49 Info: add_instantiation_interface altera_axi4lite_slave axi4lite INPUT
2024.08.28.01:45:49 Info: set_instantiation_interface_parameter_value altera_axi4lite_slave associatedClock clock
2024.08.28.01:45:49 Info: set_instantiation_interface_parameter_value altera_axi4lite_slave associatedReset reset
2024.08.28.01:45:49 Info: set_instantiation_interface_parameter_value altera_axi4lite_slave bridgesToMaster 
2024.08.28.01:45:49 Info: set_instantiation_interface_parameter_value altera_axi4lite_slave combinedAcceptanceCapability 16
2024.08.28.01:45:49 Info: set_instantiation_interface_parameter_value altera_axi4lite_slave maximumOutstandingReads 16
2024.08.28.01:45:49 Info: set_instantiation_interface_parameter_value altera_axi4lite_slave maximumOutstandingTransactions 16
2024.08.28.01:45:49 Info: set_instantiation_interface_parameter_value altera_axi4lite_slave maximumOutstandingWrites 16/4
2024.08.28.01:45:49 Info: set_instantiation_interface_parameter_value altera_axi4lite_slave readAcceptanceCapability 16
2024.08.28.01:45:49 Info: set_instantiation_interface_parameter_value altera_axi4lite_slave readDataReorderingDepth 1
2024.08.28.01:45:49 Info: set_instantiation_interface_parameter_value altera_axi4lite_slave trustzoneAware true
2024.08.28.01:45:49 Info: set_instantiation_interface_parameter_value altera_axi4lite_slave writeAcceptanceCapability 16/4
2024.08.28.01:45:49 Info: add_instantiation_interface_port altera_axi4lite_slave s_awaddr awaddr 20 standard logic vector Input
2024.08.28.01:45:49 Info: add_instantiation_interface_port altera_axi4lite_slave s_awprot awprot 3 standard logic vector Input
2024.08.28.01:45:49 Info: add_instantiation_interface_port altera_axi4lite_slave s_awvalid awvalid 1 standard logic Input
2024.08.28.01:45:49 Info: add_instantiation_interface_port altera_axi4lite_slave s_awready awready 1 standard logic Output
2024.08.28.01:45:49 Info: add_instantiation_interface_port altera_axi4lite_slave s_wdata wdata 64 standard logic vector Input
2024.08.28.01:45:49 Info: add_instantiation_interface_port altera_axi4lite_slave s_wstrb wstrb 8 standard logic vector Input
2024.08.28.01:45:49 Info: add_instantiation_interface_port altera_axi4lite_slave s_wvalid wvalid 1 standard logic Input
2024.08.28.01:45:49 Info: add_instantiation_interface_port altera_axi4lite_slave s_wready wready 1 standard logic Output
2024.08.28.01:45:49 Info: add_instantiation_interface_port altera_axi4lite_slave s_bresp bresp 2 standard logic vector Output
2024.08.28.01:45:49 Info: add_instantiation_interface_port altera_axi4lite_slave s_bvalid bvalid 1 standard logic Output
2024.08.28.01:45:49 Info: add_instantiation_interface_port altera_axi4lite_slave s_bready bready 1 standard logic Input
2024.08.28.01:45:49 Info: add_instantiation_interface_port altera_axi4lite_slave s_araddr araddr 20 standard logic vector Input
2024.08.28.01:45:49 Info: add_instantiation_interface_port altera_axi4lite_slave s_arprot arprot 3 standard logic vector Input
2024.08.28.01:45:49 Info: add_instantiation_interface_port altera_axi4lite_slave s_arvalid arvalid 1 standard logic Input
2024.08.28.01:45:49 Info: add_instantiation_interface_port altera_axi4lite_slave s_arready arready 1 standard logic Output
2024.08.28.01:45:49 Info: add_instantiation_interface_port altera_axi4lite_slave s_rdata rdata 64 standard logic vector Output
2024.08.28.01:45:49 Info: add_instantiation_interface_port altera_axi4lite_slave s_rresp rresp 2 standard logic vector Output
2024.08.28.01:45:49 Info: add_instantiation_interface_port altera_axi4lite_slave s_rvalid rvalid 1 standard logic Output
2024.08.28.01:45:49 Info: add_instantiation_interface_port altera_axi4lite_slave s_rready rready 1 standard logic Input
2024.08.28.01:45:49 Info: add_instantiation_interface altera_axi4lite_master axi4lite OUTPUT
2024.08.28.01:45:49 Info: set_instantiation_interface_parameter_value altera_axi4lite_master associatedClock clock
2024.08.28.01:45:49 Info: set_instantiation_interface_parameter_value altera_axi4lite_master associatedReset reset
2024.08.28.01:45:49 Info: set_instantiation_interface_parameter_value altera_axi4lite_master combinedIssuingCapability 16
2024.08.28.01:45:49 Info: set_instantiation_interface_parameter_value altera_axi4lite_master maximumOutstandingReads 16
2024.08.28.01:45:49 Info: set_instantiation_interface_parameter_value altera_axi4lite_master maximumOutstandingTransactions 16
2024.08.28.01:45:49 Info: set_instantiation_interface_parameter_value altera_axi4lite_master maximumOutstandingWrites 16/4
2024.08.28.01:45:49 Info: set_instantiation_interface_parameter_value altera_axi4lite_master readIssuingCapability 16
2024.08.28.01:45:49 Info: set_instantiation_interface_parameter_value altera_axi4lite_master trustzoneAware true
2024.08.28.01:45:49 Info: set_instantiation_interface_parameter_value altera_axi4lite_master writeIssuingCapability 16/4
2024.08.28.01:45:49 Info: add_instantiation_interface_port altera_axi4lite_master m_awaddr awaddr 20 standard logic vector Output
2024.08.28.01:45:49 Info: add_instantiation_interface_port altera_axi4lite_master m_awprot awprot 3 standard logic vector Output
2024.08.28.01:45:49 Info: add_instantiation_interface_port altera_axi4lite_master m_awvalid awvalid 1 standard logic Output
2024.08.28.01:45:49 Info: add_instantiation_interface_port altera_axi4lite_master m_awready awready 1 standard logic Input
2024.08.28.01:45:49 Info: add_instantiation_interface_port altera_axi4lite_master m_wdata wdata 64 standard logic vector Output
2024.08.28.01:45:49 Info: add_instantiation_interface_port altera_axi4lite_master m_wstrb wstrb 8 standard logic vector Output
2024.08.28.01:45:49 Info: add_instantiation_interface_port altera_axi4lite_master m_wvalid wvalid 1 standard logic Output
2024.08.28.01:45:49 Info: add_instantiation_interface_port altera_axi4lite_master m_wready wready 1 standard logic Input
2024.08.28.01:45:49 Info: add_instantiation_interface_port altera_axi4lite_master m_bresp bresp 2 standard logic vector Input
2024.08.28.01:45:49 Info: add_instantiation_interface_port altera_axi4lite_master m_bvalid bvalid 1 standard logic Input
2024.08.28.01:45:49 Info: add_instantiation_interface_port altera_axi4lite_master m_bready bready 1 standard logic Output
2024.08.28.01:45:49 Info: add_instantiation_interface_port altera_axi4lite_master m_araddr araddr 20 standard logic vector Output
2024.08.28.01:45:49 Info: add_instantiation_interface_port altera_axi4lite_master m_arprot arprot 3 standard logic vector Output
2024.08.28.01:45:49 Info: add_instantiation_interface_port altera_axi4lite_master m_arvalid arvalid 1 standard logic Output
2024.08.28.01:45:49 Info: add_instantiation_interface_port altera_axi4lite_master m_arready arready 1 standard logic Input
2024.08.28.01:45:49 Info: add_instantiation_interface_port altera_axi4lite_master m_rdata rdata 64 standard logic vector Input
2024.08.28.01:45:49 Info: add_instantiation_interface_port altera_axi4lite_master m_rresp rresp 2 standard logic vector Input
2024.08.28.01:45:49 Info: add_instantiation_interface_port altera_axi4lite_master m_rvalid rvalid 1 standard logic Input
2024.08.28.01:45:49 Info: add_instantiation_interface_port altera_axi4lite_master m_rready rready 1 standard logic Output
2024.08.28.01:45:49 Info: save_instantiation 
2024.08.28.01:45:49 Info: add_component bpf_apf_mst ip/bpf/bpf_apf_mst.ip axi4lite_shim bpf_apf_mst 1.0
2024.08.28.01:45:49 Info: bpf_apf_mst: Generic Component instance footprint reloaded.
2024.08.28.01:45:49 Info: load_component bpf_apf_mst
2024.08.28.01:45:49 Info: set_component_parameter_value AW 18
2024.08.28.01:45:49 Info: set_component_parameter_value DW 64
2024.08.28.01:45:49 Info: set_component_project_property HIDE_FROM_IP_CATALOG false
2024.08.28.01:45:49 Info: save_component 
2024.08.28.01:45:49 Info: load_instantiation bpf_apf_mst
2024.08.28.01:45:49 Info: remove_instantiation_interfaces_and_ports 
2024.08.28.01:45:49 Info: add_instantiation_interface clock clock INPUT
2024.08.28.01:45:49 Info: set_instantiation_interface_parameter_value clock clockRate 0
2024.08.28.01:45:49 Info: set_instantiation_interface_parameter_value clock externallyDriven false
2024.08.28.01:45:49 Info: set_instantiation_interface_parameter_value clock ptfSchematicName 
2024.08.28.01:45:49 Info: add_instantiation_interface_port clock clk clk 1 standard logic Input
2024.08.28.01:45:49 Info: add_instantiation_interface reset reset INPUT
2024.08.28.01:45:49 Info: set_instantiation_interface_parameter_value reset associatedClock clock
2024.08.28.01:45:49 Info: set_instantiation_interface_parameter_value reset synchronousEdges DEASSERT
2024.08.28.01:45:49 Info: add_instantiation_interface_port reset rst_n reset_n 1 standard logic Input
2024.08.28.01:45:49 Info: add_instantiation_interface altera_axi4lite_slave axi4lite INPUT
2024.08.28.01:45:49 Info: set_instantiation_interface_parameter_value altera_axi4lite_slave associatedClock clock
2024.08.28.01:45:49 Info: set_instantiation_interface_parameter_value altera_axi4lite_slave associatedReset reset
2024.08.28.01:45:49 Info: set_instantiation_interface_parameter_value altera_axi4lite_slave bridgesToMaster 
2024.08.28.01:45:49 Info: set_instantiation_interface_parameter_value altera_axi4lite_slave combinedAcceptanceCapability 16
2024.08.28.01:45:49 Info: set_instantiation_interface_parameter_value altera_axi4lite_slave maximumOutstandingReads 16
2024.08.28.01:45:49 Info: set_instantiation_interface_parameter_value altera_axi4lite_slave maximumOutstandingTransactions 16
2024.08.28.01:45:49 Info: set_instantiation_interface_parameter_value altera_axi4lite_slave maximumOutstandingWrites 16/4
2024.08.28.01:45:49 Info: set_instantiation_interface_parameter_value altera_axi4lite_slave readAcceptanceCapability 16
2024.08.28.01:45:49 Info: set_instantiation_interface_parameter_value altera_axi4lite_slave writeAcceptanceCapability 16/4
2024.08.28.01:45:49 Info: set_instantiation_interface_parameter_value altera_axi4lite_slave readDataReorderingDepth 1
2024.08.28.01:45:49 Info: set_instantiation_interface_parameter_value altera_axi4lite_slave trustzoneAware true
2024.08.28.01:45:49 Info: add_instantiation_interface_port altera_axi4lite_slave s_awaddr awaddr 18 standard logic vector Input
2024.08.28.01:45:49 Info: add_instantiation_interface_port altera_axi4lite_slave s_awprot awprot 3 standard logic vector Input
2024.08.28.01:45:49 Info: add_instantiation_interface_port altera_axi4lite_slave s_awvalid awvalid 1 standard logic Input
2024.08.28.01:45:49 Info: add_instantiation_interface_port altera_axi4lite_slave s_awready awready 1 standard logic Output
2024.08.28.01:45:49 Info: add_instantiation_interface_port altera_axi4lite_slave s_wdata wdata 64 standard logic vector Input
2024.08.28.01:45:49 Info: add_instantiation_interface_port altera_axi4lite_slave s_wstrb wstrb 8 standard logic vector Input
2024.08.28.01:45:49 Info: add_instantiation_interface_port altera_axi4lite_slave s_wvalid wvalid 1 standard logic Input
2024.08.28.01:45:49 Info: add_instantiation_interface_port altera_axi4lite_slave s_wready wready 1 standard logic Output
2024.08.28.01:45:49 Info: add_instantiation_interface_port altera_axi4lite_slave s_bresp bresp 2 standard logic vector Output
2024.08.28.01:45:49 Info: add_instantiation_interface_port altera_axi4lite_slave s_bvalid bvalid 1 standard logic Output
2024.08.28.01:45:49 Info: add_instantiation_interface_port altera_axi4lite_slave s_bready bready 1 standard logic Input
2024.08.28.01:45:49 Info: add_instantiation_interface_port altera_axi4lite_slave s_araddr araddr 18 standard logic vector Input
2024.08.28.01:45:49 Info: add_instantiation_interface_port altera_axi4lite_slave s_arprot arprot 3 standard logic vector Input
2024.08.28.01:45:49 Info: add_instantiation_interface_port altera_axi4lite_slave s_arvalid arvalid 1 standard logic Input
2024.08.28.01:45:49 Info: add_instantiation_interface_port altera_axi4lite_slave s_arready arready 1 standard logic Output
2024.08.28.01:45:49 Info: add_instantiation_interface_port altera_axi4lite_slave s_rdata rdata 64 standard logic vector Output
2024.08.28.01:45:49 Info: add_instantiation_interface_port altera_axi4lite_slave s_rresp rresp 2 standard logic vector Output
2024.08.28.01:45:49 Info: add_instantiation_interface_port altera_axi4lite_slave s_rvalid rvalid 1 standard logic Output
2024.08.28.01:45:49 Info: add_instantiation_interface_port altera_axi4lite_slave s_rready rready 1 standard logic Input
2024.08.28.01:45:49 Info: add_instantiation_interface altera_axi4lite_master axi4lite OUTPUT
2024.08.28.01:45:49 Info: set_instantiation_interface_parameter_value altera_axi4lite_master associatedClock clock
2024.08.28.01:45:49 Info: set_instantiation_interface_parameter_value altera_axi4lite_master associatedReset reset
2024.08.28.01:45:49 Info: set_instantiation_interface_parameter_value altera_axi4lite_master combinedIssuingCapability 16
2024.08.28.01:45:49 Info: set_instantiation_interface_parameter_value altera_axi4lite_master maximumOutstandingReads 16
2024.08.28.01:45:49 Info: set_instantiation_interface_parameter_value altera_axi4lite_master maximumOutstandingTransactions 16
2024.08.28.01:45:49 Info: set_instantiation_interface_parameter_value altera_axi4lite_master maximumOutstandingWrites 16/4
2024.08.28.01:45:49 Info: set_instantiation_interface_parameter_value altera_axi4lite_master readIssuingCapability 16
2024.08.28.01:45:49 Info: set_instantiation_interface_parameter_value altera_axi4lite_master trustzoneAware true
2024.08.28.01:45:49 Info: set_instantiation_interface_parameter_value altera_axi4lite_master writeIssuingCapability 16/4
2024.08.28.01:45:49 Info: add_instantiation_interface_port altera_axi4lite_master m_awaddr awaddr 18 standard logic vector Output
2024.08.28.01:45:49 Info: add_instantiation_interface_port altera_axi4lite_master m_awprot awprot 3 standard logic vector Output
2024.08.28.01:45:49 Info: add_instantiation_interface_port altera_axi4lite_master m_awvalid awvalid 1 standard logic Output
2024.08.28.01:45:49 Info: add_instantiation_interface_port altera_axi4lite_master m_awready awready 1 standard logic Input
2024.08.28.01:45:49 Info: add_instantiation_interface_port altera_axi4lite_master m_wdata wdata 64 standard logic vector Output
2024.08.28.01:45:49 Info: add_instantiation_interface_port altera_axi4lite_master m_wstrb wstrb 8 standard logic vector Output
2024.08.28.01:45:49 Info: add_instantiation_interface_port altera_axi4lite_master m_wvalid wvalid 1 standard logic Output
2024.08.28.01:45:49 Info: add_instantiation_interface_port altera_axi4lite_master m_wready wready 1 standard logic Input
2024.08.28.01:45:49 Info: add_instantiation_interface_port altera_axi4lite_master m_bresp bresp 2 standard logic vector Input
2024.08.28.01:45:49 Info: add_instantiation_interface_port altera_axi4lite_master m_bvalid bvalid 1 standard logic Input
2024.08.28.01:45:49 Info: add_instantiation_interface_port altera_axi4lite_master m_bready bready 1 standard logic Output
2024.08.28.01:45:49 Info: add_instantiation_interface_port altera_axi4lite_master m_araddr araddr 18 standard logic vector Output
2024.08.28.01:45:49 Info: add_instantiation_interface_port altera_axi4lite_master m_arprot arprot 3 standard logic vector Output
2024.08.28.01:45:49 Info: add_instantiation_interface_port altera_axi4lite_master m_arvalid arvalid 1 standard logic Output
2024.08.28.01:45:49 Info: add_instantiation_interface_port altera_axi4lite_master m_arready arready 1 standard logic Input
2024.08.28.01:45:49 Info: add_instantiation_interface_port altera_axi4lite_master m_rdata rdata 64 standard logic vector Input
2024.08.28.01:45:49 Info: add_instantiation_interface_port altera_axi4lite_master m_rresp rresp 2 standard logic vector Input
2024.08.28.01:45:49 Info: add_instantiation_interface_port altera_axi4lite_master m_rvalid rvalid 1 standard logic Input
2024.08.28.01:45:49 Info: add_instantiation_interface_port altera_axi4lite_master m_rready rready 1 standard logic Output
2024.08.28.01:45:49 Info: save_instantiation 
2024.08.28.01:45:49 Info: add_component bpf_fme_mst ip/bpf/bpf_fme_mst.ip axi4lite_shim bpf_fme_mst 1.0
2024.08.28.01:45:49 Info: bpf_fme_mst: Generic Component instance footprint reloaded.
2024.08.28.01:45:49 Info: load_component bpf_fme_mst
2024.08.28.01:45:49 Info: set_component_parameter_value AW 20
2024.08.28.01:45:49 Info: set_component_parameter_value DW 64
2024.08.28.01:45:49 Info: set_component_project_property HIDE_FROM_IP_CATALOG false
2024.08.28.01:45:49 Info: save_component 
2024.08.28.01:45:49 Info: load_instantiation bpf_fme_mst
2024.08.28.01:45:49 Info: remove_instantiation_interfaces_and_ports 
2024.08.28.01:45:49 Info: add_instantiation_interface clock clock INPUT
2024.08.28.01:45:49 Info: set_instantiation_interface_parameter_value clock clockRate 0
2024.08.28.01:45:49 Info: set_instantiation_interface_parameter_value clock externallyDriven false
2024.08.28.01:45:49 Info: set_instantiation_interface_parameter_value clock ptfSchematicName 
2024.08.28.01:45:49 Info: add_instantiation_interface_port clock clk clk 1 standard logic Input
2024.08.28.01:45:49 Info: add_instantiation_interface reset reset INPUT
2024.08.28.01:45:49 Info: set_instantiation_interface_parameter_value reset associatedClock clock
2024.08.28.01:45:49 Info: set_instantiation_interface_parameter_value reset synchronousEdges DEASSERT
2024.08.28.01:45:49 Info: add_instantiation_interface_port reset rst_n reset_n 1 standard logic Input
2024.08.28.01:45:49 Info: add_instantiation_interface altera_axi4lite_slave axi4lite INPUT
2024.08.28.01:45:49 Info: set_instantiation_interface_parameter_value altera_axi4lite_slave associatedClock clock
2024.08.28.01:45:49 Info: set_instantiation_interface_parameter_value altera_axi4lite_slave associatedReset reset
2024.08.28.01:45:49 Info: set_instantiation_interface_parameter_value altera_axi4lite_slave bridgesToMaster 
2024.08.28.01:45:49 Info: set_instantiation_interface_parameter_value altera_axi4lite_slave combinedAcceptanceCapability 16
2024.08.28.01:45:49 Info: set_instantiation_interface_parameter_value altera_axi4lite_slave maximumOutstandingReads 16
2024.08.28.01:45:49 Info: set_instantiation_interface_parameter_value altera_axi4lite_slave maximumOutstandingTransactions 16
2024.08.28.01:45:49 Info: set_instantiation_interface_parameter_value altera_axi4lite_slave maximumOutstandingWrites 16/4
2024.08.28.01:45:49 Info: set_instantiation_interface_parameter_value altera_axi4lite_slave readAcceptanceCapability 16
2024.08.28.01:45:49 Info: set_instantiation_interface_parameter_value altera_axi4lite_slave writeAcceptanceCapability 16/4
2024.08.28.01:45:49 Info: set_instantiation_interface_parameter_value altera_axi4lite_slave readDataReorderingDepth 1
2024.08.28.01:45:49 Info: set_instantiation_interface_parameter_value altera_axi4lite_slave trustzoneAware true
2024.08.28.01:45:49 Info: add_instantiation_interface_port altera_axi4lite_slave s_awaddr awaddr 20 standard logic vector Input
2024.08.28.01:45:49 Info: add_instantiation_interface_port altera_axi4lite_slave s_awprot awprot 3 standard logic vector Input
2024.08.28.01:45:49 Info: add_instantiation_interface_port altera_axi4lite_slave s_awvalid awvalid 1 standard logic Input
2024.08.28.01:45:49 Info: add_instantiation_interface_port altera_axi4lite_slave s_awready awready 1 standard logic Output
2024.08.28.01:45:49 Info: add_instantiation_interface_port altera_axi4lite_slave s_wdata wdata 64 standard logic vector Input
2024.08.28.01:45:49 Info: add_instantiation_interface_port altera_axi4lite_slave s_wstrb wstrb 8 standard logic vector Input
2024.08.28.01:45:49 Info: add_instantiation_interface_port altera_axi4lite_slave s_wvalid wvalid 1 standard logic Input
2024.08.28.01:45:49 Info: add_instantiation_interface_port altera_axi4lite_slave s_wready wready 1 standard logic Output
2024.08.28.01:45:49 Info: add_instantiation_interface_port altera_axi4lite_slave s_bresp bresp 2 standard logic vector Output
2024.08.28.01:45:49 Info: add_instantiation_interface_port altera_axi4lite_slave s_bvalid bvalid 1 standard logic Output
2024.08.28.01:45:49 Info: add_instantiation_interface_port altera_axi4lite_slave s_bready bready 1 standard logic Input
2024.08.28.01:45:49 Info: add_instantiation_interface_port altera_axi4lite_slave s_araddr araddr 20 standard logic vector Input
2024.08.28.01:45:49 Info: add_instantiation_interface_port altera_axi4lite_slave s_arprot arprot 3 standard logic vector Input
2024.08.28.01:45:49 Info: add_instantiation_interface_port altera_axi4lite_slave s_arvalid arvalid 1 standard logic Input
2024.08.28.01:45:49 Info: add_instantiation_interface_port altera_axi4lite_slave s_arready arready 1 standard logic Output
2024.08.28.01:45:49 Info: add_instantiation_interface_port altera_axi4lite_slave s_rdata rdata 64 standard logic vector Output
2024.08.28.01:45:49 Info: add_instantiation_interface_port altera_axi4lite_slave s_rresp rresp 2 standard logic vector Output
2024.08.28.01:45:49 Info: add_instantiation_interface_port altera_axi4lite_slave s_rvalid rvalid 1 standard logic Output
2024.08.28.01:45:49 Info: add_instantiation_interface_port altera_axi4lite_slave s_rready rready 1 standard logic Input
2024.08.28.01:45:49 Info: add_instantiation_interface altera_axi4lite_master axi4lite OUTPUT
2024.08.28.01:45:49 Info: set_instantiation_interface_parameter_value altera_axi4lite_master associatedClock clock
2024.08.28.01:45:49 Info: set_instantiation_interface_parameter_value altera_axi4lite_master associatedReset reset
2024.08.28.01:45:49 Info: set_instantiation_interface_parameter_value altera_axi4lite_master combinedIssuingCapability 16
2024.08.28.01:45:49 Info: set_instantiation_interface_parameter_value altera_axi4lite_master maximumOutstandingReads 16
2024.08.28.01:45:49 Info: set_instantiation_interface_parameter_value altera_axi4lite_master maximumOutstandingTransactions 16
2024.08.28.01:45:49 Info: set_instantiation_interface_parameter_value altera_axi4lite_master maximumOutstandingWrites 16/4
2024.08.28.01:45:49 Info: set_instantiation_interface_parameter_value altera_axi4lite_master readIssuingCapability 16
2024.08.28.01:45:49 Info: set_instantiation_interface_parameter_value altera_axi4lite_master trustzoneAware true
2024.08.28.01:45:49 Info: set_instantiation_interface_parameter_value altera_axi4lite_master writeIssuingCapability 16/4
2024.08.28.01:45:49 Info: add_instantiation_interface_port altera_axi4lite_master m_awaddr awaddr 20 standard logic vector Output
2024.08.28.01:45:49 Info: add_instantiation_interface_port altera_axi4lite_master m_awprot awprot 3 standard logic vector Output
2024.08.28.01:45:49 Info: add_instantiation_interface_port altera_axi4lite_master m_awvalid awvalid 1 standard logic Output
2024.08.28.01:45:49 Info: add_instantiation_interface_port altera_axi4lite_master m_awready awready 1 standard logic Input
2024.08.28.01:45:49 Info: add_instantiation_interface_port altera_axi4lite_master m_wdata wdata 64 standard logic vector Output
2024.08.28.01:45:49 Info: add_instantiation_interface_port altera_axi4lite_master m_wstrb wstrb 8 standard logic vector Output
2024.08.28.01:45:49 Info: add_instantiation_interface_port altera_axi4lite_master m_wvalid wvalid 1 standard logic Output
2024.08.28.01:45:49 Info: add_instantiation_interface_port altera_axi4lite_master m_wready wready 1 standard logic Input
2024.08.28.01:45:49 Info: add_instantiation_interface_port altera_axi4lite_master m_bresp bresp 2 standard logic vector Input
2024.08.28.01:45:49 Info: add_instantiation_interface_port altera_axi4lite_master m_bvalid bvalid 1 standard logic Input
2024.08.28.01:45:49 Info: add_instantiation_interface_port altera_axi4lite_master m_bready bready 1 standard logic Output
2024.08.28.01:45:49 Info: add_instantiation_interface_port altera_axi4lite_master m_araddr araddr 20 standard logic vector Output
2024.08.28.01:45:49 Info: add_instantiation_interface_port altera_axi4lite_master m_arprot arprot 3 standard logic vector Output
2024.08.28.01:45:49 Info: add_instantiation_interface_port altera_axi4lite_master m_arvalid arvalid 1 standard logic Output
2024.08.28.01:45:49 Info: add_instantiation_interface_port altera_axi4lite_master m_arready arready 1 standard logic Input
2024.08.28.01:45:49 Info: add_instantiation_interface_port altera_axi4lite_master m_rdata rdata 64 standard logic vector Input
2024.08.28.01:45:49 Info: add_instantiation_interface_port altera_axi4lite_master m_rresp rresp 2 standard logic vector Input
2024.08.28.01:45:49 Info: add_instantiation_interface_port altera_axi4lite_master m_rvalid rvalid 1 standard logic Input
2024.08.28.01:45:49 Info: add_instantiation_interface_port altera_axi4lite_master m_rready rready 1 standard logic Output
2024.08.28.01:45:49 Info: save_instantiation 
2024.08.28.01:45:49 Info: add_component bpf_pmci_mst ip/bpf/bpf_pmci_mst.ip axi4lite_shim bpf_pmci_mst 1.0
2024.08.28.01:45:49 Info: bpf_pmci_mst: Generic Component instance footprint reloaded.
2024.08.28.01:45:49 Info: load_component bpf_pmci_mst
2024.08.28.01:45:49 Info: set_component_parameter_value AW 21
2024.08.28.01:45:49 Info: set_component_parameter_value DW 64
2024.08.28.01:45:49 Info: set_component_project_property HIDE_FROM_IP_CATALOG false
2024.08.28.01:45:49 Info: save_component 
2024.08.28.01:45:49 Info: load_instantiation bpf_pmci_mst
2024.08.28.01:45:49 Info: remove_instantiation_interfaces_and_ports 
2024.08.28.01:45:49 Info: add_instantiation_interface clock clock INPUT
2024.08.28.01:45:49 Info: set_instantiation_interface_parameter_value clock clockRate 0
2024.08.28.01:45:49 Info: set_instantiation_interface_parameter_value clock externallyDriven false
2024.08.28.01:45:49 Info: set_instantiation_interface_parameter_value clock ptfSchematicName 
2024.08.28.01:45:49 Info: add_instantiation_interface_port clock clk clk 1 standard logic Input
2024.08.28.01:45:49 Info: add_instantiation_interface reset reset INPUT
2024.08.28.01:45:49 Info: set_instantiation_interface_parameter_value reset associatedClock clock
2024.08.28.01:45:49 Info: set_instantiation_interface_parameter_value reset synchronousEdges DEASSERT
2024.08.28.01:45:49 Info: add_instantiation_interface_port reset rst_n reset_n 1 standard logic Input
2024.08.28.01:45:49 Info: add_instantiation_interface altera_axi4lite_slave axi4lite INPUT
2024.08.28.01:45:49 Info: set_instantiation_interface_parameter_value altera_axi4lite_slave associatedClock clock
2024.08.28.01:45:49 Info: set_instantiation_interface_parameter_value altera_axi4lite_slave associatedReset reset
2024.08.28.01:45:49 Info: set_instantiation_interface_parameter_value altera_axi4lite_slave bridgesToMaster 
2024.08.28.01:45:49 Info: set_instantiation_interface_parameter_value altera_axi4lite_slave combinedAcceptanceCapability 16
2024.08.28.01:45:49 Info: set_instantiation_interface_parameter_value altera_axi4lite_slave maximumOutstandingReads 16
2024.08.28.01:45:49 Info: set_instantiation_interface_parameter_value altera_axi4lite_slave maximumOutstandingTransactions 16
2024.08.28.01:45:49 Info: set_instantiation_interface_parameter_value altera_axi4lite_slave maximumOutstandingWrites 16/4
2024.08.28.01:45:49 Info: set_instantiation_interface_parameter_value altera_axi4lite_slave readAcceptanceCapability 16
2024.08.28.01:45:49 Info: set_instantiation_interface_parameter_value altera_axi4lite_slave writeAcceptanceCapability 16/4
2024.08.28.01:45:49 Info: set_instantiation_interface_parameter_value altera_axi4lite_slave readDataReorderingDepth 1
2024.08.28.01:45:49 Info: set_instantiation_interface_parameter_value altera_axi4lite_slave trustzoneAware true
2024.08.28.01:45:49 Info: add_instantiation_interface_port altera_axi4lite_slave s_awaddr awaddr 21 standard logic vector Input
2024.08.28.01:45:49 Info: add_instantiation_interface_port altera_axi4lite_slave s_awprot awprot 3 standard logic vector Input
2024.08.28.01:45:49 Info: add_instantiation_interface_port altera_axi4lite_slave s_awvalid awvalid 1 standard logic Input
2024.08.28.01:45:49 Info: add_instantiation_interface_port altera_axi4lite_slave s_awready awready 1 standard logic Output
2024.08.28.01:45:49 Info: add_instantiation_interface_port altera_axi4lite_slave s_wdata wdata 64 standard logic vector Input
2024.08.28.01:45:49 Info: add_instantiation_interface_port altera_axi4lite_slave s_wstrb wstrb 8 standard logic vector Input
2024.08.28.01:45:49 Info: add_instantiation_interface_port altera_axi4lite_slave s_wvalid wvalid 1 standard logic Input
2024.08.28.01:45:49 Info: add_instantiation_interface_port altera_axi4lite_slave s_wready wready 1 standard logic Output
2024.08.28.01:45:49 Info: add_instantiation_interface_port altera_axi4lite_slave s_bresp bresp 2 standard logic vector Output
2024.08.28.01:45:49 Info: add_instantiation_interface_port altera_axi4lite_slave s_bvalid bvalid 1 standard logic Output
2024.08.28.01:45:49 Info: add_instantiation_interface_port altera_axi4lite_slave s_bready bready 1 standard logic Input
2024.08.28.01:45:49 Info: add_instantiation_interface_port altera_axi4lite_slave s_araddr araddr 21 standard logic vector Input
2024.08.28.01:45:49 Info: add_instantiation_interface_port altera_axi4lite_slave s_arprot arprot 3 standard logic vector Input
2024.08.28.01:45:49 Info: add_instantiation_interface_port altera_axi4lite_slave s_arvalid arvalid 1 standard logic Input
2024.08.28.01:45:49 Info: add_instantiation_interface_port altera_axi4lite_slave s_arready arready 1 standard logic Output
2024.08.28.01:45:49 Info: add_instantiation_interface_port altera_axi4lite_slave s_rdata rdata 64 standard logic vector Output
2024.08.28.01:45:49 Info: add_instantiation_interface_port altera_axi4lite_slave s_rresp rresp 2 standard logic vector Output
2024.08.28.01:45:49 Info: add_instantiation_interface_port altera_axi4lite_slave s_rvalid rvalid 1 standard logic Output
2024.08.28.01:45:49 Info: add_instantiation_interface_port altera_axi4lite_slave s_rready rready 1 standard logic Input
2024.08.28.01:45:49 Info: add_instantiation_interface altera_axi4lite_master axi4lite OUTPUT
2024.08.28.01:45:49 Info: set_instantiation_interface_parameter_value altera_axi4lite_master associatedClock clock
2024.08.28.01:45:49 Info: set_instantiation_interface_parameter_value altera_axi4lite_master associatedReset reset
2024.08.28.01:45:49 Info: set_instantiation_interface_parameter_value altera_axi4lite_master combinedIssuingCapability 16
2024.08.28.01:45:49 Info: set_instantiation_interface_parameter_value altera_axi4lite_master maximumOutstandingReads 16
2024.08.28.01:45:49 Info: set_instantiation_interface_parameter_value altera_axi4lite_master maximumOutstandingTransactions 16
2024.08.28.01:45:49 Info: set_instantiation_interface_parameter_value altera_axi4lite_master maximumOutstandingWrites 16/4
2024.08.28.01:45:49 Info: set_instantiation_interface_parameter_value altera_axi4lite_master readIssuingCapability 16
2024.08.28.01:45:49 Info: set_instantiation_interface_parameter_value altera_axi4lite_master trustzoneAware true
2024.08.28.01:45:49 Info: set_instantiation_interface_parameter_value altera_axi4lite_master writeIssuingCapability 16/4
2024.08.28.01:45:49 Info: add_instantiation_interface_port altera_axi4lite_master m_awaddr awaddr 21 standard logic vector Output
2024.08.28.01:45:49 Info: add_instantiation_interface_port altera_axi4lite_master m_awprot awprot 3 standard logic vector Output
2024.08.28.01:45:49 Info: add_instantiation_interface_port altera_axi4lite_master m_awvalid awvalid 1 standard logic Output
2024.08.28.01:45:49 Info: add_instantiation_interface_port altera_axi4lite_master m_awready awready 1 standard logic Input
2024.08.28.01:45:49 Info: add_instantiation_interface_port altera_axi4lite_master m_wdata wdata 64 standard logic vector Output
2024.08.28.01:45:49 Info: add_instantiation_interface_port altera_axi4lite_master m_wstrb wstrb 8 standard logic vector Output
2024.08.28.01:45:49 Info: add_instantiation_interface_port altera_axi4lite_master m_wvalid wvalid 1 standard logic Output
2024.08.28.01:45:49 Info: add_instantiation_interface_port altera_axi4lite_master m_wready wready 1 standard logic Input
2024.08.28.01:45:49 Info: add_instantiation_interface_port altera_axi4lite_master m_bresp bresp 2 standard logic vector Input
2024.08.28.01:45:49 Info: add_instantiation_interface_port altera_axi4lite_master m_bvalid bvalid 1 standard logic Input
2024.08.28.01:45:49 Info: add_instantiation_interface_port altera_axi4lite_master m_bready bready 1 standard logic Output
2024.08.28.01:45:49 Info: add_instantiation_interface_port altera_axi4lite_master m_araddr araddr 21 standard logic vector Output
2024.08.28.01:45:49 Info: add_instantiation_interface_port altera_axi4lite_master m_arprot arprot 3 standard logic vector Output
2024.08.28.01:45:49 Info: add_instantiation_interface_port altera_axi4lite_master m_arvalid arvalid 1 standard logic Output
2024.08.28.01:45:49 Info: add_instantiation_interface_port altera_axi4lite_master m_arready arready 1 standard logic Input
2024.08.28.01:45:49 Info: add_instantiation_interface_port altera_axi4lite_master m_rdata rdata 64 standard logic vector Input
2024.08.28.01:45:49 Info: add_instantiation_interface_port altera_axi4lite_master m_rresp rresp 2 standard logic vector Input
2024.08.28.01:45:49 Info: add_instantiation_interface_port altera_axi4lite_master m_rvalid rvalid 1 standard logic Input
2024.08.28.01:45:49 Info: add_instantiation_interface_port altera_axi4lite_master m_rready rready 1 standard logic Output
2024.08.28.01:45:49 Info: save_instantiation 
2024.08.28.01:45:49 Info: add_component bpf_pmci_lpbk_mst ip/bpf/bpf_pmci_lpbk_mst.ip axi4lite_shim bpf_pmci_lpbk_mst 1.0
2024.08.28.01:45:49 Info: bpf_pmci_lpbk_mst: Generic Component instance footprint reloaded.
2024.08.28.01:45:49 Info: load_component bpf_pmci_lpbk_mst
2024.08.28.01:45:49 Info: set_component_parameter_value AW 20
2024.08.28.01:45:49 Info: set_component_parameter_value DW 64
2024.08.28.01:45:49 Info: set_component_project_property HIDE_FROM_IP_CATALOG false
2024.08.28.01:45:49 Info: save_component 
2024.08.28.01:45:49 Info: load_instantiation bpf_pmci_lpbk_mst
2024.08.28.01:45:49 Info: remove_instantiation_interfaces_and_ports 
2024.08.28.01:45:49 Info: add_instantiation_interface clock clock INPUT
2024.08.28.01:45:49 Info: set_instantiation_interface_parameter_value clock clockRate 0
2024.08.28.01:45:49 Info: set_instantiation_interface_parameter_value clock externallyDriven false
2024.08.28.01:45:49 Info: set_instantiation_interface_parameter_value clock ptfSchematicName 
2024.08.28.01:45:49 Info: add_instantiation_interface_port clock clk clk 1 standard logic Input
2024.08.28.01:45:49 Info: add_instantiation_interface reset reset INPUT
2024.08.28.01:45:49 Info: set_instantiation_interface_parameter_value reset associatedClock clock
2024.08.28.01:45:49 Info: set_instantiation_interface_parameter_value reset synchronousEdges DEASSERT
2024.08.28.01:45:49 Info: add_instantiation_interface_port reset rst_n reset_n 1 standard logic Input
2024.08.28.01:45:49 Info: add_instantiation_interface altera_axi4lite_slave axi4lite INPUT
2024.08.28.01:45:49 Info: set_instantiation_interface_parameter_value altera_axi4lite_slave associatedClock clock
2024.08.28.01:45:49 Info: set_instantiation_interface_parameter_value altera_axi4lite_slave associatedReset reset
2024.08.28.01:45:49 Info: set_instantiation_interface_parameter_value altera_axi4lite_slave bridgesToMaster 
2024.08.28.01:45:49 Info: set_instantiation_interface_parameter_value altera_axi4lite_slave combinedAcceptanceCapability 16
2024.08.28.01:45:49 Info: set_instantiation_interface_parameter_value altera_axi4lite_slave maximumOutstandingReads 16
2024.08.28.01:45:49 Info: set_instantiation_interface_parameter_value altera_axi4lite_slave maximumOutstandingTransactions 16
2024.08.28.01:45:49 Info: set_instantiation_interface_parameter_value altera_axi4lite_slave maximumOutstandingWrites 16/4
2024.08.28.01:45:49 Info: set_instantiation_interface_parameter_value altera_axi4lite_slave readAcceptanceCapability 16
2024.08.28.01:45:49 Info: set_instantiation_interface_parameter_value altera_axi4lite_slave writeAcceptanceCapability 16/4
2024.08.28.01:45:49 Info: set_instantiation_interface_parameter_value altera_axi4lite_slave readDataReorderingDepth 1
2024.08.28.01:45:49 Info: set_instantiation_interface_parameter_value altera_axi4lite_slave trustzoneAware true
2024.08.28.01:45:49 Info: add_instantiation_interface_port altera_axi4lite_slave s_awaddr awaddr 20 standard logic vector Input
2024.08.28.01:45:49 Info: add_instantiation_interface_port altera_axi4lite_slave s_awprot awprot 3 standard logic vector Input
2024.08.28.01:45:49 Info: add_instantiation_interface_port altera_axi4lite_slave s_awvalid awvalid 1 standard logic Input
2024.08.28.01:45:49 Info: add_instantiation_interface_port altera_axi4lite_slave s_awready awready 1 standard logic Output
2024.08.28.01:45:49 Info: add_instantiation_interface_port altera_axi4lite_slave s_wdata wdata 64 standard logic vector Input
2024.08.28.01:45:49 Info: add_instantiation_interface_port altera_axi4lite_slave s_wstrb wstrb 8 standard logic vector Input
2024.08.28.01:45:49 Info: add_instantiation_interface_port altera_axi4lite_slave s_wvalid wvalid 1 standard logic Input
2024.08.28.01:45:49 Info: add_instantiation_interface_port altera_axi4lite_slave s_wready wready 1 standard logic Output
2024.08.28.01:45:49 Info: add_instantiation_interface_port altera_axi4lite_slave s_bresp bresp 2 standard logic vector Output
2024.08.28.01:45:49 Info: add_instantiation_interface_port altera_axi4lite_slave s_bvalid bvalid 1 standard logic Output
2024.08.28.01:45:49 Info: add_instantiation_interface_port altera_axi4lite_slave s_bready bready 1 standard logic Input
2024.08.28.01:45:49 Info: add_instantiation_interface_port altera_axi4lite_slave s_araddr araddr 20 standard logic vector Input
2024.08.28.01:45:49 Info: add_instantiation_interface_port altera_axi4lite_slave s_arprot arprot 3 standard logic vector Input
2024.08.28.01:45:49 Info: add_instantiation_interface_port altera_axi4lite_slave s_arvalid arvalid 1 standard logic Input
2024.08.28.01:45:49 Info: add_instantiation_interface_port altera_axi4lite_slave s_arready arready 1 standard logic Output
2024.08.28.01:45:49 Info: add_instantiation_interface_port altera_axi4lite_slave s_rdata rdata 64 standard logic vector Output
2024.08.28.01:45:49 Info: add_instantiation_interface_port altera_axi4lite_slave s_rresp rresp 2 standard logic vector Output
2024.08.28.01:45:49 Info: add_instantiation_interface_port altera_axi4lite_slave s_rvalid rvalid 1 standard logic Output
2024.08.28.01:45:49 Info: add_instantiation_interface_port altera_axi4lite_slave s_rready rready 1 standard logic Input
2024.08.28.01:45:49 Info: add_instantiation_interface altera_axi4lite_master axi4lite OUTPUT
2024.08.28.01:45:49 Info: set_instantiation_interface_parameter_value altera_axi4lite_master associatedClock clock
2024.08.28.01:45:49 Info: set_instantiation_interface_parameter_value altera_axi4lite_master associatedReset reset
2024.08.28.01:45:49 Info: set_instantiation_interface_parameter_value altera_axi4lite_master combinedIssuingCapability 16
2024.08.28.01:45:49 Info: set_instantiation_interface_parameter_value altera_axi4lite_master maximumOutstandingReads 16
2024.08.28.01:45:49 Info: set_instantiation_interface_parameter_value altera_axi4lite_master maximumOutstandingTransactions 16
2024.08.28.01:45:49 Info: set_instantiation_interface_parameter_value altera_axi4lite_master maximumOutstandingWrites 16/4
2024.08.28.01:45:49 Info: set_instantiation_interface_parameter_value altera_axi4lite_master readIssuingCapability 16
2024.08.28.01:45:49 Info: set_instantiation_interface_parameter_value altera_axi4lite_master trustzoneAware true
2024.08.28.01:45:49 Info: set_instantiation_interface_parameter_value altera_axi4lite_master writeIssuingCapability 16/4
2024.08.28.01:45:49 Info: add_instantiation_interface_port altera_axi4lite_master m_awaddr awaddr 20 standard logic vector Output
2024.08.28.01:45:49 Info: add_instantiation_interface_port altera_axi4lite_master m_awprot awprot 3 standard logic vector Output
2024.08.28.01:45:49 Info: add_instantiation_interface_port altera_axi4lite_master m_awvalid awvalid 1 standard logic Output
2024.08.28.01:45:49 Info: add_instantiation_interface_port altera_axi4lite_master m_awready awready 1 standard logic Input
2024.08.28.01:45:49 Info: add_instantiation_interface_port altera_axi4lite_master m_wdata wdata 64 standard logic vector Output
2024.08.28.01:45:49 Info: add_instantiation_interface_port altera_axi4lite_master m_wstrb wstrb 8 standard logic vector Output
2024.08.28.01:45:49 Info: add_instantiation_interface_port altera_axi4lite_master m_wvalid wvalid 1 standard logic Output
2024.08.28.01:45:49 Info: add_instantiation_interface_port altera_axi4lite_master m_wready wready 1 standard logic Input
2024.08.28.01:45:49 Info: add_instantiation_interface_port altera_axi4lite_master m_bresp bresp 2 standard logic vector Input
2024.08.28.01:45:49 Info: add_instantiation_interface_port altera_axi4lite_master m_bvalid bvalid 1 standard logic Input
2024.08.28.01:45:49 Info: add_instantiation_interface_port altera_axi4lite_master m_bready bready 1 standard logic Output
2024.08.28.01:45:49 Info: add_instantiation_interface_port altera_axi4lite_master m_araddr araddr 20 standard logic vector Output
2024.08.28.01:45:49 Info: add_instantiation_interface_port altera_axi4lite_master m_arprot arprot 3 standard logic vector Output
2024.08.28.01:45:49 Info: add_instantiation_interface_port altera_axi4lite_master m_arvalid arvalid 1 standard logic Output
2024.08.28.01:45:49 Info: add_instantiation_interface_port altera_axi4lite_master m_arready arready 1 standard logic Input
2024.08.28.01:45:49 Info: add_instantiation_interface_port altera_axi4lite_master m_rdata rdata 64 standard logic vector Input
2024.08.28.01:45:49 Info: add_instantiation_interface_port altera_axi4lite_master m_rresp rresp 2 standard logic vector Input
2024.08.28.01:45:49 Info: add_instantiation_interface_port altera_axi4lite_master m_rvalid rvalid 1 standard logic Input
2024.08.28.01:45:49 Info: add_instantiation_interface_port altera_axi4lite_master m_rready rready 1 standard logic Output
2024.08.28.01:45:49 Info: save_instantiation 
2024.08.28.01:45:49 Info: add_connection bpf_clock_bridge.out_clk/bpf_fme_slv.clock
2024.08.28.01:45:49 Info: set_connection_parameter_value bpf_clock_bridge.out_clk/bpf_fme_slv.clock clockDomainSysInfo -1
2024.08.28.01:45:49 Info: set_connection_parameter_value bpf_clock_bridge.out_clk/bpf_fme_slv.clock clockRateSysInfo 
2024.08.28.01:45:49 Info: set_connection_parameter_value bpf_clock_bridge.out_clk/bpf_fme_slv.clock clockResetSysInfo 
2024.08.28.01:45:49 Info: set_connection_parameter_value bpf_clock_bridge.out_clk/bpf_fme_slv.clock resetDomainSysInfo -1
2024.08.28.01:45:49 Info: add_connection bpf_reset_bridge.out_reset/bpf_fme_slv.reset
2024.08.28.01:45:49 Info: set_connection_parameter_value bpf_reset_bridge.out_reset/bpf_fme_slv.reset clockDomainSysInfo -1
2024.08.28.01:45:49 Info: set_connection_parameter_value bpf_reset_bridge.out_reset/bpf_fme_slv.reset clockResetSysInfo 
2024.08.28.01:45:49 Info: set_connection_parameter_value bpf_reset_bridge.out_reset/bpf_fme_slv.reset resetDomainSysInfo -1
2024.08.28.01:45:49 Info: add_connection bpf_clock_bridge.out_clk/bpf_apf_slv.clock
2024.08.28.01:45:49 Info: set_connection_parameter_value bpf_clock_bridge.out_clk/bpf_apf_slv.clock clockDomainSysInfo -1
2024.08.28.01:45:49 Info: set_connection_parameter_value bpf_clock_bridge.out_clk/bpf_apf_slv.clock clockRateSysInfo 
2024.08.28.01:45:49 Info: set_connection_parameter_value bpf_clock_bridge.out_clk/bpf_apf_slv.clock clockResetSysInfo 
2024.08.28.01:45:49 Info: set_connection_parameter_value bpf_clock_bridge.out_clk/bpf_apf_slv.clock resetDomainSysInfo -1
2024.08.28.01:45:49 Info: add_connection bpf_reset_bridge.out_reset/bpf_apf_slv.reset
2024.08.28.01:45:49 Info: set_connection_parameter_value bpf_reset_bridge.out_reset/bpf_apf_slv.reset clockDomainSysInfo -1
2024.08.28.01:45:49 Info: set_connection_parameter_value bpf_reset_bridge.out_reset/bpf_apf_slv.reset clockResetSysInfo 
2024.08.28.01:45:49 Info: set_connection_parameter_value bpf_reset_bridge.out_reset/bpf_apf_slv.reset resetDomainSysInfo -1
2024.08.28.01:45:49 Info: add_connection bpf_clock_bridge.out_clk/bpf_pcie_slv.clock
2024.08.28.01:45:49 Info: set_connection_parameter_value bpf_clock_bridge.out_clk/bpf_pcie_slv.clock clockDomainSysInfo -1
2024.08.28.01:45:49 Info: set_connection_parameter_value bpf_clock_bridge.out_clk/bpf_pcie_slv.clock clockRateSysInfo 
2024.08.28.01:45:49 Info: set_connection_parameter_value bpf_clock_bridge.out_clk/bpf_pcie_slv.clock clockResetSysInfo 
2024.08.28.01:45:49 Info: set_connection_parameter_value bpf_clock_bridge.out_clk/bpf_pcie_slv.clock resetDomainSysInfo -1
2024.08.28.01:45:49 Info: add_connection bpf_reset_bridge.out_reset/bpf_pcie_slv.reset
2024.08.28.01:45:49 Info: set_connection_parameter_value bpf_reset_bridge.out_reset/bpf_pcie_slv.reset clockDomainSysInfo -1
2024.08.28.01:45:49 Info: set_connection_parameter_value bpf_reset_bridge.out_reset/bpf_pcie_slv.reset clockResetSysInfo 
2024.08.28.01:45:49 Info: set_connection_parameter_value bpf_reset_bridge.out_reset/bpf_pcie_slv.reset resetDomainSysInfo -1
2024.08.28.01:45:49 Info: add_connection bpf_clock_bridge.out_clk/bpf_qsfp0_slv.clock
2024.08.28.01:45:49 Info: set_connection_parameter_value bpf_clock_bridge.out_clk/bpf_qsfp0_slv.clock clockDomainSysInfo -1
2024.08.28.01:45:49 Info: set_connection_parameter_value bpf_clock_bridge.out_clk/bpf_qsfp0_slv.clock clockRateSysInfo 
2024.08.28.01:45:49 Info: set_connection_parameter_value bpf_clock_bridge.out_clk/bpf_qsfp0_slv.clock clockResetSysInfo 
2024.08.28.01:45:49 Info: set_connection_parameter_value bpf_clock_bridge.out_clk/bpf_qsfp0_slv.clock resetDomainSysInfo -1
2024.08.28.01:45:49 Info: add_connection bpf_reset_bridge.out_reset/bpf_qsfp0_slv.reset
2024.08.28.01:45:49 Info: set_connection_parameter_value bpf_reset_bridge.out_reset/bpf_qsfp0_slv.reset clockDomainSysInfo -1
2024.08.28.01:45:49 Info: set_connection_parameter_value bpf_reset_bridge.out_reset/bpf_qsfp0_slv.reset clockResetSysInfo 
2024.08.28.01:45:49 Info: set_connection_parameter_value bpf_reset_bridge.out_reset/bpf_qsfp0_slv.reset resetDomainSysInfo -1
2024.08.28.01:45:49 Info: add_connection bpf_clock_bridge.out_clk/bpf_qsfp1_slv.clock
2024.08.28.01:45:49 Info: set_connection_parameter_value bpf_clock_bridge.out_clk/bpf_qsfp1_slv.clock clockDomainSysInfo -1
2024.08.28.01:45:49 Info: set_connection_parameter_value bpf_clock_bridge.out_clk/bpf_qsfp1_slv.clock clockRateSysInfo 
2024.08.28.01:45:49 Info: set_connection_parameter_value bpf_clock_bridge.out_clk/bpf_qsfp1_slv.clock clockResetSysInfo 
2024.08.28.01:45:49 Info: set_connection_parameter_value bpf_clock_bridge.out_clk/bpf_qsfp1_slv.clock resetDomainSysInfo -1
2024.08.28.01:45:49 Info: add_connection bpf_reset_bridge.out_reset/bpf_qsfp1_slv.reset
2024.08.28.01:45:49 Info: set_connection_parameter_value bpf_reset_bridge.out_reset/bpf_qsfp1_slv.reset clockDomainSysInfo -1
2024.08.28.01:45:49 Info: set_connection_parameter_value bpf_reset_bridge.out_reset/bpf_qsfp1_slv.reset clockResetSysInfo 
2024.08.28.01:45:49 Info: set_connection_parameter_value bpf_reset_bridge.out_reset/bpf_qsfp1_slv.reset resetDomainSysInfo -1
2024.08.28.01:45:49 Info: add_connection bpf_clock_bridge.out_clk/bpf_hssi_slv.clock
2024.08.28.01:45:49 Info: set_connection_parameter_value bpf_clock_bridge.out_clk/bpf_hssi_slv.clock clockDomainSysInfo -1
2024.08.28.01:45:49 Info: set_connection_parameter_value bpf_clock_bridge.out_clk/bpf_hssi_slv.clock clockRateSysInfo 
2024.08.28.01:45:49 Info: set_connection_parameter_value bpf_clock_bridge.out_clk/bpf_hssi_slv.clock clockResetSysInfo 
2024.08.28.01:45:49 Info: set_connection_parameter_value bpf_clock_bridge.out_clk/bpf_hssi_slv.clock resetDomainSysInfo -1
2024.08.28.01:45:49 Info: add_connection bpf_reset_bridge.out_reset/bpf_hssi_slv.reset
2024.08.28.01:45:49 Info: set_connection_parameter_value bpf_reset_bridge.out_reset/bpf_hssi_slv.reset clockDomainSysInfo -1
2024.08.28.01:45:49 Info: set_connection_parameter_value bpf_reset_bridge.out_reset/bpf_hssi_slv.reset clockResetSysInfo 
2024.08.28.01:45:49 Info: set_connection_parameter_value bpf_reset_bridge.out_reset/bpf_hssi_slv.reset resetDomainSysInfo -1
2024.08.28.01:45:49 Info: add_connection bpf_clock_bridge.out_clk/bpf_emif_slv.clock
2024.08.28.01:45:49 Info: set_connection_parameter_value bpf_clock_bridge.out_clk/bpf_emif_slv.clock clockDomainSysInfo -1
2024.08.28.01:45:49 Info: set_connection_parameter_value bpf_clock_bridge.out_clk/bpf_emif_slv.clock clockRateSysInfo 
2024.08.28.01:45:49 Info: set_connection_parameter_value bpf_clock_bridge.out_clk/bpf_emif_slv.clock clockResetSysInfo 
2024.08.28.01:45:49 Info: set_connection_parameter_value bpf_clock_bridge.out_clk/bpf_emif_slv.clock resetDomainSysInfo -1
2024.08.28.01:45:49 Info: add_connection bpf_reset_bridge.out_reset/bpf_emif_slv.reset
2024.08.28.01:45:49 Info: set_connection_parameter_value bpf_reset_bridge.out_reset/bpf_emif_slv.reset clockDomainSysInfo -1
2024.08.28.01:45:49 Info: set_connection_parameter_value bpf_reset_bridge.out_reset/bpf_emif_slv.reset clockResetSysInfo 
2024.08.28.01:45:49 Info: set_connection_parameter_value bpf_reset_bridge.out_reset/bpf_emif_slv.reset resetDomainSysInfo -1
2024.08.28.01:45:49 Info: add_connection bpf_clock_bridge.out_clk/bpf_pmci_slv.clock
2024.08.28.01:45:49 Info: set_connection_parameter_value bpf_clock_bridge.out_clk/bpf_pmci_slv.clock clockDomainSysInfo -1
2024.08.28.01:45:49 Info: set_connection_parameter_value bpf_clock_bridge.out_clk/bpf_pmci_slv.clock clockRateSysInfo 
2024.08.28.01:45:49 Info: set_connection_parameter_value bpf_clock_bridge.out_clk/bpf_pmci_slv.clock clockResetSysInfo 
2024.08.28.01:45:49 Info: set_connection_parameter_value bpf_clock_bridge.out_clk/bpf_pmci_slv.clock resetDomainSysInfo -1
2024.08.28.01:45:49 Info: add_connection bpf_reset_bridge.out_reset/bpf_pmci_slv.reset
2024.08.28.01:45:49 Info: set_connection_parameter_value bpf_reset_bridge.out_reset/bpf_pmci_slv.reset clockDomainSysInfo -1
2024.08.28.01:45:49 Info: set_connection_parameter_value bpf_reset_bridge.out_reset/bpf_pmci_slv.reset clockResetSysInfo 
2024.08.28.01:45:49 Info: set_connection_parameter_value bpf_reset_bridge.out_reset/bpf_pmci_slv.reset resetDomainSysInfo -1
2024.08.28.01:45:49 Info: add_connection bpf_clock_bridge.out_clk/bpf_pmci_lpbk_slv.clock
2024.08.28.01:45:49 Info: set_connection_parameter_value bpf_clock_bridge.out_clk/bpf_pmci_lpbk_slv.clock clockDomainSysInfo -1
2024.08.28.01:45:49 Info: set_connection_parameter_value bpf_clock_bridge.out_clk/bpf_pmci_lpbk_slv.clock clockRateSysInfo 
2024.08.28.01:45:49 Info: set_connection_parameter_value bpf_clock_bridge.out_clk/bpf_pmci_lpbk_slv.clock clockResetSysInfo 
2024.08.28.01:45:49 Info: set_connection_parameter_value bpf_clock_bridge.out_clk/bpf_pmci_lpbk_slv.clock resetDomainSysInfo -1
2024.08.28.01:45:49 Info: add_connection bpf_reset_bridge.out_reset/bpf_pmci_lpbk_slv.reset
2024.08.28.01:45:49 Info: set_connection_parameter_value bpf_reset_bridge.out_reset/bpf_pmci_lpbk_slv.reset clockDomainSysInfo -1
2024.08.28.01:45:49 Info: set_connection_parameter_value bpf_reset_bridge.out_reset/bpf_pmci_lpbk_slv.reset clockResetSysInfo 
2024.08.28.01:45:49 Info: set_connection_parameter_value bpf_reset_bridge.out_reset/bpf_pmci_lpbk_slv.reset resetDomainSysInfo -1
2024.08.28.01:45:49 Info: add_connection bpf_clock_bridge.out_clk/bpf_apf_mst.clock
2024.08.28.01:45:49 Info: set_connection_parameter_value bpf_clock_bridge.out_clk/bpf_apf_mst.clock clockDomainSysInfo -1
2024.08.28.01:45:49 Info: set_connection_parameter_value bpf_clock_bridge.out_clk/bpf_apf_mst.clock clockRateSysInfo 
2024.08.28.01:45:49 Info: set_connection_parameter_value bpf_clock_bridge.out_clk/bpf_apf_mst.clock clockResetSysInfo 
2024.08.28.01:45:49 Info: set_connection_parameter_value bpf_clock_bridge.out_clk/bpf_apf_mst.clock resetDomainSysInfo -1
2024.08.28.01:45:49 Info: add_connection bpf_reset_bridge.out_reset/bpf_apf_mst.reset
2024.08.28.01:45:49 Info: set_connection_parameter_value bpf_reset_bridge.out_reset/bpf_apf_mst.reset clockDomainSysInfo -1
2024.08.28.01:45:49 Info: set_connection_parameter_value bpf_reset_bridge.out_reset/bpf_apf_mst.reset clockResetSysInfo 
2024.08.28.01:45:49 Info: set_connection_parameter_value bpf_reset_bridge.out_reset/bpf_apf_mst.reset resetDomainSysInfo -1
2024.08.28.01:45:49 Info: add_connection bpf_apf_mst.altera_axi4lite_master/bpf_default_slv.altera_axi4lite_slave
2024.08.28.01:45:49 Info: set_connection_parameter_value bpf_apf_mst.altera_axi4lite_master/bpf_default_slv.altera_axi4lite_slave addressMapSysInfo 
2024.08.28.01:45:49 Info: set_connection_parameter_value bpf_apf_mst.altera_axi4lite_master/bpf_default_slv.altera_axi4lite_slave addressWidthSysInfo 
2024.08.28.01:45:49 Info: set_connection_parameter_value bpf_apf_mst.altera_axi4lite_master/bpf_default_slv.altera_axi4lite_slave arbitrationPriority 1
2024.08.28.01:45:49 Info: set_connection_parameter_value bpf_apf_mst.altera_axi4lite_master/bpf_default_slv.altera_axi4lite_slave baseAddress 0x0000
2024.08.28.01:45:49 Info: set_connection_parameter_value bpf_apf_mst.altera_axi4lite_master/bpf_default_slv.altera_axi4lite_slave defaultConnection 1
2024.08.28.01:45:49 Info: set_connection_parameter_value bpf_apf_mst.altera_axi4lite_master/bpf_default_slv.altera_axi4lite_slave domainAlias 
2024.08.28.01:45:49 Info: set_connection_parameter_value bpf_apf_mst.altera_axi4lite_master/bpf_default_slv.altera_axi4lite_slave qsys_mm.burstAdapterImplementation GENERIC_CONVERTER
2024.08.28.01:45:49 Info: set_connection_parameter_value bpf_apf_mst.altera_axi4lite_master/bpf_default_slv.altera_axi4lite_slave qsys_mm.clockCrossingAdapter HANDSHAKE
2024.08.28.01:45:49 Info: set_connection_parameter_value bpf_apf_mst.altera_axi4lite_master/bpf_default_slv.altera_axi4lite_slave qsys_mm.enableAllPipelines FALSE
2024.08.28.01:45:49 Info: set_connection_parameter_value bpf_apf_mst.altera_axi4lite_master/bpf_default_slv.altera_axi4lite_slave qsys_mm.enableEccProtection FALSE
2024.08.28.01:45:49 Info: set_connection_parameter_value bpf_apf_mst.altera_axi4lite_master/bpf_default_slv.altera_axi4lite_slave qsys_mm.enableInstrumentation FALSE
2024.08.28.01:45:49 Info: set_connection_parameter_value bpf_apf_mst.altera_axi4lite_master/bpf_default_slv.altera_axi4lite_slave qsys_mm.insertDefaultSlave FALSE
2024.08.28.01:45:49 Info: set_connection_parameter_value bpf_apf_mst.altera_axi4lite_master/bpf_default_slv.altera_axi4lite_slave qsys_mm.interconnectResetSource DEFAULT
2024.08.28.01:45:49 Info: set_connection_parameter_value bpf_apf_mst.altera_axi4lite_master/bpf_default_slv.altera_axi4lite_slave qsys_mm.interconnectType STANDARD
2024.08.28.01:45:49 Info: set_connection_parameter_value bpf_apf_mst.altera_axi4lite_master/bpf_default_slv.altera_axi4lite_slave qsys_mm.maxAdditionalLatency 1
2024.08.28.01:45:49 Info: set_connection_parameter_value bpf_apf_mst.altera_axi4lite_master/bpf_default_slv.altera_axi4lite_slave qsys_mm.optimizeRdFifoSize FALSE
2024.08.28.01:45:49 Info: set_connection_parameter_value bpf_apf_mst.altera_axi4lite_master/bpf_default_slv.altera_axi4lite_slave qsys_mm.piplineType PIPELINE_STAGE
2024.08.28.01:45:49 Info: set_connection_parameter_value bpf_apf_mst.altera_axi4lite_master/bpf_default_slv.altera_axi4lite_slave qsys_mm.responseFifoType REGISTER_BASED
2024.08.28.01:45:49 Info: set_connection_parameter_value bpf_apf_mst.altera_axi4lite_master/bpf_default_slv.altera_axi4lite_slave qsys_mm.syncResets FALSE
2024.08.28.01:45:49 Info: set_connection_parameter_value bpf_apf_mst.altera_axi4lite_master/bpf_default_slv.altera_axi4lite_slave qsys_mm.widthAdapterImplementation GENERIC_CONVERTER
2024.08.28.01:45:49 Info: set_connection_parameter_value bpf_apf_mst.altera_axi4lite_master/bpf_default_slv.altera_axi4lite_slave slaveDataWidthSysInfo -1
2024.08.28.01:45:49 Info: add_connection bpf_apf_mst.altera_axi4lite_master/bpf_fme_slv.altera_axi4lite_slave
2024.08.28.01:45:49 Info: set_connection_parameter_value bpf_apf_mst.altera_axi4lite_master/bpf_fme_slv.altera_axi4lite_slave addressMapSysInfo 
2024.08.28.01:45:49 Info: set_connection_parameter_value bpf_apf_mst.altera_axi4lite_master/bpf_fme_slv.altera_axi4lite_slave addressWidthSysInfo 
2024.08.28.01:45:49 Info: set_connection_parameter_value bpf_apf_mst.altera_axi4lite_master/bpf_fme_slv.altera_axi4lite_slave arbitrationPriority 1
2024.08.28.01:45:49 Info: set_connection_parameter_value bpf_apf_mst.altera_axi4lite_master/bpf_fme_slv.altera_axi4lite_slave baseAddress 0x00000
2024.08.28.01:45:49 Info: set_connection_parameter_value bpf_apf_mst.altera_axi4lite_master/bpf_fme_slv.altera_axi4lite_slave defaultConnection 0
2024.08.28.01:45:49 Info: set_connection_parameter_value bpf_apf_mst.altera_axi4lite_master/bpf_fme_slv.altera_axi4lite_slave domainAlias 
2024.08.28.01:45:49 Info: set_connection_parameter_value bpf_apf_mst.altera_axi4lite_master/bpf_fme_slv.altera_axi4lite_slave qsys_mm.burstAdapterImplementation GENERIC_CONVERTER
2024.08.28.01:45:49 Info: set_connection_parameter_value bpf_apf_mst.altera_axi4lite_master/bpf_fme_slv.altera_axi4lite_slave qsys_mm.clockCrossingAdapter HANDSHAKE
2024.08.28.01:45:49 Info: set_connection_parameter_value bpf_apf_mst.altera_axi4lite_master/bpf_fme_slv.altera_axi4lite_slave qsys_mm.enableEccProtection FALSE
2024.08.28.01:45:49 Info: set_connection_parameter_value bpf_apf_mst.altera_axi4lite_master/bpf_fme_slv.altera_axi4lite_slave qsys_mm.enableInstrumentation FALSE
2024.08.28.01:45:49 Info: set_connection_parameter_value bpf_apf_mst.altera_axi4lite_master/bpf_fme_slv.altera_axi4lite_slave qsys_mm.insertDefaultSlave FALSE
2024.08.28.01:45:49 Info: set_connection_parameter_value bpf_apf_mst.altera_axi4lite_master/bpf_fme_slv.altera_axi4lite_slave qsys_mm.interconnectResetSource DEFAULT
2024.08.28.01:45:49 Info: set_connection_parameter_value bpf_apf_mst.altera_axi4lite_master/bpf_fme_slv.altera_axi4lite_slave qsys_mm.interconnectType STANDARD
2024.08.28.01:45:49 Info: set_connection_parameter_value bpf_apf_mst.altera_axi4lite_master/bpf_fme_slv.altera_axi4lite_slave qsys_mm.maxAdditionalLatency 1
2024.08.28.01:45:49 Info: set_connection_parameter_value bpf_apf_mst.altera_axi4lite_master/bpf_fme_slv.altera_axi4lite_slave qsys_mm.syncResets FALSE
2024.08.28.01:45:49 Info: set_connection_parameter_value bpf_apf_mst.altera_axi4lite_master/bpf_fme_slv.altera_axi4lite_slave qsys_mm.widthAdapterImplementation GENERIC_CONVERTER
2024.08.28.01:45:49 Info: set_connection_parameter_value bpf_apf_mst.altera_axi4lite_master/bpf_fme_slv.altera_axi4lite_slave slaveDataWidthSysInfo -1
2024.08.28.01:45:49 Info: add_connection bpf_apf_mst.altera_axi4lite_master/bpf_pcie_slv.altera_axi4lite_slave
2024.08.28.01:45:49 Info: set_connection_parameter_value bpf_apf_mst.altera_axi4lite_master/bpf_pcie_slv.altera_axi4lite_slave addressMapSysInfo 
2024.08.28.01:45:49 Info: set_connection_parameter_value bpf_apf_mst.altera_axi4lite_master/bpf_pcie_slv.altera_axi4lite_slave addressWidthSysInfo 
2024.08.28.01:45:49 Info: set_connection_parameter_value bpf_apf_mst.altera_axi4lite_master/bpf_pcie_slv.altera_axi4lite_slave arbitrationPriority 1
2024.08.28.01:45:49 Info: set_connection_parameter_value bpf_apf_mst.altera_axi4lite_master/bpf_pcie_slv.altera_axi4lite_slave baseAddress 0x10000
2024.08.28.01:45:49 Info: set_connection_parameter_value bpf_apf_mst.altera_axi4lite_master/bpf_pcie_slv.altera_axi4lite_slave defaultConnection 0
2024.08.28.01:45:49 Info: set_connection_parameter_value bpf_apf_mst.altera_axi4lite_master/bpf_pcie_slv.altera_axi4lite_slave domainAlias 
2024.08.28.01:45:49 Info: set_connection_parameter_value bpf_apf_mst.altera_axi4lite_master/bpf_pcie_slv.altera_axi4lite_slave qsys_mm.burstAdapterImplementation GENERIC_CONVERTER
2024.08.28.01:45:49 Info: set_connection_parameter_value bpf_apf_mst.altera_axi4lite_master/bpf_pcie_slv.altera_axi4lite_slave qsys_mm.clockCrossingAdapter HANDSHAKE
2024.08.28.01:45:49 Info: set_connection_parameter_value bpf_apf_mst.altera_axi4lite_master/bpf_pcie_slv.altera_axi4lite_slave qsys_mm.enableEccProtection FALSE
2024.08.28.01:45:49 Info: set_connection_parameter_value bpf_apf_mst.altera_axi4lite_master/bpf_pcie_slv.altera_axi4lite_slave qsys_mm.enableInstrumentation FALSE
2024.08.28.01:45:49 Info: set_connection_parameter_value bpf_apf_mst.altera_axi4lite_master/bpf_pcie_slv.altera_axi4lite_slave qsys_mm.insertDefaultSlave FALSE
2024.08.28.01:45:49 Info: set_connection_parameter_value bpf_apf_mst.altera_axi4lite_master/bpf_pcie_slv.altera_axi4lite_slave qsys_mm.interconnectResetSource DEFAULT
2024.08.28.01:45:49 Info: set_connection_parameter_value bpf_apf_mst.altera_axi4lite_master/bpf_pcie_slv.altera_axi4lite_slave qsys_mm.interconnectType STANDARD
2024.08.28.01:45:49 Info: set_connection_parameter_value bpf_apf_mst.altera_axi4lite_master/bpf_pcie_slv.altera_axi4lite_slave qsys_mm.maxAdditionalLatency 1
2024.08.28.01:45:49 Info: set_connection_parameter_value bpf_apf_mst.altera_axi4lite_master/bpf_pcie_slv.altera_axi4lite_slave qsys_mm.syncResets FALSE
2024.08.28.01:45:49 Info: set_connection_parameter_value bpf_apf_mst.altera_axi4lite_master/bpf_pcie_slv.altera_axi4lite_slave qsys_mm.widthAdapterImplementation GENERIC_CONVERTER
2024.08.28.01:45:49 Info: set_connection_parameter_value bpf_apf_mst.altera_axi4lite_master/bpf_pcie_slv.altera_axi4lite_slave slaveDataWidthSysInfo -1
2024.08.28.01:45:49 Info: add_connection bpf_apf_mst.altera_axi4lite_master/bpf_pmci_slv.altera_axi4lite_slave
2024.08.28.01:45:49 Info: set_connection_parameter_value bpf_apf_mst.altera_axi4lite_master/bpf_pmci_slv.altera_axi4lite_slave addressMapSysInfo 
2024.08.28.01:45:49 Info: set_connection_parameter_value bpf_apf_mst.altera_axi4lite_master/bpf_pmci_slv.altera_axi4lite_slave addressWidthSysInfo 
2024.08.28.01:45:49 Info: set_connection_parameter_value bpf_apf_mst.altera_axi4lite_master/bpf_pmci_slv.altera_axi4lite_slave arbitrationPriority 1
2024.08.28.01:45:49 Info: set_connection_parameter_value bpf_apf_mst.altera_axi4lite_master/bpf_pmci_slv.altera_axi4lite_slave baseAddress 0x20000
2024.08.28.01:45:49 Info: set_connection_parameter_value bpf_apf_mst.altera_axi4lite_master/bpf_pmci_slv.altera_axi4lite_slave defaultConnection 0
2024.08.28.01:45:49 Info: set_connection_parameter_value bpf_apf_mst.altera_axi4lite_master/bpf_pmci_slv.altera_axi4lite_slave domainAlias 
2024.08.28.01:45:49 Info: set_connection_parameter_value bpf_apf_mst.altera_axi4lite_master/bpf_pmci_slv.altera_axi4lite_slave qsys_mm.burstAdapterImplementation GENERIC_CONVERTER
2024.08.28.01:45:49 Info: set_connection_parameter_value bpf_apf_mst.altera_axi4lite_master/bpf_pmci_slv.altera_axi4lite_slave qsys_mm.clockCrossingAdapter HANDSHAKE
2024.08.28.01:45:49 Info: set_connection_parameter_value bpf_apf_mst.altera_axi4lite_master/bpf_pmci_slv.altera_axi4lite_slave qsys_mm.enableEccProtection FALSE
2024.08.28.01:45:49 Info: set_connection_parameter_value bpf_apf_mst.altera_axi4lite_master/bpf_pmci_slv.altera_axi4lite_slave qsys_mm.enableInstrumentation FALSE
2024.08.28.01:45:49 Info: set_connection_parameter_value bpf_apf_mst.altera_axi4lite_master/bpf_pmci_slv.altera_axi4lite_slave qsys_mm.insertDefaultSlave FALSE
2024.08.28.01:45:49 Info: set_connection_parameter_value bpf_apf_mst.altera_axi4lite_master/bpf_pmci_slv.altera_axi4lite_slave qsys_mm.interconnectResetSource DEFAULT
2024.08.28.01:45:49 Info: set_connection_parameter_value bpf_apf_mst.altera_axi4lite_master/bpf_pmci_slv.altera_axi4lite_slave qsys_mm.interconnectType STANDARD
2024.08.28.01:45:49 Info: set_connection_parameter_value bpf_apf_mst.altera_axi4lite_master/bpf_pmci_slv.altera_axi4lite_slave qsys_mm.maxAdditionalLatency 1
2024.08.28.01:45:49 Info: set_connection_parameter_value bpf_apf_mst.altera_axi4lite_master/bpf_pmci_slv.altera_axi4lite_slave qsys_mm.syncResets FALSE
2024.08.28.01:45:49 Info: set_connection_parameter_value bpf_apf_mst.altera_axi4lite_master/bpf_pmci_slv.altera_axi4lite_slave qsys_mm.widthAdapterImplementation GENERIC_CONVERTER
2024.08.28.01:45:49 Info: set_connection_parameter_value bpf_apf_mst.altera_axi4lite_master/bpf_pmci_slv.altera_axi4lite_slave slaveDataWidthSysInfo -1
2024.08.28.01:45:49 Info: add_connection bpf_apf_mst.altera_axi4lite_master/bpf_qsfp0_slv.altera_axi4lite_slave
2024.08.28.01:45:49 Info: set_connection_parameter_value bpf_apf_mst.altera_axi4lite_master/bpf_qsfp0_slv.altera_axi4lite_slave addressMapSysInfo 
2024.08.28.01:45:49 Info: set_connection_parameter_value bpf_apf_mst.altera_axi4lite_master/bpf_qsfp0_slv.altera_axi4lite_slave addressWidthSysInfo 
2024.08.28.01:45:49 Info: set_connection_parameter_value bpf_apf_mst.altera_axi4lite_master/bpf_qsfp0_slv.altera_axi4lite_slave arbitrationPriority 1
2024.08.28.01:45:49 Info: set_connection_parameter_value bpf_apf_mst.altera_axi4lite_master/bpf_qsfp0_slv.altera_axi4lite_slave baseAddress 0x12000
2024.08.28.01:45:49 Info: set_connection_parameter_value bpf_apf_mst.altera_axi4lite_master/bpf_qsfp0_slv.altera_axi4lite_slave defaultConnection 0
2024.08.28.01:45:49 Info: set_connection_parameter_value bpf_apf_mst.altera_axi4lite_master/bpf_qsfp0_slv.altera_axi4lite_slave domainAlias 
2024.08.28.01:45:49 Info: set_connection_parameter_value bpf_apf_mst.altera_axi4lite_master/bpf_qsfp0_slv.altera_axi4lite_slave qsys_mm.burstAdapterImplementation GENERIC_CONVERTER
2024.08.28.01:45:49 Info: set_connection_parameter_value bpf_apf_mst.altera_axi4lite_master/bpf_qsfp0_slv.altera_axi4lite_slave qsys_mm.clockCrossingAdapter HANDSHAKE
2024.08.28.01:45:49 Info: set_connection_parameter_value bpf_apf_mst.altera_axi4lite_master/bpf_qsfp0_slv.altera_axi4lite_slave qsys_mm.enableEccProtection FALSE
2024.08.28.01:45:49 Info: set_connection_parameter_value bpf_apf_mst.altera_axi4lite_master/bpf_qsfp0_slv.altera_axi4lite_slave qsys_mm.enableInstrumentation FALSE
2024.08.28.01:45:49 Info: set_connection_parameter_value bpf_apf_mst.altera_axi4lite_master/bpf_qsfp0_slv.altera_axi4lite_slave qsys_mm.insertDefaultSlave FALSE
2024.08.28.01:45:49 Info: set_connection_parameter_value bpf_apf_mst.altera_axi4lite_master/bpf_qsfp0_slv.altera_axi4lite_slave qsys_mm.interconnectResetSource DEFAULT
2024.08.28.01:45:49 Info: set_connection_parameter_value bpf_apf_mst.altera_axi4lite_master/bpf_qsfp0_slv.altera_axi4lite_slave qsys_mm.interconnectType STANDARD
2024.08.28.01:45:49 Info: set_connection_parameter_value bpf_apf_mst.altera_axi4lite_master/bpf_qsfp0_slv.altera_axi4lite_slave qsys_mm.maxAdditionalLatency 1
2024.08.28.01:45:49 Info: set_connection_parameter_value bpf_apf_mst.altera_axi4lite_master/bpf_qsfp0_slv.altera_axi4lite_slave qsys_mm.syncResets FALSE
2024.08.28.01:45:49 Info: set_connection_parameter_value bpf_apf_mst.altera_axi4lite_master/bpf_qsfp0_slv.altera_axi4lite_slave qsys_mm.widthAdapterImplementation GENERIC_CONVERTER
2024.08.28.01:45:49 Info: set_connection_parameter_value bpf_apf_mst.altera_axi4lite_master/bpf_qsfp0_slv.altera_axi4lite_slave slaveDataWidthSysInfo -1
2024.08.28.01:45:49 Info: add_connection bpf_apf_mst.altera_axi4lite_master/bpf_qsfp1_slv.altera_axi4lite_slave
2024.08.28.01:45:49 Info: set_connection_parameter_value bpf_apf_mst.altera_axi4lite_master/bpf_qsfp1_slv.altera_axi4lite_slave addressMapSysInfo 
2024.08.28.01:45:49 Info: set_connection_parameter_value bpf_apf_mst.altera_axi4lite_master/bpf_qsfp1_slv.altera_axi4lite_slave addressWidthSysInfo 
2024.08.28.01:45:49 Info: set_connection_parameter_value bpf_apf_mst.altera_axi4lite_master/bpf_qsfp1_slv.altera_axi4lite_slave arbitrationPriority 1
2024.08.28.01:45:49 Info: set_connection_parameter_value bpf_apf_mst.altera_axi4lite_master/bpf_qsfp1_slv.altera_axi4lite_slave baseAddress 0x13000
2024.08.28.01:45:49 Info: set_connection_parameter_value bpf_apf_mst.altera_axi4lite_master/bpf_qsfp1_slv.altera_axi4lite_slave defaultConnection 0
2024.08.28.01:45:49 Info: set_connection_parameter_value bpf_apf_mst.altera_axi4lite_master/bpf_qsfp1_slv.altera_axi4lite_slave domainAlias 
2024.08.28.01:45:49 Info: set_connection_parameter_value bpf_apf_mst.altera_axi4lite_master/bpf_qsfp1_slv.altera_axi4lite_slave qsys_mm.burstAdapterImplementation GENERIC_CONVERTER
2024.08.28.01:45:49 Info: set_connection_parameter_value bpf_apf_mst.altera_axi4lite_master/bpf_qsfp1_slv.altera_axi4lite_slave qsys_mm.clockCrossingAdapter HANDSHAKE
2024.08.28.01:45:49 Info: set_connection_parameter_value bpf_apf_mst.altera_axi4lite_master/bpf_qsfp1_slv.altera_axi4lite_slave qsys_mm.enableEccProtection FALSE
2024.08.28.01:45:49 Info: set_connection_parameter_value bpf_apf_mst.altera_axi4lite_master/bpf_qsfp1_slv.altera_axi4lite_slave qsys_mm.enableInstrumentation FALSE
2024.08.28.01:45:49 Info: set_connection_parameter_value bpf_apf_mst.altera_axi4lite_master/bpf_qsfp1_slv.altera_axi4lite_slave qsys_mm.insertDefaultSlave FALSE
2024.08.28.01:45:49 Info: set_connection_parameter_value bpf_apf_mst.altera_axi4lite_master/bpf_qsfp1_slv.altera_axi4lite_slave qsys_mm.interconnectResetSource DEFAULT
2024.08.28.01:45:49 Info: set_connection_parameter_value bpf_apf_mst.altera_axi4lite_master/bpf_qsfp1_slv.altera_axi4lite_slave qsys_mm.interconnectType STANDARD
2024.08.28.01:45:49 Info: set_connection_parameter_value bpf_apf_mst.altera_axi4lite_master/bpf_qsfp1_slv.altera_axi4lite_slave qsys_mm.maxAdditionalLatency 1
2024.08.28.01:45:49 Info: set_connection_parameter_value bpf_apf_mst.altera_axi4lite_master/bpf_qsfp1_slv.altera_axi4lite_slave qsys_mm.syncResets FALSE
2024.08.28.01:45:49 Info: set_connection_parameter_value bpf_apf_mst.altera_axi4lite_master/bpf_qsfp1_slv.altera_axi4lite_slave qsys_mm.widthAdapterImplementation GENERIC_CONVERTER
2024.08.28.01:45:49 Info: set_connection_parameter_value bpf_apf_mst.altera_axi4lite_master/bpf_qsfp1_slv.altera_axi4lite_slave slaveDataWidthSysInfo -1
2024.08.28.01:45:49 Info: add_connection bpf_apf_mst.altera_axi4lite_master/bpf_emif_slv.altera_axi4lite_slave
2024.08.28.01:45:49 Info: set_connection_parameter_value bpf_apf_mst.altera_axi4lite_master/bpf_emif_slv.altera_axi4lite_slave addressMapSysInfo 
2024.08.28.01:45:49 Info: set_connection_parameter_value bpf_apf_mst.altera_axi4lite_master/bpf_emif_slv.altera_axi4lite_slave addressWidthSysInfo 
2024.08.28.01:45:49 Info: set_connection_parameter_value bpf_apf_mst.altera_axi4lite_master/bpf_emif_slv.altera_axi4lite_slave arbitrationPriority 1
2024.08.28.01:45:49 Info: set_connection_parameter_value bpf_apf_mst.altera_axi4lite_master/bpf_emif_slv.altera_axi4lite_slave baseAddress 0x15000
2024.08.28.01:45:49 Info: set_connection_parameter_value bpf_apf_mst.altera_axi4lite_master/bpf_emif_slv.altera_axi4lite_slave defaultConnection 0
2024.08.28.01:45:49 Info: set_connection_parameter_value bpf_apf_mst.altera_axi4lite_master/bpf_emif_slv.altera_axi4lite_slave domainAlias 
2024.08.28.01:45:49 Info: set_connection_parameter_value bpf_apf_mst.altera_axi4lite_master/bpf_emif_slv.altera_axi4lite_slave qsys_mm.burstAdapterImplementation GENERIC_CONVERTER
2024.08.28.01:45:49 Info: set_connection_parameter_value bpf_apf_mst.altera_axi4lite_master/bpf_emif_slv.altera_axi4lite_slave qsys_mm.clockCrossingAdapter HANDSHAKE
2024.08.28.01:45:49 Info: set_connection_parameter_value bpf_apf_mst.altera_axi4lite_master/bpf_emif_slv.altera_axi4lite_slave qsys_mm.enableEccProtection FALSE
2024.08.28.01:45:49 Info: set_connection_parameter_value bpf_apf_mst.altera_axi4lite_master/bpf_emif_slv.altera_axi4lite_slave qsys_mm.enableInstrumentation FALSE
2024.08.28.01:45:49 Info: set_connection_parameter_value bpf_apf_mst.altera_axi4lite_master/bpf_emif_slv.altera_axi4lite_slave qsys_mm.insertDefaultSlave FALSE
2024.08.28.01:45:49 Info: set_connection_parameter_value bpf_apf_mst.altera_axi4lite_master/bpf_emif_slv.altera_axi4lite_slave qsys_mm.interconnectResetSource DEFAULT
2024.08.28.01:45:49 Info: set_connection_parameter_value bpf_apf_mst.altera_axi4lite_master/bpf_emif_slv.altera_axi4lite_slave qsys_mm.interconnectType STANDARD
2024.08.28.01:45:49 Info: set_connection_parameter_value bpf_apf_mst.altera_axi4lite_master/bpf_emif_slv.altera_axi4lite_slave qsys_mm.maxAdditionalLatency 1
2024.08.28.01:45:49 Info: set_connection_parameter_value bpf_apf_mst.altera_axi4lite_master/bpf_emif_slv.altera_axi4lite_slave qsys_mm.syncResets FALSE
2024.08.28.01:45:49 Info: set_connection_parameter_value bpf_apf_mst.altera_axi4lite_master/bpf_emif_slv.altera_axi4lite_slave qsys_mm.widthAdapterImplementation GENERIC_CONVERTER
2024.08.28.01:45:49 Info: set_connection_parameter_value bpf_apf_mst.altera_axi4lite_master/bpf_emif_slv.altera_axi4lite_slave slaveDataWidthSysInfo -1
2024.08.28.01:45:49 Info: add_connection bpf_apf_mst.altera_axi4lite_master/bpf_hssi_slv.altera_axi4lite_slave
2024.08.28.01:45:49 Info: set_connection_parameter_value bpf_apf_mst.altera_axi4lite_master/bpf_hssi_slv.altera_axi4lite_slave addressMapSysInfo 
2024.08.28.01:45:49 Info: set_connection_parameter_value bpf_apf_mst.altera_axi4lite_master/bpf_hssi_slv.altera_axi4lite_slave addressWidthSysInfo 
2024.08.28.01:45:49 Info: set_connection_parameter_value bpf_apf_mst.altera_axi4lite_master/bpf_hssi_slv.altera_axi4lite_slave arbitrationPriority 1
2024.08.28.01:45:49 Info: set_connection_parameter_value bpf_apf_mst.altera_axi4lite_master/bpf_hssi_slv.altera_axi4lite_slave baseAddress 0x14000
2024.08.28.01:45:49 Info: set_connection_parameter_value bpf_apf_mst.altera_axi4lite_master/bpf_hssi_slv.altera_axi4lite_slave defaultConnection 0
2024.08.28.01:45:49 Info: set_connection_parameter_value bpf_apf_mst.altera_axi4lite_master/bpf_hssi_slv.altera_axi4lite_slave domainAlias 
2024.08.28.01:45:49 Info: set_connection_parameter_value bpf_apf_mst.altera_axi4lite_master/bpf_hssi_slv.altera_axi4lite_slave qsys_mm.burstAdapterImplementation GENERIC_CONVERTER
2024.08.28.01:45:49 Info: set_connection_parameter_value bpf_apf_mst.altera_axi4lite_master/bpf_hssi_slv.altera_axi4lite_slave qsys_mm.clockCrossingAdapter HANDSHAKE
2024.08.28.01:45:49 Info: set_connection_parameter_value bpf_apf_mst.altera_axi4lite_master/bpf_hssi_slv.altera_axi4lite_slave qsys_mm.enableEccProtection FALSE
2024.08.28.01:45:49 Info: set_connection_parameter_value bpf_apf_mst.altera_axi4lite_master/bpf_hssi_slv.altera_axi4lite_slave qsys_mm.enableInstrumentation FALSE
2024.08.28.01:45:49 Info: set_connection_parameter_value bpf_apf_mst.altera_axi4lite_master/bpf_hssi_slv.altera_axi4lite_slave qsys_mm.insertDefaultSlave FALSE
2024.08.28.01:45:49 Info: set_connection_parameter_value bpf_apf_mst.altera_axi4lite_master/bpf_hssi_slv.altera_axi4lite_slave qsys_mm.interconnectResetSource DEFAULT
2024.08.28.01:45:49 Info: set_connection_parameter_value bpf_apf_mst.altera_axi4lite_master/bpf_hssi_slv.altera_axi4lite_slave qsys_mm.interconnectType STANDARD
2024.08.28.01:45:49 Info: set_connection_parameter_value bpf_apf_mst.altera_axi4lite_master/bpf_hssi_slv.altera_axi4lite_slave qsys_mm.maxAdditionalLatency 1
2024.08.28.01:45:49 Info: set_connection_parameter_value bpf_apf_mst.altera_axi4lite_master/bpf_hssi_slv.altera_axi4lite_slave qsys_mm.syncResets FALSE
2024.08.28.01:45:49 Info: set_connection_parameter_value bpf_apf_mst.altera_axi4lite_master/bpf_hssi_slv.altera_axi4lite_slave qsys_mm.widthAdapterImplementation GENERIC_CONVERTER
2024.08.28.01:45:49 Info: set_connection_parameter_value bpf_apf_mst.altera_axi4lite_master/bpf_hssi_slv.altera_axi4lite_slave slaveDataWidthSysInfo -1
2024.08.28.01:45:49 Info: add_connection bpf_clock_bridge.out_clk/bpf_fme_mst.clock
2024.08.28.01:45:49 Info: set_connection_parameter_value bpf_clock_bridge.out_clk/bpf_fme_mst.clock clockDomainSysInfo -1
2024.08.28.01:45:49 Info: set_connection_parameter_value bpf_clock_bridge.out_clk/bpf_fme_mst.clock clockRateSysInfo 
2024.08.28.01:45:49 Info: set_connection_parameter_value bpf_clock_bridge.out_clk/bpf_fme_mst.clock clockResetSysInfo 
2024.08.28.01:45:49 Info: set_connection_parameter_value bpf_clock_bridge.out_clk/bpf_fme_mst.clock resetDomainSysInfo -1
2024.08.28.01:45:49 Info: add_connection bpf_reset_bridge.out_reset/bpf_fme_mst.reset
2024.08.28.01:45:49 Info: set_connection_parameter_value bpf_reset_bridge.out_reset/bpf_fme_mst.reset clockDomainSysInfo -1
2024.08.28.01:45:49 Info: set_connection_parameter_value bpf_reset_bridge.out_reset/bpf_fme_mst.reset clockResetSysInfo 
2024.08.28.01:45:49 Info: set_connection_parameter_value bpf_reset_bridge.out_reset/bpf_fme_mst.reset resetDomainSysInfo -1
2024.08.28.01:45:49 Info: add_connection bpf_fme_mst.altera_axi4lite_master/bpf_default_slv.altera_axi4lite_slave
2024.08.28.01:45:49 Info: set_connection_parameter_value bpf_fme_mst.altera_axi4lite_master/bpf_default_slv.altera_axi4lite_slave addressMapSysInfo 
2024.08.28.01:45:49 Info: set_connection_parameter_value bpf_fme_mst.altera_axi4lite_master/bpf_default_slv.altera_axi4lite_slave addressWidthSysInfo 
2024.08.28.01:45:49 Info: set_connection_parameter_value bpf_fme_mst.altera_axi4lite_master/bpf_default_slv.altera_axi4lite_slave arbitrationPriority 1
2024.08.28.01:45:49 Info: set_connection_parameter_value bpf_fme_mst.altera_axi4lite_master/bpf_default_slv.altera_axi4lite_slave baseAddress 0x0000
2024.08.28.01:45:49 Info: set_connection_parameter_value bpf_fme_mst.altera_axi4lite_master/bpf_default_slv.altera_axi4lite_slave defaultConnection 1
2024.08.28.01:45:49 Info: set_connection_parameter_value bpf_fme_mst.altera_axi4lite_master/bpf_default_slv.altera_axi4lite_slave domainAlias 
2024.08.28.01:45:49 Info: set_connection_parameter_value bpf_fme_mst.altera_axi4lite_master/bpf_default_slv.altera_axi4lite_slave qsys_mm.burstAdapterImplementation GENERIC_CONVERTER
2024.08.28.01:45:49 Info: set_connection_parameter_value bpf_fme_mst.altera_axi4lite_master/bpf_default_slv.altera_axi4lite_slave qsys_mm.clockCrossingAdapter HANDSHAKE
2024.08.28.01:45:49 Info: set_connection_parameter_value bpf_fme_mst.altera_axi4lite_master/bpf_default_slv.altera_axi4lite_slave qsys_mm.enableAllPipelines FALSE
2024.08.28.01:45:49 Info: set_connection_parameter_value bpf_fme_mst.altera_axi4lite_master/bpf_default_slv.altera_axi4lite_slave qsys_mm.enableEccProtection FALSE
2024.08.28.01:45:49 Info: set_connection_parameter_value bpf_fme_mst.altera_axi4lite_master/bpf_default_slv.altera_axi4lite_slave qsys_mm.enableInstrumentation FALSE
2024.08.28.01:45:49 Info: set_connection_parameter_value bpf_fme_mst.altera_axi4lite_master/bpf_default_slv.altera_axi4lite_slave qsys_mm.insertDefaultSlave FALSE
2024.08.28.01:45:49 Info: set_connection_parameter_value bpf_fme_mst.altera_axi4lite_master/bpf_default_slv.altera_axi4lite_slave qsys_mm.interconnectResetSource DEFAULT
2024.08.28.01:45:49 Info: set_connection_parameter_value bpf_fme_mst.altera_axi4lite_master/bpf_default_slv.altera_axi4lite_slave qsys_mm.interconnectType STANDARD
2024.08.28.01:45:49 Info: set_connection_parameter_value bpf_fme_mst.altera_axi4lite_master/bpf_default_slv.altera_axi4lite_slave qsys_mm.maxAdditionalLatency 1
2024.08.28.01:45:49 Info: set_connection_parameter_value bpf_fme_mst.altera_axi4lite_master/bpf_default_slv.altera_axi4lite_slave qsys_mm.optimizeRdFifoSize FALSE
2024.08.28.01:45:49 Info: set_connection_parameter_value bpf_fme_mst.altera_axi4lite_master/bpf_default_slv.altera_axi4lite_slave qsys_mm.piplineType PIPELINE_STAGE
2024.08.28.01:45:49 Info: set_connection_parameter_value bpf_fme_mst.altera_axi4lite_master/bpf_default_slv.altera_axi4lite_slave qsys_mm.responseFifoType REGISTER_BASED
2024.08.28.01:45:49 Info: set_connection_parameter_value bpf_fme_mst.altera_axi4lite_master/bpf_default_slv.altera_axi4lite_slave qsys_mm.syncResets FALSE
2024.08.28.01:45:49 Info: set_connection_parameter_value bpf_fme_mst.altera_axi4lite_master/bpf_default_slv.altera_axi4lite_slave qsys_mm.widthAdapterImplementation GENERIC_CONVERTER
2024.08.28.01:45:49 Info: set_connection_parameter_value bpf_fme_mst.altera_axi4lite_master/bpf_default_slv.altera_axi4lite_slave slaveDataWidthSysInfo -1
2024.08.28.01:45:49 Info: add_connection bpf_fme_mst.altera_axi4lite_master/bpf_apf_slv.altera_axi4lite_slave
2024.08.28.01:45:49 Info: set_connection_parameter_value bpf_fme_mst.altera_axi4lite_master/bpf_apf_slv.altera_axi4lite_slave addressMapSysInfo 
2024.08.28.01:45:49 Info: set_connection_parameter_value bpf_fme_mst.altera_axi4lite_master/bpf_apf_slv.altera_axi4lite_slave addressWidthSysInfo 
2024.08.28.01:45:49 Info: set_connection_parameter_value bpf_fme_mst.altera_axi4lite_master/bpf_apf_slv.altera_axi4lite_slave arbitrationPriority 1
2024.08.28.01:45:49 Info: set_connection_parameter_value bpf_fme_mst.altera_axi4lite_master/bpf_apf_slv.altera_axi4lite_slave baseAddress 0x00000
2024.08.28.01:45:49 Info: set_connection_parameter_value bpf_fme_mst.altera_axi4lite_master/bpf_apf_slv.altera_axi4lite_slave defaultConnection 0
2024.08.28.01:45:49 Info: set_connection_parameter_value bpf_fme_mst.altera_axi4lite_master/bpf_apf_slv.altera_axi4lite_slave domainAlias 
2024.08.28.01:45:49 Info: set_connection_parameter_value bpf_fme_mst.altera_axi4lite_master/bpf_apf_slv.altera_axi4lite_slave qsys_mm.burstAdapterImplementation GENERIC_CONVERTER
2024.08.28.01:45:49 Info: set_connection_parameter_value bpf_fme_mst.altera_axi4lite_master/bpf_apf_slv.altera_axi4lite_slave qsys_mm.clockCrossingAdapter HANDSHAKE
2024.08.28.01:45:49 Info: set_connection_parameter_value bpf_fme_mst.altera_axi4lite_master/bpf_apf_slv.altera_axi4lite_slave qsys_mm.enableEccProtection FALSE
2024.08.28.01:45:49 Info: set_connection_parameter_value bpf_fme_mst.altera_axi4lite_master/bpf_apf_slv.altera_axi4lite_slave qsys_mm.enableInstrumentation FALSE
2024.08.28.01:45:49 Info: set_connection_parameter_value bpf_fme_mst.altera_axi4lite_master/bpf_apf_slv.altera_axi4lite_slave qsys_mm.insertDefaultSlave FALSE
2024.08.28.01:45:49 Info: set_connection_parameter_value bpf_fme_mst.altera_axi4lite_master/bpf_apf_slv.altera_axi4lite_slave qsys_mm.interconnectResetSource DEFAULT
2024.08.28.01:45:49 Info: set_connection_parameter_value bpf_fme_mst.altera_axi4lite_master/bpf_apf_slv.altera_axi4lite_slave qsys_mm.interconnectType STANDARD
2024.08.28.01:45:49 Info: set_connection_parameter_value bpf_fme_mst.altera_axi4lite_master/bpf_apf_slv.altera_axi4lite_slave qsys_mm.maxAdditionalLatency 1
2024.08.28.01:45:49 Info: set_connection_parameter_value bpf_fme_mst.altera_axi4lite_master/bpf_apf_slv.altera_axi4lite_slave qsys_mm.syncResets FALSE
2024.08.28.01:45:49 Info: set_connection_parameter_value bpf_fme_mst.altera_axi4lite_master/bpf_apf_slv.altera_axi4lite_slave qsys_mm.widthAdapterImplementation GENERIC_CONVERTER
2024.08.28.01:45:49 Info: set_connection_parameter_value bpf_fme_mst.altera_axi4lite_master/bpf_apf_slv.altera_axi4lite_slave slaveDataWidthSysInfo -1
2024.08.28.01:45:49 Info: add_connection bpf_clock_bridge.out_clk/bpf_pmci_mst.clock
2024.08.28.01:45:49 Info: set_connection_parameter_value bpf_clock_bridge.out_clk/bpf_pmci_mst.clock clockDomainSysInfo -1
2024.08.28.01:45:49 Info: set_connection_parameter_value bpf_clock_bridge.out_clk/bpf_pmci_mst.clock clockRateSysInfo 
2024.08.28.01:45:49 Info: set_connection_parameter_value bpf_clock_bridge.out_clk/bpf_pmci_mst.clock clockResetSysInfo 
2024.08.28.01:45:49 Info: set_connection_parameter_value bpf_clock_bridge.out_clk/bpf_pmci_mst.clock resetDomainSysInfo -1
2024.08.28.01:45:49 Info: add_connection bpf_reset_bridge.out_reset/bpf_pmci_mst.reset
2024.08.28.01:45:49 Info: set_connection_parameter_value bpf_reset_bridge.out_reset/bpf_pmci_mst.reset clockDomainSysInfo -1
2024.08.28.01:45:49 Info: set_connection_parameter_value bpf_reset_bridge.out_reset/bpf_pmci_mst.reset clockResetSysInfo 
2024.08.28.01:45:49 Info: set_connection_parameter_value bpf_reset_bridge.out_reset/bpf_pmci_mst.reset resetDomainSysInfo -1
2024.08.28.01:45:49 Info: add_connection bpf_pmci_mst.altera_axi4lite_master/bpf_default_slv.altera_axi4lite_slave
2024.08.28.01:45:49 Info: set_connection_parameter_value bpf_pmci_mst.altera_axi4lite_master/bpf_default_slv.altera_axi4lite_slave addressMapSysInfo 
2024.08.28.01:45:49 Info: set_connection_parameter_value bpf_pmci_mst.altera_axi4lite_master/bpf_default_slv.altera_axi4lite_slave addressWidthSysInfo 
2024.08.28.01:45:49 Info: set_connection_parameter_value bpf_pmci_mst.altera_axi4lite_master/bpf_default_slv.altera_axi4lite_slave arbitrationPriority 1
2024.08.28.01:45:49 Info: set_connection_parameter_value bpf_pmci_mst.altera_axi4lite_master/bpf_default_slv.altera_axi4lite_slave baseAddress 0x0000
2024.08.28.01:45:49 Info: set_connection_parameter_value bpf_pmci_mst.altera_axi4lite_master/bpf_default_slv.altera_axi4lite_slave defaultConnection 1
2024.08.28.01:45:49 Info: set_connection_parameter_value bpf_pmci_mst.altera_axi4lite_master/bpf_default_slv.altera_axi4lite_slave domainAlias 
2024.08.28.01:45:49 Info: set_connection_parameter_value bpf_pmci_mst.altera_axi4lite_master/bpf_default_slv.altera_axi4lite_slave qsys_mm.burstAdapterImplementation GENERIC_CONVERTER
2024.08.28.01:45:49 Info: set_connection_parameter_value bpf_pmci_mst.altera_axi4lite_master/bpf_default_slv.altera_axi4lite_slave qsys_mm.clockCrossingAdapter HANDSHAKE
2024.08.28.01:45:49 Info: set_connection_parameter_value bpf_pmci_mst.altera_axi4lite_master/bpf_default_slv.altera_axi4lite_slave qsys_mm.enableAllPipelines FALSE
2024.08.28.01:45:49 Info: set_connection_parameter_value bpf_pmci_mst.altera_axi4lite_master/bpf_default_slv.altera_axi4lite_slave qsys_mm.enableEccProtection FALSE
2024.08.28.01:45:49 Info: set_connection_parameter_value bpf_pmci_mst.altera_axi4lite_master/bpf_default_slv.altera_axi4lite_slave qsys_mm.enableInstrumentation FALSE
2024.08.28.01:45:49 Info: set_connection_parameter_value bpf_pmci_mst.altera_axi4lite_master/bpf_default_slv.altera_axi4lite_slave qsys_mm.insertDefaultSlave FALSE
2024.08.28.01:45:49 Info: set_connection_parameter_value bpf_pmci_mst.altera_axi4lite_master/bpf_default_slv.altera_axi4lite_slave qsys_mm.interconnectResetSource DEFAULT
2024.08.28.01:45:49 Info: set_connection_parameter_value bpf_pmci_mst.altera_axi4lite_master/bpf_default_slv.altera_axi4lite_slave qsys_mm.interconnectType STANDARD
2024.08.28.01:45:49 Info: set_connection_parameter_value bpf_pmci_mst.altera_axi4lite_master/bpf_default_slv.altera_axi4lite_slave qsys_mm.maxAdditionalLatency 1
2024.08.28.01:45:49 Info: set_connection_parameter_value bpf_pmci_mst.altera_axi4lite_master/bpf_default_slv.altera_axi4lite_slave qsys_mm.optimizeRdFifoSize FALSE
2024.08.28.01:45:49 Info: set_connection_parameter_value bpf_pmci_mst.altera_axi4lite_master/bpf_default_slv.altera_axi4lite_slave qsys_mm.piplineType PIPELINE_STAGE
2024.08.28.01:45:49 Info: set_connection_parameter_value bpf_pmci_mst.altera_axi4lite_master/bpf_default_slv.altera_axi4lite_slave qsys_mm.responseFifoType REGISTER_BASED
2024.08.28.01:45:49 Info: set_connection_parameter_value bpf_pmci_mst.altera_axi4lite_master/bpf_default_slv.altera_axi4lite_slave qsys_mm.syncResets FALSE
2024.08.28.01:45:49 Info: set_connection_parameter_value bpf_pmci_mst.altera_axi4lite_master/bpf_default_slv.altera_axi4lite_slave qsys_mm.widthAdapterImplementation GENERIC_CONVERTER
2024.08.28.01:45:49 Info: set_connection_parameter_value bpf_pmci_mst.altera_axi4lite_master/bpf_default_slv.altera_axi4lite_slave slaveDataWidthSysInfo -1
2024.08.28.01:45:49 Info: add_connection bpf_pmci_mst.altera_axi4lite_master/bpf_fme_slv.altera_axi4lite_slave
2024.08.28.01:45:49 Info: set_connection_parameter_value bpf_pmci_mst.altera_axi4lite_master/bpf_fme_slv.altera_axi4lite_slave addressMapSysInfo 
2024.08.28.01:45:49 Info: set_connection_parameter_value bpf_pmci_mst.altera_axi4lite_master/bpf_fme_slv.altera_axi4lite_slave addressWidthSysInfo 
2024.08.28.01:45:49 Info: set_connection_parameter_value bpf_pmci_mst.altera_axi4lite_master/bpf_fme_slv.altera_axi4lite_slave arbitrationPriority 1
2024.08.28.01:45:49 Info: set_connection_parameter_value bpf_pmci_mst.altera_axi4lite_master/bpf_fme_slv.altera_axi4lite_slave baseAddress 0x00000
2024.08.28.01:45:49 Info: set_connection_parameter_value bpf_pmci_mst.altera_axi4lite_master/bpf_fme_slv.altera_axi4lite_slave defaultConnection 0
2024.08.28.01:45:49 Info: set_connection_parameter_value bpf_pmci_mst.altera_axi4lite_master/bpf_fme_slv.altera_axi4lite_slave domainAlias 
2024.08.28.01:45:49 Info: set_connection_parameter_value bpf_pmci_mst.altera_axi4lite_master/bpf_fme_slv.altera_axi4lite_slave qsys_mm.burstAdapterImplementation GENERIC_CONVERTER
2024.08.28.01:45:49 Info: set_connection_parameter_value bpf_pmci_mst.altera_axi4lite_master/bpf_fme_slv.altera_axi4lite_slave qsys_mm.clockCrossingAdapter HANDSHAKE
2024.08.28.01:45:49 Info: set_connection_parameter_value bpf_pmci_mst.altera_axi4lite_master/bpf_fme_slv.altera_axi4lite_slave qsys_mm.enableEccProtection FALSE
2024.08.28.01:45:49 Info: set_connection_parameter_value bpf_pmci_mst.altera_axi4lite_master/bpf_fme_slv.altera_axi4lite_slave qsys_mm.enableInstrumentation FALSE
2024.08.28.01:45:49 Info: set_connection_parameter_value bpf_pmci_mst.altera_axi4lite_master/bpf_fme_slv.altera_axi4lite_slave qsys_mm.insertDefaultSlave FALSE
2024.08.28.01:45:49 Info: set_connection_parameter_value bpf_pmci_mst.altera_axi4lite_master/bpf_fme_slv.altera_axi4lite_slave qsys_mm.interconnectResetSource DEFAULT
2024.08.28.01:45:49 Info: set_connection_parameter_value bpf_pmci_mst.altera_axi4lite_master/bpf_fme_slv.altera_axi4lite_slave qsys_mm.interconnectType STANDARD
2024.08.28.01:45:49 Info: set_connection_parameter_value bpf_pmci_mst.altera_axi4lite_master/bpf_fme_slv.altera_axi4lite_slave qsys_mm.maxAdditionalLatency 1
2024.08.28.01:45:49 Info: set_connection_parameter_value bpf_pmci_mst.altera_axi4lite_master/bpf_fme_slv.altera_axi4lite_slave qsys_mm.syncResets FALSE
2024.08.28.01:45:49 Info: set_connection_parameter_value bpf_pmci_mst.altera_axi4lite_master/bpf_fme_slv.altera_axi4lite_slave qsys_mm.widthAdapterImplementation GENERIC_CONVERTER
2024.08.28.01:45:49 Info: set_connection_parameter_value bpf_pmci_mst.altera_axi4lite_master/bpf_fme_slv.altera_axi4lite_slave slaveDataWidthSysInfo -1
2024.08.28.01:45:49 Info: add_connection bpf_pmci_mst.altera_axi4lite_master/bpf_pcie_slv.altera_axi4lite_slave
2024.08.28.01:45:49 Info: set_connection_parameter_value bpf_pmci_mst.altera_axi4lite_master/bpf_pcie_slv.altera_axi4lite_slave addressMapSysInfo 
2024.08.28.01:45:49 Info: set_connection_parameter_value bpf_pmci_mst.altera_axi4lite_master/bpf_pcie_slv.altera_axi4lite_slave addressWidthSysInfo 
2024.08.28.01:45:49 Info: set_connection_parameter_value bpf_pmci_mst.altera_axi4lite_master/bpf_pcie_slv.altera_axi4lite_slave arbitrationPriority 1
2024.08.28.01:45:49 Info: set_connection_parameter_value bpf_pmci_mst.altera_axi4lite_master/bpf_pcie_slv.altera_axi4lite_slave baseAddress 0x10000
2024.08.28.01:45:49 Info: set_connection_parameter_value bpf_pmci_mst.altera_axi4lite_master/bpf_pcie_slv.altera_axi4lite_slave defaultConnection 0
2024.08.28.01:45:49 Info: set_connection_parameter_value bpf_pmci_mst.altera_axi4lite_master/bpf_pcie_slv.altera_axi4lite_slave domainAlias 
2024.08.28.01:45:49 Info: set_connection_parameter_value bpf_pmci_mst.altera_axi4lite_master/bpf_pcie_slv.altera_axi4lite_slave qsys_mm.burstAdapterImplementation GENERIC_CONVERTER
2024.08.28.01:45:49 Info: set_connection_parameter_value bpf_pmci_mst.altera_axi4lite_master/bpf_pcie_slv.altera_axi4lite_slave qsys_mm.clockCrossingAdapter HANDSHAKE
2024.08.28.01:45:49 Info: set_connection_parameter_value bpf_pmci_mst.altera_axi4lite_master/bpf_pcie_slv.altera_axi4lite_slave qsys_mm.enableEccProtection FALSE
2024.08.28.01:45:49 Info: set_connection_parameter_value bpf_pmci_mst.altera_axi4lite_master/bpf_pcie_slv.altera_axi4lite_slave qsys_mm.enableInstrumentation FALSE
2024.08.28.01:45:49 Info: set_connection_parameter_value bpf_pmci_mst.altera_axi4lite_master/bpf_pcie_slv.altera_axi4lite_slave qsys_mm.insertDefaultSlave FALSE
2024.08.28.01:45:49 Info: set_connection_parameter_value bpf_pmci_mst.altera_axi4lite_master/bpf_pcie_slv.altera_axi4lite_slave qsys_mm.interconnectResetSource DEFAULT
2024.08.28.01:45:49 Info: set_connection_parameter_value bpf_pmci_mst.altera_axi4lite_master/bpf_pcie_slv.altera_axi4lite_slave qsys_mm.interconnectType STANDARD
2024.08.28.01:45:49 Info: set_connection_parameter_value bpf_pmci_mst.altera_axi4lite_master/bpf_pcie_slv.altera_axi4lite_slave qsys_mm.maxAdditionalLatency 1
2024.08.28.01:45:49 Info: set_connection_parameter_value bpf_pmci_mst.altera_axi4lite_master/bpf_pcie_slv.altera_axi4lite_slave qsys_mm.syncResets FALSE
2024.08.28.01:45:49 Info: set_connection_parameter_value bpf_pmci_mst.altera_axi4lite_master/bpf_pcie_slv.altera_axi4lite_slave qsys_mm.widthAdapterImplementation GENERIC_CONVERTER
2024.08.28.01:45:49 Info: set_connection_parameter_value bpf_pmci_mst.altera_axi4lite_master/bpf_pcie_slv.altera_axi4lite_slave slaveDataWidthSysInfo -1
2024.08.28.01:45:49 Info: add_connection bpf_pmci_mst.altera_axi4lite_master/bpf_pmci_slv.altera_axi4lite_slave
2024.08.28.01:45:49 Info: set_connection_parameter_value bpf_pmci_mst.altera_axi4lite_master/bpf_pmci_slv.altera_axi4lite_slave addressMapSysInfo 
2024.08.28.01:45:49 Info: set_connection_parameter_value bpf_pmci_mst.altera_axi4lite_master/bpf_pmci_slv.altera_axi4lite_slave addressWidthSysInfo 
2024.08.28.01:45:49 Info: set_connection_parameter_value bpf_pmci_mst.altera_axi4lite_master/bpf_pmci_slv.altera_axi4lite_slave arbitrationPriority 1
2024.08.28.01:45:49 Info: set_connection_parameter_value bpf_pmci_mst.altera_axi4lite_master/bpf_pmci_slv.altera_axi4lite_slave baseAddress 0x20000
2024.08.28.01:45:49 Info: set_connection_parameter_value bpf_pmci_mst.altera_axi4lite_master/bpf_pmci_slv.altera_axi4lite_slave defaultConnection 0
2024.08.28.01:45:49 Info: set_connection_parameter_value bpf_pmci_mst.altera_axi4lite_master/bpf_pmci_slv.altera_axi4lite_slave domainAlias 
2024.08.28.01:45:49 Info: set_connection_parameter_value bpf_pmci_mst.altera_axi4lite_master/bpf_pmci_slv.altera_axi4lite_slave qsys_mm.burstAdapterImplementation GENERIC_CONVERTER
2024.08.28.01:45:49 Info: set_connection_parameter_value bpf_pmci_mst.altera_axi4lite_master/bpf_pmci_slv.altera_axi4lite_slave qsys_mm.clockCrossingAdapter HANDSHAKE
2024.08.28.01:45:49 Info: set_connection_parameter_value bpf_pmci_mst.altera_axi4lite_master/bpf_pmci_slv.altera_axi4lite_slave qsys_mm.enableEccProtection FALSE
2024.08.28.01:45:49 Info: set_connection_parameter_value bpf_pmci_mst.altera_axi4lite_master/bpf_pmci_slv.altera_axi4lite_slave qsys_mm.enableInstrumentation FALSE
2024.08.28.01:45:49 Info: set_connection_parameter_value bpf_pmci_mst.altera_axi4lite_master/bpf_pmci_slv.altera_axi4lite_slave qsys_mm.insertDefaultSlave FALSE
2024.08.28.01:45:49 Info: set_connection_parameter_value bpf_pmci_mst.altera_axi4lite_master/bpf_pmci_slv.altera_axi4lite_slave qsys_mm.interconnectResetSource DEFAULT
2024.08.28.01:45:49 Info: set_connection_parameter_value bpf_pmci_mst.altera_axi4lite_master/bpf_pmci_slv.altera_axi4lite_slave qsys_mm.interconnectType STANDARD
2024.08.28.01:45:49 Info: set_connection_parameter_value bpf_pmci_mst.altera_axi4lite_master/bpf_pmci_slv.altera_axi4lite_slave qsys_mm.maxAdditionalLatency 1
2024.08.28.01:45:49 Info: set_connection_parameter_value bpf_pmci_mst.altera_axi4lite_master/bpf_pmci_slv.altera_axi4lite_slave qsys_mm.syncResets FALSE
2024.08.28.01:45:49 Info: set_connection_parameter_value bpf_pmci_mst.altera_axi4lite_master/bpf_pmci_slv.altera_axi4lite_slave qsys_mm.widthAdapterImplementation GENERIC_CONVERTER
2024.08.28.01:45:49 Info: set_connection_parameter_value bpf_pmci_mst.altera_axi4lite_master/bpf_pmci_slv.altera_axi4lite_slave slaveDataWidthSysInfo -1
2024.08.28.01:45:49 Info: add_connection bpf_pmci_mst.altera_axi4lite_master/bpf_qsfp0_slv.altera_axi4lite_slave
2024.08.28.01:45:49 Info: set_connection_parameter_value bpf_pmci_mst.altera_axi4lite_master/bpf_qsfp0_slv.altera_axi4lite_slave addressMapSysInfo 
2024.08.28.01:45:49 Info: set_connection_parameter_value bpf_pmci_mst.altera_axi4lite_master/bpf_qsfp0_slv.altera_axi4lite_slave addressWidthSysInfo 
2024.08.28.01:45:49 Info: set_connection_parameter_value bpf_pmci_mst.altera_axi4lite_master/bpf_qsfp0_slv.altera_axi4lite_slave arbitrationPriority 1
2024.08.28.01:45:49 Info: set_connection_parameter_value bpf_pmci_mst.altera_axi4lite_master/bpf_qsfp0_slv.altera_axi4lite_slave baseAddress 0x12000
2024.08.28.01:45:49 Info: set_connection_parameter_value bpf_pmci_mst.altera_axi4lite_master/bpf_qsfp0_slv.altera_axi4lite_slave defaultConnection 0
2024.08.28.01:45:49 Info: set_connection_parameter_value bpf_pmci_mst.altera_axi4lite_master/bpf_qsfp0_slv.altera_axi4lite_slave domainAlias 
2024.08.28.01:45:49 Info: set_connection_parameter_value bpf_pmci_mst.altera_axi4lite_master/bpf_qsfp0_slv.altera_axi4lite_slave qsys_mm.burstAdapterImplementation GENERIC_CONVERTER
2024.08.28.01:45:49 Info: set_connection_parameter_value bpf_pmci_mst.altera_axi4lite_master/bpf_qsfp0_slv.altera_axi4lite_slave qsys_mm.clockCrossingAdapter HANDSHAKE
2024.08.28.01:45:49 Info: set_connection_parameter_value bpf_pmci_mst.altera_axi4lite_master/bpf_qsfp0_slv.altera_axi4lite_slave qsys_mm.enableEccProtection FALSE
2024.08.28.01:45:49 Info: set_connection_parameter_value bpf_pmci_mst.altera_axi4lite_master/bpf_qsfp0_slv.altera_axi4lite_slave qsys_mm.enableInstrumentation FALSE
2024.08.28.01:45:49 Info: set_connection_parameter_value bpf_pmci_mst.altera_axi4lite_master/bpf_qsfp0_slv.altera_axi4lite_slave qsys_mm.insertDefaultSlave FALSE
2024.08.28.01:45:49 Info: set_connection_parameter_value bpf_pmci_mst.altera_axi4lite_master/bpf_qsfp0_slv.altera_axi4lite_slave qsys_mm.interconnectResetSource DEFAULT
2024.08.28.01:45:49 Info: set_connection_parameter_value bpf_pmci_mst.altera_axi4lite_master/bpf_qsfp0_slv.altera_axi4lite_slave qsys_mm.interconnectType STANDARD
2024.08.28.01:45:49 Info: set_connection_parameter_value bpf_pmci_mst.altera_axi4lite_master/bpf_qsfp0_slv.altera_axi4lite_slave qsys_mm.maxAdditionalLatency 1
2024.08.28.01:45:49 Info: set_connection_parameter_value bpf_pmci_mst.altera_axi4lite_master/bpf_qsfp0_slv.altera_axi4lite_slave qsys_mm.syncResets FALSE
2024.08.28.01:45:49 Info: set_connection_parameter_value bpf_pmci_mst.altera_axi4lite_master/bpf_qsfp0_slv.altera_axi4lite_slave qsys_mm.widthAdapterImplementation GENERIC_CONVERTER
2024.08.28.01:45:49 Info: set_connection_parameter_value bpf_pmci_mst.altera_axi4lite_master/bpf_qsfp0_slv.altera_axi4lite_slave slaveDataWidthSysInfo -1
2024.08.28.01:45:49 Info: add_connection bpf_pmci_mst.altera_axi4lite_master/bpf_qsfp1_slv.altera_axi4lite_slave
2024.08.28.01:45:49 Info: set_connection_parameter_value bpf_pmci_mst.altera_axi4lite_master/bpf_qsfp1_slv.altera_axi4lite_slave addressMapSysInfo 
2024.08.28.01:45:49 Info: set_connection_parameter_value bpf_pmci_mst.altera_axi4lite_master/bpf_qsfp1_slv.altera_axi4lite_slave addressWidthSysInfo 
2024.08.28.01:45:49 Info: set_connection_parameter_value bpf_pmci_mst.altera_axi4lite_master/bpf_qsfp1_slv.altera_axi4lite_slave arbitrationPriority 1
2024.08.28.01:45:49 Info: set_connection_parameter_value bpf_pmci_mst.altera_axi4lite_master/bpf_qsfp1_slv.altera_axi4lite_slave baseAddress 0x13000
2024.08.28.01:45:49 Info: set_connection_parameter_value bpf_pmci_mst.altera_axi4lite_master/bpf_qsfp1_slv.altera_axi4lite_slave defaultConnection 0
2024.08.28.01:45:49 Info: set_connection_parameter_value bpf_pmci_mst.altera_axi4lite_master/bpf_qsfp1_slv.altera_axi4lite_slave domainAlias 
2024.08.28.01:45:49 Info: set_connection_parameter_value bpf_pmci_mst.altera_axi4lite_master/bpf_qsfp1_slv.altera_axi4lite_slave qsys_mm.burstAdapterImplementation GENERIC_CONVERTER
2024.08.28.01:45:49 Info: set_connection_parameter_value bpf_pmci_mst.altera_axi4lite_master/bpf_qsfp1_slv.altera_axi4lite_slave qsys_mm.clockCrossingAdapter HANDSHAKE
2024.08.28.01:45:49 Info: set_connection_parameter_value bpf_pmci_mst.altera_axi4lite_master/bpf_qsfp1_slv.altera_axi4lite_slave qsys_mm.enableEccProtection FALSE
2024.08.28.01:45:49 Info: set_connection_parameter_value bpf_pmci_mst.altera_axi4lite_master/bpf_qsfp1_slv.altera_axi4lite_slave qsys_mm.enableInstrumentation FALSE
2024.08.28.01:45:49 Info: set_connection_parameter_value bpf_pmci_mst.altera_axi4lite_master/bpf_qsfp1_slv.altera_axi4lite_slave qsys_mm.insertDefaultSlave FALSE
2024.08.28.01:45:49 Info: set_connection_parameter_value bpf_pmci_mst.altera_axi4lite_master/bpf_qsfp1_slv.altera_axi4lite_slave qsys_mm.interconnectResetSource DEFAULT
2024.08.28.01:45:49 Info: set_connection_parameter_value bpf_pmci_mst.altera_axi4lite_master/bpf_qsfp1_slv.altera_axi4lite_slave qsys_mm.interconnectType STANDARD
2024.08.28.01:45:49 Info: set_connection_parameter_value bpf_pmci_mst.altera_axi4lite_master/bpf_qsfp1_slv.altera_axi4lite_slave qsys_mm.maxAdditionalLatency 1
2024.08.28.01:45:49 Info: set_connection_parameter_value bpf_pmci_mst.altera_axi4lite_master/bpf_qsfp1_slv.altera_axi4lite_slave qsys_mm.syncResets FALSE
2024.08.28.01:45:49 Info: set_connection_parameter_value bpf_pmci_mst.altera_axi4lite_master/bpf_qsfp1_slv.altera_axi4lite_slave qsys_mm.widthAdapterImplementation GENERIC_CONVERTER
2024.08.28.01:45:49 Info: set_connection_parameter_value bpf_pmci_mst.altera_axi4lite_master/bpf_qsfp1_slv.altera_axi4lite_slave slaveDataWidthSysInfo -1
2024.08.28.01:45:49 Info: add_connection bpf_pmci_mst.altera_axi4lite_master/bpf_pmci_lpbk_slv.altera_axi4lite_slave
2024.08.28.01:45:49 Info: set_connection_parameter_value bpf_pmci_mst.altera_axi4lite_master/bpf_pmci_lpbk_slv.altera_axi4lite_slave addressMapSysInfo 
2024.08.28.01:45:49 Info: set_connection_parameter_value bpf_pmci_mst.altera_axi4lite_master/bpf_pmci_lpbk_slv.altera_axi4lite_slave addressWidthSysInfo 
2024.08.28.01:45:49 Info: set_connection_parameter_value bpf_pmci_mst.altera_axi4lite_master/bpf_pmci_lpbk_slv.altera_axi4lite_slave arbitrationPriority 1
2024.08.28.01:45:49 Info: set_connection_parameter_value bpf_pmci_mst.altera_axi4lite_master/bpf_pmci_lpbk_slv.altera_axi4lite_slave baseAddress 0x100000
2024.08.28.01:45:49 Info: set_connection_parameter_value bpf_pmci_mst.altera_axi4lite_master/bpf_pmci_lpbk_slv.altera_axi4lite_slave defaultConnection 0
2024.08.28.01:45:49 Info: set_connection_parameter_value bpf_pmci_mst.altera_axi4lite_master/bpf_pmci_lpbk_slv.altera_axi4lite_slave domainAlias 
2024.08.28.01:45:49 Info: set_connection_parameter_value bpf_pmci_mst.altera_axi4lite_master/bpf_pmci_lpbk_slv.altera_axi4lite_slave qsys_mm.burstAdapterImplementation GENERIC_CONVERTER
2024.08.28.01:45:49 Info: set_connection_parameter_value bpf_pmci_mst.altera_axi4lite_master/bpf_pmci_lpbk_slv.altera_axi4lite_slave qsys_mm.clockCrossingAdapter HANDSHAKE
2024.08.28.01:45:49 Info: set_connection_parameter_value bpf_pmci_mst.altera_axi4lite_master/bpf_pmci_lpbk_slv.altera_axi4lite_slave qsys_mm.enableEccProtection FALSE
2024.08.28.01:45:49 Info: set_connection_parameter_value bpf_pmci_mst.altera_axi4lite_master/bpf_pmci_lpbk_slv.altera_axi4lite_slave qsys_mm.enableInstrumentation FALSE
2024.08.28.01:45:49 Info: set_connection_parameter_value bpf_pmci_mst.altera_axi4lite_master/bpf_pmci_lpbk_slv.altera_axi4lite_slave qsys_mm.insertDefaultSlave FALSE
2024.08.28.01:45:49 Info: set_connection_parameter_value bpf_pmci_mst.altera_axi4lite_master/bpf_pmci_lpbk_slv.altera_axi4lite_slave qsys_mm.interconnectResetSource DEFAULT
2024.08.28.01:45:49 Info: set_connection_parameter_value bpf_pmci_mst.altera_axi4lite_master/bpf_pmci_lpbk_slv.altera_axi4lite_slave qsys_mm.interconnectType STANDARD
2024.08.28.01:45:49 Info: set_connection_parameter_value bpf_pmci_mst.altera_axi4lite_master/bpf_pmci_lpbk_slv.altera_axi4lite_slave qsys_mm.maxAdditionalLatency 1
2024.08.28.01:45:49 Info: set_connection_parameter_value bpf_pmci_mst.altera_axi4lite_master/bpf_pmci_lpbk_slv.altera_axi4lite_slave qsys_mm.syncResets FALSE
2024.08.28.01:45:49 Info: set_connection_parameter_value bpf_pmci_mst.altera_axi4lite_master/bpf_pmci_lpbk_slv.altera_axi4lite_slave qsys_mm.widthAdapterImplementation GENERIC_CONVERTER
2024.08.28.01:45:49 Info: set_connection_parameter_value bpf_pmci_mst.altera_axi4lite_master/bpf_pmci_lpbk_slv.altera_axi4lite_slave slaveDataWidthSysInfo -1
2024.08.28.01:45:49 Info: add_connection bpf_pmci_mst.altera_axi4lite_master/bpf_emif_slv.altera_axi4lite_slave
2024.08.28.01:45:49 Info: set_connection_parameter_value bpf_pmci_mst.altera_axi4lite_master/bpf_emif_slv.altera_axi4lite_slave addressMapSysInfo 
2024.08.28.01:45:49 Info: set_connection_parameter_value bpf_pmci_mst.altera_axi4lite_master/bpf_emif_slv.altera_axi4lite_slave addressWidthSysInfo 
2024.08.28.01:45:49 Info: set_connection_parameter_value bpf_pmci_mst.altera_axi4lite_master/bpf_emif_slv.altera_axi4lite_slave arbitrationPriority 1
2024.08.28.01:45:49 Info: set_connection_parameter_value bpf_pmci_mst.altera_axi4lite_master/bpf_emif_slv.altera_axi4lite_slave baseAddress 0x15000
2024.08.28.01:45:49 Info: set_connection_parameter_value bpf_pmci_mst.altera_axi4lite_master/bpf_emif_slv.altera_axi4lite_slave defaultConnection 0
2024.08.28.01:45:49 Info: set_connection_parameter_value bpf_pmci_mst.altera_axi4lite_master/bpf_emif_slv.altera_axi4lite_slave domainAlias 
2024.08.28.01:45:49 Info: set_connection_parameter_value bpf_pmci_mst.altera_axi4lite_master/bpf_emif_slv.altera_axi4lite_slave qsys_mm.burstAdapterImplementation GENERIC_CONVERTER
2024.08.28.01:45:49 Info: set_connection_parameter_value bpf_pmci_mst.altera_axi4lite_master/bpf_emif_slv.altera_axi4lite_slave qsys_mm.clockCrossingAdapter HANDSHAKE
2024.08.28.01:45:49 Info: set_connection_parameter_value bpf_pmci_mst.altera_axi4lite_master/bpf_emif_slv.altera_axi4lite_slave qsys_mm.enableEccProtection FALSE
2024.08.28.01:45:49 Info: set_connection_parameter_value bpf_pmci_mst.altera_axi4lite_master/bpf_emif_slv.altera_axi4lite_slave qsys_mm.enableInstrumentation FALSE
2024.08.28.01:45:49 Info: set_connection_parameter_value bpf_pmci_mst.altera_axi4lite_master/bpf_emif_slv.altera_axi4lite_slave qsys_mm.insertDefaultSlave FALSE
2024.08.28.01:45:49 Info: set_connection_parameter_value bpf_pmci_mst.altera_axi4lite_master/bpf_emif_slv.altera_axi4lite_slave qsys_mm.interconnectResetSource DEFAULT
2024.08.28.01:45:49 Info: set_connection_parameter_value bpf_pmci_mst.altera_axi4lite_master/bpf_emif_slv.altera_axi4lite_slave qsys_mm.interconnectType STANDARD
2024.08.28.01:45:49 Info: set_connection_parameter_value bpf_pmci_mst.altera_axi4lite_master/bpf_emif_slv.altera_axi4lite_slave qsys_mm.maxAdditionalLatency 1
2024.08.28.01:45:49 Info: set_connection_parameter_value bpf_pmci_mst.altera_axi4lite_master/bpf_emif_slv.altera_axi4lite_slave qsys_mm.syncResets FALSE
2024.08.28.01:45:49 Info: set_connection_parameter_value bpf_pmci_mst.altera_axi4lite_master/bpf_emif_slv.altera_axi4lite_slave qsys_mm.widthAdapterImplementation GENERIC_CONVERTER
2024.08.28.01:45:49 Info: set_connection_parameter_value bpf_pmci_mst.altera_axi4lite_master/bpf_emif_slv.altera_axi4lite_slave slaveDataWidthSysInfo -1
2024.08.28.01:45:49 Info: add_connection bpf_pmci_mst.altera_axi4lite_master/bpf_hssi_slv.altera_axi4lite_slave
2024.08.28.01:45:49 Info: set_connection_parameter_value bpf_pmci_mst.altera_axi4lite_master/bpf_hssi_slv.altera_axi4lite_slave addressMapSysInfo 
2024.08.28.01:45:49 Info: set_connection_parameter_value bpf_pmci_mst.altera_axi4lite_master/bpf_hssi_slv.altera_axi4lite_slave addressWidthSysInfo 
2024.08.28.01:45:49 Info: set_connection_parameter_value bpf_pmci_mst.altera_axi4lite_master/bpf_hssi_slv.altera_axi4lite_slave arbitrationPriority 1
2024.08.28.01:45:49 Info: set_connection_parameter_value bpf_pmci_mst.altera_axi4lite_master/bpf_hssi_slv.altera_axi4lite_slave baseAddress 0x14000
2024.08.28.01:45:49 Info: set_connection_parameter_value bpf_pmci_mst.altera_axi4lite_master/bpf_hssi_slv.altera_axi4lite_slave defaultConnection 0
2024.08.28.01:45:49 Info: set_connection_parameter_value bpf_pmci_mst.altera_axi4lite_master/bpf_hssi_slv.altera_axi4lite_slave domainAlias 
2024.08.28.01:45:50 Info: set_connection_parameter_value bpf_pmci_mst.altera_axi4lite_master/bpf_hssi_slv.altera_axi4lite_slave qsys_mm.burstAdapterImplementation GENERIC_CONVERTER
2024.08.28.01:45:50 Info: set_connection_parameter_value bpf_pmci_mst.altera_axi4lite_master/bpf_hssi_slv.altera_axi4lite_slave qsys_mm.clockCrossingAdapter HANDSHAKE
2024.08.28.01:45:50 Info: set_connection_parameter_value bpf_pmci_mst.altera_axi4lite_master/bpf_hssi_slv.altera_axi4lite_slave qsys_mm.enableEccProtection FALSE
2024.08.28.01:45:50 Info: set_connection_parameter_value bpf_pmci_mst.altera_axi4lite_master/bpf_hssi_slv.altera_axi4lite_slave qsys_mm.enableInstrumentation FALSE
2024.08.28.01:45:50 Info: set_connection_parameter_value bpf_pmci_mst.altera_axi4lite_master/bpf_hssi_slv.altera_axi4lite_slave qsys_mm.insertDefaultSlave FALSE
2024.08.28.01:45:50 Info: set_connection_parameter_value bpf_pmci_mst.altera_axi4lite_master/bpf_hssi_slv.altera_axi4lite_slave qsys_mm.interconnectResetSource DEFAULT
2024.08.28.01:45:50 Info: set_connection_parameter_value bpf_pmci_mst.altera_axi4lite_master/bpf_hssi_slv.altera_axi4lite_slave qsys_mm.interconnectType STANDARD
2024.08.28.01:45:50 Info: set_connection_parameter_value bpf_pmci_mst.altera_axi4lite_master/bpf_hssi_slv.altera_axi4lite_slave qsys_mm.maxAdditionalLatency 1
2024.08.28.01:45:50 Info: set_connection_parameter_value bpf_pmci_mst.altera_axi4lite_master/bpf_hssi_slv.altera_axi4lite_slave qsys_mm.syncResets FALSE
2024.08.28.01:45:50 Info: set_connection_parameter_value bpf_pmci_mst.altera_axi4lite_master/bpf_hssi_slv.altera_axi4lite_slave qsys_mm.widthAdapterImplementation GENERIC_CONVERTER
2024.08.28.01:45:50 Info: set_connection_parameter_value bpf_pmci_mst.altera_axi4lite_master/bpf_hssi_slv.altera_axi4lite_slave slaveDataWidthSysInfo -1
2024.08.28.01:45:50 Info: add_connection bpf_clock_bridge.out_clk/bpf_pmci_lpbk_mst.clock
2024.08.28.01:45:50 Info: set_connection_parameter_value bpf_clock_bridge.out_clk/bpf_pmci_lpbk_mst.clock clockDomainSysInfo -1
2024.08.28.01:45:50 Info: set_connection_parameter_value bpf_clock_bridge.out_clk/bpf_pmci_lpbk_mst.clock clockRateSysInfo 
2024.08.28.01:45:50 Info: set_connection_parameter_value bpf_clock_bridge.out_clk/bpf_pmci_lpbk_mst.clock clockResetSysInfo 
2024.08.28.01:45:50 Info: set_connection_parameter_value bpf_clock_bridge.out_clk/bpf_pmci_lpbk_mst.clock resetDomainSysInfo -1
2024.08.28.01:45:50 Info: add_connection bpf_reset_bridge.out_reset/bpf_pmci_lpbk_mst.reset
2024.08.28.01:45:50 Info: set_connection_parameter_value bpf_reset_bridge.out_reset/bpf_pmci_lpbk_mst.reset clockDomainSysInfo -1
2024.08.28.01:45:50 Info: set_connection_parameter_value bpf_reset_bridge.out_reset/bpf_pmci_lpbk_mst.reset clockResetSysInfo 
2024.08.28.01:45:50 Info: set_connection_parameter_value bpf_reset_bridge.out_reset/bpf_pmci_lpbk_mst.reset resetDomainSysInfo -1
2024.08.28.01:45:50 Info: add_connection bpf_pmci_lpbk_mst.altera_axi4lite_master/bpf_default_slv.altera_axi4lite_slave
2024.08.28.01:45:50 Info: set_connection_parameter_value bpf_pmci_lpbk_mst.altera_axi4lite_master/bpf_default_slv.altera_axi4lite_slave addressMapSysInfo 
2024.08.28.01:45:50 Info: set_connection_parameter_value bpf_pmci_lpbk_mst.altera_axi4lite_master/bpf_default_slv.altera_axi4lite_slave addressWidthSysInfo 
2024.08.28.01:45:50 Info: set_connection_parameter_value bpf_pmci_lpbk_mst.altera_axi4lite_master/bpf_default_slv.altera_axi4lite_slave arbitrationPriority 1
2024.08.28.01:45:50 Info: set_connection_parameter_value bpf_pmci_lpbk_mst.altera_axi4lite_master/bpf_default_slv.altera_axi4lite_slave baseAddress 0x0000
2024.08.28.01:45:50 Info: set_connection_parameter_value bpf_pmci_lpbk_mst.altera_axi4lite_master/bpf_default_slv.altera_axi4lite_slave defaultConnection 1
2024.08.28.01:45:50 Info: set_connection_parameter_value bpf_pmci_lpbk_mst.altera_axi4lite_master/bpf_default_slv.altera_axi4lite_slave domainAlias 
2024.08.28.01:45:50 Info: set_connection_parameter_value bpf_pmci_lpbk_mst.altera_axi4lite_master/bpf_default_slv.altera_axi4lite_slave qsys_mm.burstAdapterImplementation GENERIC_CONVERTER
2024.08.28.01:45:50 Info: set_connection_parameter_value bpf_pmci_lpbk_mst.altera_axi4lite_master/bpf_default_slv.altera_axi4lite_slave qsys_mm.clockCrossingAdapter HANDSHAKE
2024.08.28.01:45:50 Info: set_connection_parameter_value bpf_pmci_lpbk_mst.altera_axi4lite_master/bpf_default_slv.altera_axi4lite_slave qsys_mm.enableAllPipelines FALSE
2024.08.28.01:45:50 Info: set_connection_parameter_value bpf_pmci_lpbk_mst.altera_axi4lite_master/bpf_default_slv.altera_axi4lite_slave qsys_mm.enableEccProtection FALSE
2024.08.28.01:45:50 Info: set_connection_parameter_value bpf_pmci_lpbk_mst.altera_axi4lite_master/bpf_default_slv.altera_axi4lite_slave qsys_mm.enableInstrumentation FALSE
2024.08.28.01:45:50 Info: set_connection_parameter_value bpf_pmci_lpbk_mst.altera_axi4lite_master/bpf_default_slv.altera_axi4lite_slave qsys_mm.insertDefaultSlave FALSE
2024.08.28.01:45:50 Info: set_connection_parameter_value bpf_pmci_lpbk_mst.altera_axi4lite_master/bpf_default_slv.altera_axi4lite_slave qsys_mm.interconnectResetSource DEFAULT
2024.08.28.01:45:50 Info: set_connection_parameter_value bpf_pmci_lpbk_mst.altera_axi4lite_master/bpf_default_slv.altera_axi4lite_slave qsys_mm.interconnectType STANDARD
2024.08.28.01:45:50 Info: set_connection_parameter_value bpf_pmci_lpbk_mst.altera_axi4lite_master/bpf_default_slv.altera_axi4lite_slave qsys_mm.maxAdditionalLatency 1
2024.08.28.01:45:50 Info: set_connection_parameter_value bpf_pmci_lpbk_mst.altera_axi4lite_master/bpf_default_slv.altera_axi4lite_slave qsys_mm.optimizeRdFifoSize FALSE
2024.08.28.01:45:50 Info: set_connection_parameter_value bpf_pmci_lpbk_mst.altera_axi4lite_master/bpf_default_slv.altera_axi4lite_slave qsys_mm.piplineType PIPELINE_STAGE
2024.08.28.01:45:50 Info: set_connection_parameter_value bpf_pmci_lpbk_mst.altera_axi4lite_master/bpf_default_slv.altera_axi4lite_slave qsys_mm.responseFifoType REGISTER_BASED
2024.08.28.01:45:50 Info: set_connection_parameter_value bpf_pmci_lpbk_mst.altera_axi4lite_master/bpf_default_slv.altera_axi4lite_slave qsys_mm.syncResets FALSE
2024.08.28.01:45:50 Info: set_connection_parameter_value bpf_pmci_lpbk_mst.altera_axi4lite_master/bpf_default_slv.altera_axi4lite_slave qsys_mm.widthAdapterImplementation GENERIC_CONVERTER
2024.08.28.01:45:50 Info: set_connection_parameter_value bpf_pmci_lpbk_mst.altera_axi4lite_master/bpf_default_slv.altera_axi4lite_slave slaveDataWidthSysInfo -1
2024.08.28.01:45:50 Info: add_connection bpf_pmci_lpbk_mst.altera_axi4lite_master/bpf_apf_slv.altera_axi4lite_slave
2024.08.28.01:45:50 Info: set_connection_parameter_value bpf_pmci_lpbk_mst.altera_axi4lite_master/bpf_apf_slv.altera_axi4lite_slave addressMapSysInfo 
2024.08.28.01:45:50 Info: set_connection_parameter_value bpf_pmci_lpbk_mst.altera_axi4lite_master/bpf_apf_slv.altera_axi4lite_slave addressWidthSysInfo 
2024.08.28.01:45:50 Info: set_connection_parameter_value bpf_pmci_lpbk_mst.altera_axi4lite_master/bpf_apf_slv.altera_axi4lite_slave arbitrationPriority 1
2024.08.28.01:45:50 Info: set_connection_parameter_value bpf_pmci_lpbk_mst.altera_axi4lite_master/bpf_apf_slv.altera_axi4lite_slave baseAddress 0x00000
2024.08.28.01:45:50 Info: set_connection_parameter_value bpf_pmci_lpbk_mst.altera_axi4lite_master/bpf_apf_slv.altera_axi4lite_slave defaultConnection 0
2024.08.28.01:45:50 Info: set_connection_parameter_value bpf_pmci_lpbk_mst.altera_axi4lite_master/bpf_apf_slv.altera_axi4lite_slave domainAlias 
2024.08.28.01:45:50 Info: set_connection_parameter_value bpf_pmci_lpbk_mst.altera_axi4lite_master/bpf_apf_slv.altera_axi4lite_slave qsys_mm.burstAdapterImplementation GENERIC_CONVERTER
2024.08.28.01:45:50 Info: set_connection_parameter_value bpf_pmci_lpbk_mst.altera_axi4lite_master/bpf_apf_slv.altera_axi4lite_slave qsys_mm.clockCrossingAdapter HANDSHAKE
2024.08.28.01:45:50 Info: set_connection_parameter_value bpf_pmci_lpbk_mst.altera_axi4lite_master/bpf_apf_slv.altera_axi4lite_slave qsys_mm.enableEccProtection FALSE
2024.08.28.01:45:50 Info: set_connection_parameter_value bpf_pmci_lpbk_mst.altera_axi4lite_master/bpf_apf_slv.altera_axi4lite_slave qsys_mm.enableInstrumentation FALSE
2024.08.28.01:45:50 Info: set_connection_parameter_value bpf_pmci_lpbk_mst.altera_axi4lite_master/bpf_apf_slv.altera_axi4lite_slave qsys_mm.insertDefaultSlave FALSE
2024.08.28.01:45:50 Info: set_connection_parameter_value bpf_pmci_lpbk_mst.altera_axi4lite_master/bpf_apf_slv.altera_axi4lite_slave qsys_mm.interconnectResetSource DEFAULT
2024.08.28.01:45:50 Info: set_connection_parameter_value bpf_pmci_lpbk_mst.altera_axi4lite_master/bpf_apf_slv.altera_axi4lite_slave qsys_mm.interconnectType STANDARD
2024.08.28.01:45:50 Info: set_connection_parameter_value bpf_pmci_lpbk_mst.altera_axi4lite_master/bpf_apf_slv.altera_axi4lite_slave qsys_mm.maxAdditionalLatency 1
2024.08.28.01:45:50 Info: set_connection_parameter_value bpf_pmci_lpbk_mst.altera_axi4lite_master/bpf_apf_slv.altera_axi4lite_slave qsys_mm.syncResets FALSE
2024.08.28.01:45:50 Info: set_connection_parameter_value bpf_pmci_lpbk_mst.altera_axi4lite_master/bpf_apf_slv.altera_axi4lite_slave qsys_mm.widthAdapterImplementation GENERIC_CONVERTER
2024.08.28.01:45:50 Info: set_connection_parameter_value bpf_pmci_lpbk_mst.altera_axi4lite_master/bpf_apf_slv.altera_axi4lite_slave slaveDataWidthSysInfo -1
2024.08.28.01:45:50 Info: set_interface_property bpf_apf_mst EXPORT_OF bpf_apf_mst.altera_axi4lite_slave
2024.08.28.01:45:50 Info: set_interface_property bpf_fme_mst EXPORT_OF bpf_fme_mst.altera_axi4lite_slave
2024.08.28.01:45:50 Info: set_interface_property bpf_pmci_mst EXPORT_OF bpf_pmci_mst.altera_axi4lite_slave
2024.08.28.01:45:50 Info: set_interface_property bpf_pmci_lpbk_mst EXPORT_OF bpf_pmci_lpbk_mst.altera_axi4lite_slave
2024.08.28.01:45:50 Info: set_interface_property bpf_fme_slv EXPORT_OF bpf_fme_slv.altera_axi4lite_master
2024.08.28.01:45:50 Info: set_interface_property bpf_apf_slv EXPORT_OF bpf_apf_slv.altera_axi4lite_master
2024.08.28.01:45:50 Info: set_interface_property bpf_pcie_slv EXPORT_OF bpf_pcie_slv.altera_axi4lite_master
2024.08.28.01:45:50 Info: set_interface_property bpf_qsfp0_slv EXPORT_OF bpf_qsfp0_slv.altera_axi4lite_master
2024.08.28.01:45:50 Info: set_interface_property bpf_qsfp1_slv EXPORT_OF bpf_qsfp1_slv.altera_axi4lite_master
2024.08.28.01:45:50 Info: set_interface_property bpf_hssi_slv EXPORT_OF bpf_hssi_slv.altera_axi4lite_master
2024.08.28.01:45:50 Info: set_interface_property bpf_emif_slv EXPORT_OF bpf_emif_slv.altera_axi4lite_master
2024.08.28.01:45:50 Info: set_interface_property bpf_pmci_slv EXPORT_OF bpf_pmci_slv.altera_axi4lite_master
2024.08.28.01:45:50 Info: set_interface_property bpf_pmci_lpbk_slv EXPORT_OF bpf_pmci_lpbk_slv.altera_axi4lite_master
2024.08.28.01:45:50 Info: set_module_property FILE bpf.qsys
2024.08.28.01:45:50 Info: set_module_property GENERATION_ID 0x00000000
2024.08.28.01:45:50 Info: set_module_property NAME bpf
2024.08.28.01:45:50 Info: sync_sysinfo_parameters 
2024.08.28.01:45:50 Info: Synchronizing System Information for bpf_clock_bridge
2024.08.28.01:45:50 Info: Synchronizing System Information for bpf_reset_bridge
2024.08.28.01:45:50 Info: Synchronizing System Information for bpf_default_slv
2024.08.28.01:45:50 Info: Synchronizing System Information for bpf_fme_slv
2024.08.28.01:45:50 Info: Synchronizing System Information for bpf_apf_slv
2024.08.28.01:45:50 Info: Synchronizing System Information for bpf_pcie_slv
2024.08.28.01:45:50 Info: Synchronizing System Information for bpf_qsfp0_slv
2024.08.28.01:45:50 Info: Synchronizing System Information for bpf_qsfp1_slv
2024.08.28.01:45:50 Info: Synchronizing System Information for bpf_hssi_slv
2024.08.28.01:45:50 Info: Synchronizing System Information for bpf_emif_slv
2024.08.28.01:45:50 Info: Synchronizing System Information for bpf_pmci_slv
2024.08.28.01:45:50 Info: Synchronizing System Information for bpf_pmci_lpbk_slv
2024.08.28.01:45:50 Info: Synchronizing System Information for bpf_apf_mst
2024.08.28.01:45:50 Info: Synchronizing System Information for bpf_fme_mst
2024.08.28.01:45:50 Info: Synchronizing System Information for bpf_pmci_mst
2024.08.28.01:45:50 Info: Synchronizing System Information for bpf_pmci_lpbk_mst
2024.08.28.01:45:50 Info: save_system bpf
2024.08.28.01:45:50 Info: Info: All modules have been converted to Generic Components.
PASS: STAGE bpf.tcl to bpf.qsys generation
***************************************************************
Quartus is a registered trademark of Intel Corporation in the
US and other countries.  Portions of the Quartus Prime software
code, and other portions of the code included in this download
or on this DVD, are licensed to Intel Corporation and are the
copyrighted property of third parties. For license details,
refer to the End User License Agreement at
http://fpgasoftware.intel.com/eula.
***************************************************************

2024.08.28.01:45:56 Info: Parallel IP Generation is enabled. 
2024.08.28.01:45:56 Info: Platform Designer will attempt to use 6 processors for parallel IP generation based on available number of processors and the total number of IP to be generated.
2024.08.28.01:45:56 Info: 
2024.08.28.01:45:56 Info: Starting: Platform Designer system generation
2024.08.28.01:46:03 Info: 
2024.08.28.01:46:03 Info: Generating on localhost:45075
2024.08.28.01:46:03 Info: Saving generation log to /home/jcheung2/ofs24/ofs-agx7-pcie-attach/src/pd_qsys/fabric/ip/apf/apf_reset_bridge/apf_reset_bridge_generation.rpt
2024.08.28.01:46:03 Info: Generated by version: 23.4 build 79
2024.08.28.01:46:03 Info: Starting: Create simulation model
2024.08.28.01:46:03 Info: qsys-generate /home/jcheung2/ofs24/ofs-agx7-pcie-attach/src/pd_qsys/fabric/ip/apf/apf_reset_bridge.ip --simulation=VERILOG --allow-mixed-language-simulation --output-directory=/home/jcheung2/ofs24/ofs-agx7-pcie-attach/src/pd_qsys/fabric/ip/apf/apf_reset_bridge --family="Agilex 7" --part=AGFB014R24A2E2V
2024.08.28.01:46:03 Info: apf_reset_bridge: "Transforming system: apf_reset_bridge"
2024.08.28.01:46:03 Info: apf_reset_bridge: "Naming system components in system: apf_reset_bridge"
2024.08.28.01:46:03 Info: apf_reset_bridge: "Processing generation queue"
2024.08.28.01:46:03 Info: apf_reset_bridge: "Generating: apf_reset_bridge"
2024.08.28.01:46:03 Info: apf_reset_bridge: Done "apf_reset_bridge" with 1 modules, 1 files
2024.08.28.01:46:03 Info: Generating the following file(s) for RIVIERA simulator in /home/jcheung2/ofs24/ofs-agx7-pcie-attach/src/pd_qsys/fabric/ip/apf/apf_reset_bridge/sim/ directory:
2024.08.28.01:46:03 Info: common/riviera_files.tcl
2024.08.28.01:46:03 Info: Generating the following file(s) for XCELIUM simulator in /home/jcheung2/ofs24/ofs-agx7-pcie-attach/src/pd_qsys/fabric/ip/apf/apf_reset_bridge/sim/ directory:
2024.08.28.01:46:03 Info: common/xcelium_files.tcl
2024.08.28.01:46:03 Info: Generating the following file(s) for VCSMX simulator in /home/jcheung2/ofs24/ofs-agx7-pcie-attach/src/pd_qsys/fabric/ip/apf/apf_reset_bridge/sim/ directory:
2024.08.28.01:46:03 Info: common/vcsmx_files.tcl
2024.08.28.01:46:03 Info: Generating the following file(s) for VCS simulator in /home/jcheung2/ofs24/ofs-agx7-pcie-attach/src/pd_qsys/fabric/ip/apf/apf_reset_bridge/sim/ directory:
2024.08.28.01:46:03 Info: common/vcs_files.tcl
2024.08.28.01:46:03 Info: Generating the following file(s) for MODELSIM simulator in /home/jcheung2/ofs24/ofs-agx7-pcie-attach/src/pd_qsys/fabric/ip/apf/apf_reset_bridge/sim/ directory:
2024.08.28.01:46:03 Info: common/modelsim_files.tcl
2024.08.28.01:46:03 Info: For information on how to simulate your IP, see the explanatory comments in the simulator-specific subdirectories under /home/jcheung2/ofs24/ofs-agx7-pcie-attach/src/pd_qsys/fabric/ip/apf/apf_reset_bridge/sim/.
2024.08.28.01:46:03 Info: Regenerate these scripts whenever you make any change to any Quartus-generated IP in your project.
2024.08.28.01:46:03 Info: Finished: Create simulation model
2024.08.28.01:46:03 Info: Starting: Create simulation script
2024.08.28.01:46:03 Info: sim-script-gen --system-file=/home/jcheung2/ofs24/ofs-agx7-pcie-attach/src/pd_qsys/fabric/ip/apf/apf_reset_bridge.ip --output-directory=/home/jcheung2/ofs24/ofs-agx7-pcie-attach/src/pd_qsys/fabric/ip/apf/apf_reset_bridge/sim/ --use-relative-paths=true
2024.08.28.01:46:03 Info: Generating the following file(s) for RIVIERA simulator in /home/jcheung2/ofs24/ofs-agx7-pcie-attach/src/pd_qsys/fabric/ip/apf/apf_reset_bridge/sim/ directory:
2024.08.28.01:46:03 Info: aldec/rivierapro_setup.tcl
2024.08.28.01:46:03 Info: Generating the following file(s) for XCELIUM simulator in /home/jcheung2/ofs24/ofs-agx7-pcie-attach/src/pd_qsys/fabric/ip/apf/apf_reset_bridge/sim/ directory:
2024.08.28.01:46:03 Info: xcelium/cds.lib
2024.08.28.01:46:03 Info: xcelium/hdl.var
2024.08.28.01:46:03 Info: xcelium/xcelium_setup.sh
2024.08.28.01:46:03 Info: 1 .cds.lib files in xcelium/cds_libs/ directory
2024.08.28.01:46:03 Info: Generating the following file(s) for VCSMX simulator in /home/jcheung2/ofs24/ofs-agx7-pcie-attach/src/pd_qsys/fabric/ip/apf/apf_reset_bridge/sim/ directory:
2024.08.28.01:46:03 Info: synopsys/vcsmx/synopsys_sim.setup
2024.08.28.01:46:03 Info: synopsys/vcsmx/vcsmx_setup.sh
2024.08.28.01:46:03 Info: Generating the following file(s) for VCS simulator in /home/jcheung2/ofs24/ofs-agx7-pcie-attach/src/pd_qsys/fabric/ip/apf/apf_reset_bridge/sim/ directory:
2024.08.28.01:46:03 Info: synopsys/vcs/vcs_setup.sh
2024.08.28.01:46:03 Info: Generating the following file(s) for MODELSIM simulator in /home/jcheung2/ofs24/ofs-agx7-pcie-attach/src/pd_qsys/fabric/ip/apf/apf_reset_bridge/sim/ directory:
2024.08.28.01:46:03 Info: mentor/msim_setup.tcl
2024.08.28.01:46:03 Info: For information on how to simulate your IP, see the explanatory comments in the simulator-specific subdirectories under /home/jcheung2/ofs24/ofs-agx7-pcie-attach/src/pd_qsys/fabric/ip/apf/apf_reset_bridge/sim/.
2024.08.28.01:46:03 Info: Regenerate these scripts whenever you make any change to any Quartus-generated IP in your project.
2024.08.28.01:46:03 Info: Finished: Create simulation script
2024.08.28.01:46:03 Info: 
2024.08.28.01:46:03 Info: Starting: Create HDL design files for synthesis
2024.08.28.01:46:03 Info: qsys-generate /home/jcheung2/ofs24/ofs-agx7-pcie-attach/src/pd_qsys/fabric/ip/apf/apf_reset_bridge.ip --synthesis=VERILOG --output-directory=/home/jcheung2/ofs24/ofs-agx7-pcie-attach/src/pd_qsys/fabric/ip/apf/apf_reset_bridge --family="Agilex 7" --part=AGFB014R24A2E2V
2024.08.28.01:46:03 Info: apf_reset_bridge: "Transforming system: apf_reset_bridge"
2024.08.28.01:46:03 Info: apf_reset_bridge: "Naming system components in system: apf_reset_bridge"
2024.08.28.01:46:03 Info: apf_reset_bridge: "Processing generation queue"
2024.08.28.01:46:03 Info: apf_reset_bridge: "Generating: apf_reset_bridge"
2024.08.28.01:46:03 Info: apf_reset_bridge: Done "apf_reset_bridge" with 1 modules, 1 files
2024.08.28.01:46:03 Info: Finished: Create HDL design files for synthesis
2024.08.28.01:46:03 Info: Generation of /home/jcheung2/ofs24/ofs-agx7-pcie-attach/src/pd_qsys/fabric/ip/apf/apf_reset_bridge.ip (apf_reset_bridge) took 1123 ms
2024.08.28.01:46:03 Info: 
2024.08.28.01:46:03 Info: Generating on localhost:40263
2024.08.28.01:46:03 Info: Saving generation log to /home/jcheung2/ofs24/ofs-agx7-pcie-attach/src/pd_qsys/fabric/ip/apf/apf_default_slv/apf_default_slv_generation.rpt
2024.08.28.01:46:03 Info: Generated by version: 23.4 build 79
2024.08.28.01:46:03 Info: Starting: Create simulation model
2024.08.28.01:46:03 Info: qsys-generate /home/jcheung2/ofs24/ofs-agx7-pcie-attach/src/pd_qsys/fabric/ip/apf/apf_default_slv.ip --simulation=VERILOG --allow-mixed-language-simulation --output-directory=/home/jcheung2/ofs24/ofs-agx7-pcie-attach/src/pd_qsys/fabric/ip/apf/apf_default_slv --family="Agilex 7" --part=AGFB014R24A2E2V
2024.08.28.01:46:03 Info: apf_default_slv: "Transforming system: apf_default_slv"
2024.08.28.01:46:03 Info: apf_default_slv: "Naming system components in system: apf_default_slv"
2024.08.28.01:46:03 Info: apf_default_slv: "Processing generation queue"
2024.08.28.01:46:03 Info: apf_default_slv: "Generating: apf_default_slv"
2024.08.28.01:46:03 Info: apf_default_slv: "Generating: axi4lite_rsp"
2024.08.28.01:46:03 Info: apf_default_slv: Done "apf_default_slv" with 2 modules, 2 files
2024.08.28.01:46:03 Info: Generating the following file(s) for RIVIERA simulator in /home/jcheung2/ofs24/ofs-agx7-pcie-attach/src/pd_qsys/fabric/ip/apf/apf_default_slv/sim/ directory:
2024.08.28.01:46:03 Info: common/riviera_files.tcl
2024.08.28.01:46:03 Info: Generating the following file(s) for XCELIUM simulator in /home/jcheung2/ofs24/ofs-agx7-pcie-attach/src/pd_qsys/fabric/ip/apf/apf_default_slv/sim/ directory:
2024.08.28.01:46:03 Info: common/xcelium_files.tcl
2024.08.28.01:46:03 Info: Generating the following file(s) for MODELSIM simulator in /home/jcheung2/ofs24/ofs-agx7-pcie-attach/src/pd_qsys/fabric/ip/apf/apf_default_slv/sim/ directory:
2024.08.28.01:46:03 Info: common/modelsim_files.tcl
2024.08.28.01:46:03 Info: Generating the following file(s) for VCS simulator in /home/jcheung2/ofs24/ofs-agx7-pcie-attach/src/pd_qsys/fabric/ip/apf/apf_default_slv/sim/ directory:
2024.08.28.01:46:03 Info: common/vcs_files.tcl
2024.08.28.01:46:03 Info: Generating the following file(s) for VCSMX simulator in /home/jcheung2/ofs24/ofs-agx7-pcie-attach/src/pd_qsys/fabric/ip/apf/apf_default_slv/sim/ directory:
2024.08.28.01:46:03 Info: common/vcsmx_files.tcl
2024.08.28.01:46:03 Info: For information on how to simulate your IP, see the explanatory comments in the simulator-specific subdirectories under /home/jcheung2/ofs24/ofs-agx7-pcie-attach/src/pd_qsys/fabric/ip/apf/apf_default_slv/sim/.
2024.08.28.01:46:03 Info: Regenerate these scripts whenever you make any change to any Quartus-generated IP in your project.
2024.08.28.01:46:03 Info: Finished: Create simulation model
2024.08.28.01:46:03 Info: Starting: Create simulation script
2024.08.28.01:46:03 Info: sim-script-gen --system-file=/home/jcheung2/ofs24/ofs-agx7-pcie-attach/src/pd_qsys/fabric/ip/apf/apf_default_slv.ip --output-directory=/home/jcheung2/ofs24/ofs-agx7-pcie-attach/src/pd_qsys/fabric/ip/apf/apf_default_slv/sim/ --use-relative-paths=true
2024.08.28.01:46:03 Info: Generating the following file(s) for RIVIERA simulator in /home/jcheung2/ofs24/ofs-agx7-pcie-attach/src/pd_qsys/fabric/ip/apf/apf_default_slv/sim/ directory:
2024.08.28.01:46:03 Info: aldec/rivierapro_setup.tcl
2024.08.28.01:46:03 Info: Generating the following file(s) for XCELIUM simulator in /home/jcheung2/ofs24/ofs-agx7-pcie-attach/src/pd_qsys/fabric/ip/apf/apf_default_slv/sim/ directory:
2024.08.28.01:46:03 Info: xcelium/cds.lib
2024.08.28.01:46:03 Info: xcelium/hdl.var
2024.08.28.01:46:03 Info: xcelium/xcelium_setup.sh
2024.08.28.01:46:03 Info: 2 .cds.lib files in xcelium/cds_libs/ directory
2024.08.28.01:46:03 Info: Generating the following file(s) for MODELSIM simulator in /home/jcheung2/ofs24/ofs-agx7-pcie-attach/src/pd_qsys/fabric/ip/apf/apf_default_slv/sim/ directory:
2024.08.28.01:46:03 Info: mentor/msim_setup.tcl
2024.08.28.01:46:03 Info: Generating the following file(s) for VCS simulator in /home/jcheung2/ofs24/ofs-agx7-pcie-attach/src/pd_qsys/fabric/ip/apf/apf_default_slv/sim/ directory:
2024.08.28.01:46:03 Info: synopsys/vcs/vcs_setup.sh
2024.08.28.01:46:03 Info: Generating the following file(s) for VCSMX simulator in /home/jcheung2/ofs24/ofs-agx7-pcie-attach/src/pd_qsys/fabric/ip/apf/apf_default_slv/sim/ directory:
2024.08.28.01:46:03 Info: synopsys/vcsmx/synopsys_sim.setup
2024.08.28.01:46:03 Info: synopsys/vcsmx/vcsmx_setup.sh
2024.08.28.01:46:03 Info: For information on how to simulate your IP, see the explanatory comments in the simulator-specific subdirectories under /home/jcheung2/ofs24/ofs-agx7-pcie-attach/src/pd_qsys/fabric/ip/apf/apf_default_slv/sim/.
2024.08.28.01:46:03 Info: Regenerate these scripts whenever you make any change to any Quartus-generated IP in your project.
2024.08.28.01:46:03 Info: Finished: Create simulation script
2024.08.28.01:46:03 Info: 
2024.08.28.01:46:03 Info: Starting: Create HDL design files for synthesis
2024.08.28.01:46:03 Info: qsys-generate /home/jcheung2/ofs24/ofs-agx7-pcie-attach/src/pd_qsys/fabric/ip/apf/apf_default_slv.ip --synthesis=VERILOG --output-directory=/home/jcheung2/ofs24/ofs-agx7-pcie-attach/src/pd_qsys/fabric/ip/apf/apf_default_slv --family="Agilex 7" --part=AGFB014R24A2E2V
2024.08.28.01:46:03 Info: apf_default_slv: "Transforming system: apf_default_slv"
2024.08.28.01:46:03 Info: apf_default_slv: "Naming system components in system: apf_default_slv"
2024.08.28.01:46:03 Info: apf_default_slv: "Processing generation queue"
2024.08.28.01:46:03 Info: apf_default_slv: "Generating: apf_default_slv"
2024.08.28.01:46:03 Info: apf_default_slv: "Generating: axi4lite_rsp"
2024.08.28.01:46:03 Info: apf_default_slv: Done "apf_default_slv" with 2 modules, 2 files
2024.08.28.01:46:03 Info: Finished: Create HDL design files for synthesis
2024.08.28.01:46:03 Info: Generation of /home/jcheung2/ofs24/ofs-agx7-pcie-attach/src/pd_qsys/fabric/ip/apf/apf_default_slv.ip (apf_default_slv) took 1436 ms
2024.08.28.01:46:03 Info: 
2024.08.28.01:46:03 Info: Generating on localhost:44139
2024.08.28.01:46:03 Info: Saving generation log to /home/jcheung2/ofs24/ofs-agx7-pcie-attach/src/pd_qsys/fabric/ip/apf/apf_uart_mst/apf_uart_mst_generation.rpt
2024.08.28.01:46:03 Info: Generated by version: 23.4 build 79
2024.08.28.01:46:03 Info: Starting: Create simulation model
2024.08.28.01:46:03 Info: qsys-generate /home/jcheung2/ofs24/ofs-agx7-pcie-attach/src/pd_qsys/fabric/ip/apf/apf_uart_mst.ip --simulation=VERILOG --allow-mixed-language-simulation --output-directory=/home/jcheung2/ofs24/ofs-agx7-pcie-attach/src/pd_qsys/fabric/ip/apf/apf_uart_mst --family="Agilex 7" --part=AGFB014R24A2E2V
2024.08.28.01:46:03 Info: apf_uart_mst: "Transforming system: apf_uart_mst"
2024.08.28.01:46:03 Info: apf_uart_mst: "Naming system components in system: apf_uart_mst"
2024.08.28.01:46:03 Info: apf_uart_mst: "Processing generation queue"
2024.08.28.01:46:03 Info: apf_uart_mst: "Generating: apf_uart_mst"
2024.08.28.01:46:03 Info: apf_uart_mst: "Generating: axi4lite_shim"
2024.08.28.01:46:03 Info: apf_uart_mst: Done "apf_uart_mst" with 2 modules, 2 files
2024.08.28.01:46:03 Info: Generating the following file(s) for XCELIUM simulator in /home/jcheung2/ofs24/ofs-agx7-pcie-attach/src/pd_qsys/fabric/ip/apf/apf_uart_mst/sim/ directory:
2024.08.28.01:46:03 Info: common/xcelium_files.tcl
2024.08.28.01:46:03 Info: Generating the following file(s) for VCS simulator in /home/jcheung2/ofs24/ofs-agx7-pcie-attach/src/pd_qsys/fabric/ip/apf/apf_uart_mst/sim/ directory:
2024.08.28.01:46:03 Info: common/vcs_files.tcl
2024.08.28.01:46:03 Info: Generating the following file(s) for VCSMX simulator in /home/jcheung2/ofs24/ofs-agx7-pcie-attach/src/pd_qsys/fabric/ip/apf/apf_uart_mst/sim/ directory:
2024.08.28.01:46:03 Info: common/vcsmx_files.tcl
2024.08.28.01:46:03 Info: Generating the following file(s) for RIVIERA simulator in /home/jcheung2/ofs24/ofs-agx7-pcie-attach/src/pd_qsys/fabric/ip/apf/apf_uart_mst/sim/ directory:
2024.08.28.01:46:03 Info: common/riviera_files.tcl
2024.08.28.01:46:03 Info: Generating the following file(s) for MODELSIM simulator in /home/jcheung2/ofs24/ofs-agx7-pcie-attach/src/pd_qsys/fabric/ip/apf/apf_uart_mst/sim/ directory:
2024.08.28.01:46:03 Info: common/modelsim_files.tcl
2024.08.28.01:46:03 Info: For information on how to simulate your IP, see the explanatory comments in the simulator-specific subdirectories under /home/jcheung2/ofs24/ofs-agx7-pcie-attach/src/pd_qsys/fabric/ip/apf/apf_uart_mst/sim/.
2024.08.28.01:46:03 Info: Regenerate these scripts whenever you make any change to any Quartus-generated IP in your project.
2024.08.28.01:46:03 Info: Finished: Create simulation model
2024.08.28.01:46:03 Info: Starting: Create simulation script
2024.08.28.01:46:03 Info: sim-script-gen --system-file=/home/jcheung2/ofs24/ofs-agx7-pcie-attach/src/pd_qsys/fabric/ip/apf/apf_uart_mst.ip --output-directory=/home/jcheung2/ofs24/ofs-agx7-pcie-attach/src/pd_qsys/fabric/ip/apf/apf_uart_mst/sim/ --use-relative-paths=true
2024.08.28.01:46:03 Info: Generating the following file(s) for XCELIUM simulator in /home/jcheung2/ofs24/ofs-agx7-pcie-attach/src/pd_qsys/fabric/ip/apf/apf_uart_mst/sim/ directory:
2024.08.28.01:46:03 Info: xcelium/cds.lib
2024.08.28.01:46:03 Info: xcelium/hdl.var
2024.08.28.01:46:03 Info: xcelium/xcelium_setup.sh
2024.08.28.01:46:03 Info: 2 .cds.lib files in xcelium/cds_libs/ directory
2024.08.28.01:46:03 Info: Generating the following file(s) for VCS simulator in /home/jcheung2/ofs24/ofs-agx7-pcie-attach/src/pd_qsys/fabric/ip/apf/apf_uart_mst/sim/ directory:
2024.08.28.01:46:03 Info: synopsys/vcs/vcs_setup.sh
2024.08.28.01:46:03 Info: Generating the following file(s) for VCSMX simulator in /home/jcheung2/ofs24/ofs-agx7-pcie-attach/src/pd_qsys/fabric/ip/apf/apf_uart_mst/sim/ directory:
2024.08.28.01:46:03 Info: synopsys/vcsmx/synopsys_sim.setup
2024.08.28.01:46:03 Info: synopsys/vcsmx/vcsmx_setup.sh
2024.08.28.01:46:03 Info: Generating the following file(s) for RIVIERA simulator in /home/jcheung2/ofs24/ofs-agx7-pcie-attach/src/pd_qsys/fabric/ip/apf/apf_uart_mst/sim/ directory:
2024.08.28.01:46:03 Info: aldec/rivierapro_setup.tcl
2024.08.28.01:46:03 Info: Generating the following file(s) for MODELSIM simulator in /home/jcheung2/ofs24/ofs-agx7-pcie-attach/src/pd_qsys/fabric/ip/apf/apf_uart_mst/sim/ directory:
2024.08.28.01:46:03 Info: mentor/msim_setup.tcl
2024.08.28.01:46:03 Info: For information on how to simulate your IP, see the explanatory comments in the simulator-specific subdirectories under /home/jcheung2/ofs24/ofs-agx7-pcie-attach/src/pd_qsys/fabric/ip/apf/apf_uart_mst/sim/.
2024.08.28.01:46:03 Info: Regenerate these scripts whenever you make any change to any Quartus-generated IP in your project.
2024.08.28.01:46:03 Info: Finished: Create simulation script
2024.08.28.01:46:03 Info: 
2024.08.28.01:46:03 Info: Starting: Create HDL design files for synthesis
2024.08.28.01:46:03 Info: qsys-generate /home/jcheung2/ofs24/ofs-agx7-pcie-attach/src/pd_qsys/fabric/ip/apf/apf_uart_mst.ip --synthesis=VERILOG --output-directory=/home/jcheung2/ofs24/ofs-agx7-pcie-attach/src/pd_qsys/fabric/ip/apf/apf_uart_mst --family="Agilex 7" --part=AGFB014R24A2E2V
2024.08.28.01:46:03 Info: apf_uart_mst: "Transforming system: apf_uart_mst"
2024.08.28.01:46:03 Info: apf_uart_mst: "Naming system components in system: apf_uart_mst"
2024.08.28.01:46:03 Info: apf_uart_mst: "Processing generation queue"
2024.08.28.01:46:03 Info: apf_uart_mst: "Generating: apf_uart_mst"
2024.08.28.01:46:03 Info: apf_uart_mst: "Generating: axi4lite_shim"
2024.08.28.01:46:03 Info: apf_uart_mst: Done "apf_uart_mst" with 2 modules, 2 files
2024.08.28.01:46:03 Info: Finished: Create HDL design files for synthesis
2024.08.28.01:46:03 Info: Generation of /home/jcheung2/ofs24/ofs-agx7-pcie-attach/src/pd_qsys/fabric/ip/apf/apf_uart_mst.ip (apf_uart_mst) took 1478 ms
2024.08.28.01:46:03 Info: 
2024.08.28.01:46:03 Info: Generating on localhost:42923
2024.08.28.01:46:03 Info: Saving generation log to /home/jcheung2/ofs24/ofs-agx7-pcie-attach/src/pd_qsys/fabric/ip/apf/apf_bpf_slv/apf_bpf_slv_generation.rpt
2024.08.28.01:46:03 Info: Generated by version: 23.4 build 79
2024.08.28.01:46:03 Info: Starting: Create simulation model
2024.08.28.01:46:03 Info: qsys-generate /home/jcheung2/ofs24/ofs-agx7-pcie-attach/src/pd_qsys/fabric/ip/apf/apf_bpf_slv.ip --simulation=VERILOG --allow-mixed-language-simulation --output-directory=/home/jcheung2/ofs24/ofs-agx7-pcie-attach/src/pd_qsys/fabric/ip/apf/apf_bpf_slv --family="Agilex 7" --part=AGFB014R24A2E2V
2024.08.28.01:46:03 Info: apf_bpf_slv: "Transforming system: apf_bpf_slv"
2024.08.28.01:46:03 Info: apf_bpf_slv: "Naming system components in system: apf_bpf_slv"
2024.08.28.01:46:03 Info: apf_bpf_slv: "Processing generation queue"
2024.08.28.01:46:03 Info: apf_bpf_slv: "Generating: apf_bpf_slv"
2024.08.28.01:46:03 Info: apf_bpf_slv: "Generating: axi4lite_shim"
2024.08.28.01:46:03 Info: apf_bpf_slv: Done "apf_bpf_slv" with 2 modules, 2 files
2024.08.28.01:46:03 Info: Generating the following file(s) for MODELSIM simulator in /home/jcheung2/ofs24/ofs-agx7-pcie-attach/src/pd_qsys/fabric/ip/apf/apf_bpf_slv/sim/ directory:
2024.08.28.01:46:03 Info: common/modelsim_files.tcl
2024.08.28.01:46:03 Info: Generating the following file(s) for VCSMX simulator in /home/jcheung2/ofs24/ofs-agx7-pcie-attach/src/pd_qsys/fabric/ip/apf/apf_bpf_slv/sim/ directory:
2024.08.28.01:46:03 Info: common/vcsmx_files.tcl
2024.08.28.01:46:03 Info: Generating the following file(s) for RIVIERA simulator in /home/jcheung2/ofs24/ofs-agx7-pcie-attach/src/pd_qsys/fabric/ip/apf/apf_bpf_slv/sim/ directory:
2024.08.28.01:46:03 Info: common/riviera_files.tcl
2024.08.28.01:46:03 Info: Generating the following file(s) for XCELIUM simulator in /home/jcheung2/ofs24/ofs-agx7-pcie-attach/src/pd_qsys/fabric/ip/apf/apf_bpf_slv/sim/ directory:
2024.08.28.01:46:03 Info: common/xcelium_files.tcl
2024.08.28.01:46:03 Info: Generating the following file(s) for VCS simulator in /home/jcheung2/ofs24/ofs-agx7-pcie-attach/src/pd_qsys/fabric/ip/apf/apf_bpf_slv/sim/ directory:
2024.08.28.01:46:03 Info: common/vcs_files.tcl
2024.08.28.01:46:03 Info: For information on how to simulate your IP, see the explanatory comments in the simulator-specific subdirectories under /home/jcheung2/ofs24/ofs-agx7-pcie-attach/src/pd_qsys/fabric/ip/apf/apf_bpf_slv/sim/.
2024.08.28.01:46:03 Info: Regenerate these scripts whenever you make any change to any Quartus-generated IP in your project.
2024.08.28.01:46:03 Info: Finished: Create simulation model
2024.08.28.01:46:03 Info: Starting: Create simulation script
2024.08.28.01:46:03 Info: sim-script-gen --system-file=/home/jcheung2/ofs24/ofs-agx7-pcie-attach/src/pd_qsys/fabric/ip/apf/apf_bpf_slv.ip --output-directory=/home/jcheung2/ofs24/ofs-agx7-pcie-attach/src/pd_qsys/fabric/ip/apf/apf_bpf_slv/sim/ --use-relative-paths=true
2024.08.28.01:46:03 Info: Generating the following file(s) for MODELSIM simulator in /home/jcheung2/ofs24/ofs-agx7-pcie-attach/src/pd_qsys/fabric/ip/apf/apf_bpf_slv/sim/ directory:
2024.08.28.01:46:03 Info: mentor/msim_setup.tcl
2024.08.28.01:46:03 Info: Generating the following file(s) for VCSMX simulator in /home/jcheung2/ofs24/ofs-agx7-pcie-attach/src/pd_qsys/fabric/ip/apf/apf_bpf_slv/sim/ directory:
2024.08.28.01:46:03 Info: synopsys/vcsmx/synopsys_sim.setup
2024.08.28.01:46:03 Info: synopsys/vcsmx/vcsmx_setup.sh
2024.08.28.01:46:03 Info: Generating the following file(s) for RIVIERA simulator in /home/jcheung2/ofs24/ofs-agx7-pcie-attach/src/pd_qsys/fabric/ip/apf/apf_bpf_slv/sim/ directory:
2024.08.28.01:46:03 Info: aldec/rivierapro_setup.tcl
2024.08.28.01:46:03 Info: Generating the following file(s) for XCELIUM simulator in /home/jcheung2/ofs24/ofs-agx7-pcie-attach/src/pd_qsys/fabric/ip/apf/apf_bpf_slv/sim/ directory:
2024.08.28.01:46:03 Info: xcelium/cds.lib
2024.08.28.01:46:03 Info: xcelium/hdl.var
2024.08.28.01:46:03 Info: xcelium/xcelium_setup.sh
2024.08.28.01:46:03 Info: 2 .cds.lib files in xcelium/cds_libs/ directory
2024.08.28.01:46:03 Info: Generating the following file(s) for VCS simulator in /home/jcheung2/ofs24/ofs-agx7-pcie-attach/src/pd_qsys/fabric/ip/apf/apf_bpf_slv/sim/ directory:
2024.08.28.01:46:03 Info: synopsys/vcs/vcs_setup.sh
2024.08.28.01:46:03 Info: For information on how to simulate your IP, see the explanatory comments in the simulator-specific subdirectories under /home/jcheung2/ofs24/ofs-agx7-pcie-attach/src/pd_qsys/fabric/ip/apf/apf_bpf_slv/sim/.
2024.08.28.01:46:03 Info: Regenerate these scripts whenever you make any change to any Quartus-generated IP in your project.
2024.08.28.01:46:03 Info: Finished: Create simulation script
2024.08.28.01:46:03 Info: 
2024.08.28.01:46:03 Info: Starting: Create HDL design files for synthesis
2024.08.28.01:46:03 Info: qsys-generate /home/jcheung2/ofs24/ofs-agx7-pcie-attach/src/pd_qsys/fabric/ip/apf/apf_bpf_slv.ip --synthesis=VERILOG --output-directory=/home/jcheung2/ofs24/ofs-agx7-pcie-attach/src/pd_qsys/fabric/ip/apf/apf_bpf_slv --family="Agilex 7" --part=AGFB014R24A2E2V
2024.08.28.01:46:03 Info: apf_bpf_slv: "Transforming system: apf_bpf_slv"
2024.08.28.01:46:03 Info: apf_bpf_slv: "Naming system components in system: apf_bpf_slv"
2024.08.28.01:46:03 Info: apf_bpf_slv: "Processing generation queue"
2024.08.28.01:46:03 Info: apf_bpf_slv: "Generating: apf_bpf_slv"
2024.08.28.01:46:03 Info: apf_bpf_slv: "Generating: axi4lite_shim"
2024.08.28.01:46:03 Info: apf_bpf_slv: Done "apf_bpf_slv" with 2 modules, 2 files
2024.08.28.01:46:03 Info: Finished: Create HDL design files for synthesis
2024.08.28.01:46:03 Info: Generation of /home/jcheung2/ofs24/ofs-agx7-pcie-attach/src/pd_qsys/fabric/ip/apf/apf_bpf_slv.ip (apf_bpf_slv) took 1248 ms
2024.08.28.01:46:03 Info: 
2024.08.28.01:46:03 Info: Generating on localhost:39883
2024.08.28.01:46:03 Info: Saving generation log to /home/jcheung2/ofs24/ofs-agx7-pcie-attach/src/pd_qsys/fabric/ip/apf/apf_st2mm_mst/apf_st2mm_mst_generation.rpt
2024.08.28.01:46:03 Info: Generated by version: 23.4 build 79
2024.08.28.01:46:03 Info: Starting: Create simulation model
2024.08.28.01:46:03 Info: qsys-generate /home/jcheung2/ofs24/ofs-agx7-pcie-attach/src/pd_qsys/fabric/ip/apf/apf_st2mm_mst.ip --simulation=VERILOG --allow-mixed-language-simulation --output-directory=/home/jcheung2/ofs24/ofs-agx7-pcie-attach/src/pd_qsys/fabric/ip/apf/apf_st2mm_mst --family="Agilex 7" --part=AGFB014R24A2E2V
2024.08.28.01:46:03 Info: apf_st2mm_mst: "Transforming system: apf_st2mm_mst"
2024.08.28.01:46:03 Info: apf_st2mm_mst: "Naming system components in system: apf_st2mm_mst"
2024.08.28.01:46:03 Info: apf_st2mm_mst: "Processing generation queue"
2024.08.28.01:46:03 Info: apf_st2mm_mst: "Generating: apf_st2mm_mst"
2024.08.28.01:46:03 Info: apf_st2mm_mst: "Generating: axi4lite_shim"
2024.08.28.01:46:03 Info: apf_st2mm_mst: Done "apf_st2mm_mst" with 2 modules, 2 files
2024.08.28.01:46:03 Info: Generating the following file(s) for MODELSIM simulator in /home/jcheung2/ofs24/ofs-agx7-pcie-attach/src/pd_qsys/fabric/ip/apf/apf_st2mm_mst/sim/ directory:
2024.08.28.01:46:03 Info: common/modelsim_files.tcl
2024.08.28.01:46:03 Info: Generating the following file(s) for VCSMX simulator in /home/jcheung2/ofs24/ofs-agx7-pcie-attach/src/pd_qsys/fabric/ip/apf/apf_st2mm_mst/sim/ directory:
2024.08.28.01:46:03 Info: common/vcsmx_files.tcl
2024.08.28.01:46:03 Info: Generating the following file(s) for RIVIERA simulator in /home/jcheung2/ofs24/ofs-agx7-pcie-attach/src/pd_qsys/fabric/ip/apf/apf_st2mm_mst/sim/ directory:
2024.08.28.01:46:03 Info: common/riviera_files.tcl
2024.08.28.01:46:03 Info: Generating the following file(s) for XCELIUM simulator in /home/jcheung2/ofs24/ofs-agx7-pcie-attach/src/pd_qsys/fabric/ip/apf/apf_st2mm_mst/sim/ directory:
2024.08.28.01:46:03 Info: common/xcelium_files.tcl
2024.08.28.01:46:03 Info: Generating the following file(s) for VCS simulator in /home/jcheung2/ofs24/ofs-agx7-pcie-attach/src/pd_qsys/fabric/ip/apf/apf_st2mm_mst/sim/ directory:
2024.08.28.01:46:03 Info: common/vcs_files.tcl
2024.08.28.01:46:03 Info: For information on how to simulate your IP, see the explanatory comments in the simulator-specific subdirectories under /home/jcheung2/ofs24/ofs-agx7-pcie-attach/src/pd_qsys/fabric/ip/apf/apf_st2mm_mst/sim/.
2024.08.28.01:46:03 Info: Regenerate these scripts whenever you make any change to any Quartus-generated IP in your project.
2024.08.28.01:46:03 Info: Finished: Create simulation model
2024.08.28.01:46:03 Info: Starting: Create simulation script
2024.08.28.01:46:03 Info: sim-script-gen --system-file=/home/jcheung2/ofs24/ofs-agx7-pcie-attach/src/pd_qsys/fabric/ip/apf/apf_st2mm_mst.ip --output-directory=/home/jcheung2/ofs24/ofs-agx7-pcie-attach/src/pd_qsys/fabric/ip/apf/apf_st2mm_mst/sim/ --use-relative-paths=true
2024.08.28.01:46:03 Info: Generating the following file(s) for MODELSIM simulator in /home/jcheung2/ofs24/ofs-agx7-pcie-attach/src/pd_qsys/fabric/ip/apf/apf_st2mm_mst/sim/ directory:
2024.08.28.01:46:03 Info: mentor/msim_setup.tcl
2024.08.28.01:46:03 Info: Generating the following file(s) for VCSMX simulator in /home/jcheung2/ofs24/ofs-agx7-pcie-attach/src/pd_qsys/fabric/ip/apf/apf_st2mm_mst/sim/ directory:
2024.08.28.01:46:03 Info: synopsys/vcsmx/synopsys_sim.setup
2024.08.28.01:46:03 Info: synopsys/vcsmx/vcsmx_setup.sh
2024.08.28.01:46:03 Info: Generating the following file(s) for RIVIERA simulator in /home/jcheung2/ofs24/ofs-agx7-pcie-attach/src/pd_qsys/fabric/ip/apf/apf_st2mm_mst/sim/ directory:
2024.08.28.01:46:03 Info: aldec/rivierapro_setup.tcl
2024.08.28.01:46:03 Info: Generating the following file(s) for XCELIUM simulator in /home/jcheung2/ofs24/ofs-agx7-pcie-attach/src/pd_qsys/fabric/ip/apf/apf_st2mm_mst/sim/ directory:
2024.08.28.01:46:03 Info: xcelium/cds.lib
2024.08.28.01:46:03 Info: xcelium/hdl.var
2024.08.28.01:46:03 Info: xcelium/xcelium_setup.sh
2024.08.28.01:46:03 Info: 2 .cds.lib files in xcelium/cds_libs/ directory
2024.08.28.01:46:03 Info: Generating the following file(s) for VCS simulator in /home/jcheung2/ofs24/ofs-agx7-pcie-attach/src/pd_qsys/fabric/ip/apf/apf_st2mm_mst/sim/ directory:
2024.08.28.01:46:03 Info: synopsys/vcs/vcs_setup.sh
2024.08.28.01:46:03 Info: For information on how to simulate your IP, see the explanatory comments in the simulator-specific subdirectories under /home/jcheung2/ofs24/ofs-agx7-pcie-attach/src/pd_qsys/fabric/ip/apf/apf_st2mm_mst/sim/.
2024.08.28.01:46:03 Info: Regenerate these scripts whenever you make any change to any Quartus-generated IP in your project.
2024.08.28.01:46:03 Info: Finished: Create simulation script
2024.08.28.01:46:03 Info: 
2024.08.28.01:46:03 Info: Starting: Create HDL design files for synthesis
2024.08.28.01:46:03 Info: qsys-generate /home/jcheung2/ofs24/ofs-agx7-pcie-attach/src/pd_qsys/fabric/ip/apf/apf_st2mm_mst.ip --synthesis=VERILOG --output-directory=/home/jcheung2/ofs24/ofs-agx7-pcie-attach/src/pd_qsys/fabric/ip/apf/apf_st2mm_mst --family="Agilex 7" --part=AGFB014R24A2E2V
2024.08.28.01:46:03 Info: apf_st2mm_mst: "Transforming system: apf_st2mm_mst"
2024.08.28.01:46:03 Info: apf_st2mm_mst: "Naming system components in system: apf_st2mm_mst"
2024.08.28.01:46:03 Info: apf_st2mm_mst: "Processing generation queue"
2024.08.28.01:46:03 Info: apf_st2mm_mst: "Generating: apf_st2mm_mst"
2024.08.28.01:46:03 Info: apf_st2mm_mst: "Generating: axi4lite_shim"
2024.08.28.01:46:03 Info: apf_st2mm_mst: Done "apf_st2mm_mst" with 2 modules, 2 files
2024.08.28.01:46:03 Info: Finished: Create HDL design files for synthesis
2024.08.28.01:46:03 Info: Generation of /home/jcheung2/ofs24/ofs-agx7-pcie-attach/src/pd_qsys/fabric/ip/apf/apf_st2mm_mst.ip (apf_st2mm_mst) took 1113 ms
2024.08.28.01:46:04 Info: 
2024.08.28.01:46:04 Info: Generating on localhost:45075
2024.08.28.01:46:04 Info: Saving generation log to /home/jcheung2/ofs24/ofs-agx7-pcie-attach/src/pd_qsys/fabric/ip/apf/apf_clock_bridge/apf_clock_bridge_generation.rpt
2024.08.28.01:46:04 Info: Generated by version: 23.4 build 79
2024.08.28.01:46:04 Info: Starting: Create simulation model
2024.08.28.01:46:04 Info: qsys-generate /home/jcheung2/ofs24/ofs-agx7-pcie-attach/src/pd_qsys/fabric/ip/apf/apf_clock_bridge.ip --simulation=VERILOG --allow-mixed-language-simulation --output-directory=/home/jcheung2/ofs24/ofs-agx7-pcie-attach/src/pd_qsys/fabric/ip/apf/apf_clock_bridge --family="Agilex 7" --part=AGFB014R24A2E2V
2024.08.28.01:46:04 Info: apf_clock_bridge: "Transforming system: apf_clock_bridge"
2024.08.28.01:46:04 Info: apf_clock_bridge: "Naming system components in system: apf_clock_bridge"
2024.08.28.01:46:04 Info: apf_clock_bridge: "Processing generation queue"
2024.08.28.01:46:04 Info: apf_clock_bridge: "Generating: apf_clock_bridge"
2024.08.28.01:46:04 Info: apf_clock_bridge: Done "apf_clock_bridge" with 1 modules, 1 files
2024.08.28.01:46:04 Info: Generating the following file(s) for RIVIERA simulator in /home/jcheung2/ofs24/ofs-agx7-pcie-attach/src/pd_qsys/fabric/ip/apf/apf_clock_bridge/sim/ directory:
2024.08.28.01:46:04 Info: common/riviera_files.tcl
2024.08.28.01:46:04 Info: Generating the following file(s) for XCELIUM simulator in /home/jcheung2/ofs24/ofs-agx7-pcie-attach/src/pd_qsys/fabric/ip/apf/apf_clock_bridge/sim/ directory:
2024.08.28.01:46:04 Info: common/xcelium_files.tcl
2024.08.28.01:46:04 Info: Generating the following file(s) for VCSMX simulator in /home/jcheung2/ofs24/ofs-agx7-pcie-attach/src/pd_qsys/fabric/ip/apf/apf_clock_bridge/sim/ directory:
2024.08.28.01:46:04 Info: common/vcsmx_files.tcl
2024.08.28.01:46:04 Info: Generating the following file(s) for VCS simulator in /home/jcheung2/ofs24/ofs-agx7-pcie-attach/src/pd_qsys/fabric/ip/apf/apf_clock_bridge/sim/ directory:
2024.08.28.01:46:04 Info: common/vcs_files.tcl
2024.08.28.01:46:04 Info: Generating the following file(s) for MODELSIM simulator in /home/jcheung2/ofs24/ofs-agx7-pcie-attach/src/pd_qsys/fabric/ip/apf/apf_clock_bridge/sim/ directory:
2024.08.28.01:46:04 Info: common/modelsim_files.tcl
2024.08.28.01:46:04 Info: For information on how to simulate your IP, see the explanatory comments in the simulator-specific subdirectories under /home/jcheung2/ofs24/ofs-agx7-pcie-attach/src/pd_qsys/fabric/ip/apf/apf_clock_bridge/sim/.
2024.08.28.01:46:04 Info: Regenerate these scripts whenever you make any change to any Quartus-generated IP in your project.
2024.08.28.01:46:04 Info: Finished: Create simulation model
2024.08.28.01:46:04 Info: Starting: Create simulation script
2024.08.28.01:46:04 Info: sim-script-gen --system-file=/home/jcheung2/ofs24/ofs-agx7-pcie-attach/src/pd_qsys/fabric/ip/apf/apf_clock_bridge.ip --output-directory=/home/jcheung2/ofs24/ofs-agx7-pcie-attach/src/pd_qsys/fabric/ip/apf/apf_clock_bridge/sim/ --use-relative-paths=true
2024.08.28.01:46:04 Info: Generating the following file(s) for RIVIERA simulator in /home/jcheung2/ofs24/ofs-agx7-pcie-attach/src/pd_qsys/fabric/ip/apf/apf_clock_bridge/sim/ directory:
2024.08.28.01:46:04 Info: aldec/rivierapro_setup.tcl
2024.08.28.01:46:04 Info: Generating the following file(s) for XCELIUM simulator in /home/jcheung2/ofs24/ofs-agx7-pcie-attach/src/pd_qsys/fabric/ip/apf/apf_clock_bridge/sim/ directory:
2024.08.28.01:46:04 Info: xcelium/cds.lib
2024.08.28.01:46:04 Info: xcelium/hdl.var
2024.08.28.01:46:04 Info: xcelium/xcelium_setup.sh
2024.08.28.01:46:04 Info: 1 .cds.lib files in xcelium/cds_libs/ directory
2024.08.28.01:46:04 Info: Generating the following file(s) for VCSMX simulator in /home/jcheung2/ofs24/ofs-agx7-pcie-attach/src/pd_qsys/fabric/ip/apf/apf_clock_bridge/sim/ directory:
2024.08.28.01:46:04 Info: synopsys/vcsmx/synopsys_sim.setup
2024.08.28.01:46:04 Info: synopsys/vcsmx/vcsmx_setup.sh
2024.08.28.01:46:04 Info: Generating the following file(s) for VCS simulator in /home/jcheung2/ofs24/ofs-agx7-pcie-attach/src/pd_qsys/fabric/ip/apf/apf_clock_bridge/sim/ directory:
2024.08.28.01:46:04 Info: synopsys/vcs/vcs_setup.sh
2024.08.28.01:46:04 Info: Generating the following file(s) for MODELSIM simulator in /home/jcheung2/ofs24/ofs-agx7-pcie-attach/src/pd_qsys/fabric/ip/apf/apf_clock_bridge/sim/ directory:
2024.08.28.01:46:04 Info: mentor/msim_setup.tcl
2024.08.28.01:46:04 Info: For information on how to simulate your IP, see the explanatory comments in the simulator-specific subdirectories under /home/jcheung2/ofs24/ofs-agx7-pcie-attach/src/pd_qsys/fabric/ip/apf/apf_clock_bridge/sim/.
2024.08.28.01:46:04 Info: Regenerate these scripts whenever you make any change to any Quartus-generated IP in your project.
2024.08.28.01:46:04 Info: Finished: Create simulation script
2024.08.28.01:46:04 Info: 
2024.08.28.01:46:04 Info: Starting: Create HDL design files for synthesis
2024.08.28.01:46:04 Info: qsys-generate /home/jcheung2/ofs24/ofs-agx7-pcie-attach/src/pd_qsys/fabric/ip/apf/apf_clock_bridge.ip --synthesis=VERILOG --output-directory=/home/jcheung2/ofs24/ofs-agx7-pcie-attach/src/pd_qsys/fabric/ip/apf/apf_clock_bridge --family="Agilex 7" --part=AGFB014R24A2E2V
2024.08.28.01:46:04 Info: apf_clock_bridge: "Transforming system: apf_clock_bridge"
2024.08.28.01:46:04 Info: apf_clock_bridge: "Naming system components in system: apf_clock_bridge"
2024.08.28.01:46:04 Info: apf_clock_bridge: "Processing generation queue"
2024.08.28.01:46:04 Info: apf_clock_bridge: "Generating: apf_clock_bridge"
2024.08.28.01:46:04 Info: apf_clock_bridge: Done "apf_clock_bridge" with 1 modules, 1 files
2024.08.28.01:46:04 Info: Finished: Create HDL design files for synthesis
2024.08.28.01:46:04 Info: Generation of /home/jcheung2/ofs24/ofs-agx7-pcie-attach/src/pd_qsys/fabric/ip/apf/apf_clock_bridge.ip (apf_clock_bridge) took 671 ms
2024.08.28.01:46:04 Info: 
2024.08.28.01:46:04 Info: Generating on localhost:40263
2024.08.28.01:46:04 Info: Saving generation log to /home/jcheung2/ofs24/ofs-agx7-pcie-attach/src/pd_qsys/fabric/ip/apf/apf_mctp_mst/apf_mctp_mst_generation.rpt
2024.08.28.01:46:04 Info: Generated by version: 23.4 build 79
2024.08.28.01:46:04 Info: Starting: Create simulation model
2024.08.28.01:46:04 Info: qsys-generate /home/jcheung2/ofs24/ofs-agx7-pcie-attach/src/pd_qsys/fabric/ip/apf/apf_mctp_mst.ip --simulation=VERILOG --allow-mixed-language-simulation --output-directory=/home/jcheung2/ofs24/ofs-agx7-pcie-attach/src/pd_qsys/fabric/ip/apf/apf_mctp_mst --family="Agilex 7" --part=AGFB014R24A2E2V
2024.08.28.01:46:04 Info: apf_mctp_mst: "Transforming system: apf_mctp_mst"
2024.08.28.01:46:04 Info: apf_mctp_mst: "Naming system components in system: apf_mctp_mst"
2024.08.28.01:46:04 Info: apf_mctp_mst: "Processing generation queue"
2024.08.28.01:46:04 Info: apf_mctp_mst: "Generating: apf_mctp_mst"
2024.08.28.01:46:04 Info: apf_mctp_mst: "Generating: axi4lite_shim"
2024.08.28.01:46:04 Info: apf_mctp_mst: Done "apf_mctp_mst" with 2 modules, 2 files
2024.08.28.01:46:04 Info: Generating the following file(s) for RIVIERA simulator in /home/jcheung2/ofs24/ofs-agx7-pcie-attach/src/pd_qsys/fabric/ip/apf/apf_mctp_mst/sim/ directory:
2024.08.28.01:46:04 Info: common/riviera_files.tcl
2024.08.28.01:46:04 Info: Generating the following file(s) for XCELIUM simulator in /home/jcheung2/ofs24/ofs-agx7-pcie-attach/src/pd_qsys/fabric/ip/apf/apf_mctp_mst/sim/ directory:
2024.08.28.01:46:04 Info: common/xcelium_files.tcl
2024.08.28.01:46:04 Info: Generating the following file(s) for MODELSIM simulator in /home/jcheung2/ofs24/ofs-agx7-pcie-attach/src/pd_qsys/fabric/ip/apf/apf_mctp_mst/sim/ directory:
2024.08.28.01:46:04 Info: common/modelsim_files.tcl
2024.08.28.01:46:04 Info: Generating the following file(s) for VCS simulator in /home/jcheung2/ofs24/ofs-agx7-pcie-attach/src/pd_qsys/fabric/ip/apf/apf_mctp_mst/sim/ directory:
2024.08.28.01:46:04 Info: common/vcs_files.tcl
2024.08.28.01:46:04 Info: Generating the following file(s) for VCSMX simulator in /home/jcheung2/ofs24/ofs-agx7-pcie-attach/src/pd_qsys/fabric/ip/apf/apf_mctp_mst/sim/ directory:
2024.08.28.01:46:04 Info: common/vcsmx_files.tcl
2024.08.28.01:46:04 Info: For information on how to simulate your IP, see the explanatory comments in the simulator-specific subdirectories under /home/jcheung2/ofs24/ofs-agx7-pcie-attach/src/pd_qsys/fabric/ip/apf/apf_mctp_mst/sim/.
2024.08.28.01:46:04 Info: Regenerate these scripts whenever you make any change to any Quartus-generated IP in your project.
2024.08.28.01:46:04 Info: Finished: Create simulation model
2024.08.28.01:46:04 Info: Starting: Create simulation script
2024.08.28.01:46:04 Info: sim-script-gen --system-file=/home/jcheung2/ofs24/ofs-agx7-pcie-attach/src/pd_qsys/fabric/ip/apf/apf_mctp_mst.ip --output-directory=/home/jcheung2/ofs24/ofs-agx7-pcie-attach/src/pd_qsys/fabric/ip/apf/apf_mctp_mst/sim/ --use-relative-paths=true
2024.08.28.01:46:04 Info: Generating the following file(s) for RIVIERA simulator in /home/jcheung2/ofs24/ofs-agx7-pcie-attach/src/pd_qsys/fabric/ip/apf/apf_mctp_mst/sim/ directory:
2024.08.28.01:46:04 Info: aldec/rivierapro_setup.tcl
2024.08.28.01:46:04 Info: Generating the following file(s) for XCELIUM simulator in /home/jcheung2/ofs24/ofs-agx7-pcie-attach/src/pd_qsys/fabric/ip/apf/apf_mctp_mst/sim/ directory:
2024.08.28.01:46:04 Info: xcelium/cds.lib
2024.08.28.01:46:04 Info: xcelium/hdl.var
2024.08.28.01:46:04 Info: xcelium/xcelium_setup.sh
2024.08.28.01:46:04 Info: 2 .cds.lib files in xcelium/cds_libs/ directory
2024.08.28.01:46:04 Info: Generating the following file(s) for MODELSIM simulator in /home/jcheung2/ofs24/ofs-agx7-pcie-attach/src/pd_qsys/fabric/ip/apf/apf_mctp_mst/sim/ directory:
2024.08.28.01:46:04 Info: mentor/msim_setup.tcl
2024.08.28.01:46:04 Info: Generating the following file(s) for VCS simulator in /home/jcheung2/ofs24/ofs-agx7-pcie-attach/src/pd_qsys/fabric/ip/apf/apf_mctp_mst/sim/ directory:
2024.08.28.01:46:04 Info: synopsys/vcs/vcs_setup.sh
2024.08.28.01:46:04 Info: Generating the following file(s) for VCSMX simulator in /home/jcheung2/ofs24/ofs-agx7-pcie-attach/src/pd_qsys/fabric/ip/apf/apf_mctp_mst/sim/ directory:
2024.08.28.01:46:04 Info: synopsys/vcsmx/synopsys_sim.setup
2024.08.28.01:46:04 Info: synopsys/vcsmx/vcsmx_setup.sh
2024.08.28.01:46:04 Info: For information on how to simulate your IP, see the explanatory comments in the simulator-specific subdirectories under /home/jcheung2/ofs24/ofs-agx7-pcie-attach/src/pd_qsys/fabric/ip/apf/apf_mctp_mst/sim/.
2024.08.28.01:46:04 Info: Regenerate these scripts whenever you make any change to any Quartus-generated IP in your project.
2024.08.28.01:46:04 Info: Finished: Create simulation script
2024.08.28.01:46:04 Info: 
2024.08.28.01:46:04 Info: Starting: Create HDL design files for synthesis
2024.08.28.01:46:04 Info: qsys-generate /home/jcheung2/ofs24/ofs-agx7-pcie-attach/src/pd_qsys/fabric/ip/apf/apf_mctp_mst.ip --synthesis=VERILOG --output-directory=/home/jcheung2/ofs24/ofs-agx7-pcie-attach/src/pd_qsys/fabric/ip/apf/apf_mctp_mst --family="Agilex 7" --part=AGFB014R24A2E2V
2024.08.28.01:46:04 Info: apf_mctp_mst: "Transforming system: apf_mctp_mst"
2024.08.28.01:46:04 Info: apf_mctp_mst: "Naming system components in system: apf_mctp_mst"
2024.08.28.01:46:04 Info: apf_mctp_mst: "Processing generation queue"
2024.08.28.01:46:04 Info: apf_mctp_mst: "Generating: apf_mctp_mst"
2024.08.28.01:46:04 Info: apf_mctp_mst: "Generating: axi4lite_shim"
2024.08.28.01:46:04 Info: apf_mctp_mst: Done "apf_mctp_mst" with 2 modules, 2 files
2024.08.28.01:46:04 Info: Finished: Create HDL design files for synthesis
2024.08.28.01:46:04 Info: Generation of /home/jcheung2/ofs24/ofs-agx7-pcie-attach/src/pd_qsys/fabric/ip/apf/apf_mctp_mst.ip (apf_mctp_mst) took 622 ms
2024.08.28.01:46:04 Info: 
2024.08.28.01:46:04 Info: Generating on localhost:42923
2024.08.28.01:46:04 Info: Saving generation log to /home/jcheung2/ofs24/ofs-agx7-pcie-attach/src/pd_qsys/fabric/ip/apf/apf_bpf_mst/apf_bpf_mst_generation.rpt
2024.08.28.01:46:04 Info: Generated by version: 23.4 build 79
2024.08.28.01:46:04 Info: Starting: Create simulation model
2024.08.28.01:46:04 Info: qsys-generate /home/jcheung2/ofs24/ofs-agx7-pcie-attach/src/pd_qsys/fabric/ip/apf/apf_bpf_mst.ip --simulation=VERILOG --allow-mixed-language-simulation --output-directory=/home/jcheung2/ofs24/ofs-agx7-pcie-attach/src/pd_qsys/fabric/ip/apf/apf_bpf_mst --family="Agilex 7" --part=AGFB014R24A2E2V
2024.08.28.01:46:04 Info: apf_bpf_mst: "Transforming system: apf_bpf_mst"
2024.08.28.01:46:04 Info: apf_bpf_mst: "Naming system components in system: apf_bpf_mst"
2024.08.28.01:46:04 Info: apf_bpf_mst: "Processing generation queue"
2024.08.28.01:46:04 Info: apf_bpf_mst: "Generating: apf_bpf_mst"
2024.08.28.01:46:04 Info: apf_bpf_mst: "Generating: axi4lite_shim"
2024.08.28.01:46:04 Info: apf_bpf_mst: Done "apf_bpf_mst" with 2 modules, 2 files
2024.08.28.01:46:04 Info: Generating the following file(s) for MODELSIM simulator in /home/jcheung2/ofs24/ofs-agx7-pcie-attach/src/pd_qsys/fabric/ip/apf/apf_bpf_mst/sim/ directory:
2024.08.28.01:46:04 Info: common/modelsim_files.tcl
2024.08.28.01:46:04 Info: Generating the following file(s) for VCSMX simulator in /home/jcheung2/ofs24/ofs-agx7-pcie-attach/src/pd_qsys/fabric/ip/apf/apf_bpf_mst/sim/ directory:
2024.08.28.01:46:04 Info: common/vcsmx_files.tcl
2024.08.28.01:46:04 Info: Generating the following file(s) for RIVIERA simulator in /home/jcheung2/ofs24/ofs-agx7-pcie-attach/src/pd_qsys/fabric/ip/apf/apf_bpf_mst/sim/ directory:
2024.08.28.01:46:04 Info: common/riviera_files.tcl
2024.08.28.01:46:04 Info: Generating the following file(s) for XCELIUM simulator in /home/jcheung2/ofs24/ofs-agx7-pcie-attach/src/pd_qsys/fabric/ip/apf/apf_bpf_mst/sim/ directory:
2024.08.28.01:46:04 Info: common/xcelium_files.tcl
2024.08.28.01:46:04 Info: Generating the following file(s) for VCS simulator in /home/jcheung2/ofs24/ofs-agx7-pcie-attach/src/pd_qsys/fabric/ip/apf/apf_bpf_mst/sim/ directory:
2024.08.28.01:46:04 Info: common/vcs_files.tcl
2024.08.28.01:46:04 Info: For information on how to simulate your IP, see the explanatory comments in the simulator-specific subdirectories under /home/jcheung2/ofs24/ofs-agx7-pcie-attach/src/pd_qsys/fabric/ip/apf/apf_bpf_mst/sim/.
2024.08.28.01:46:04 Info: Regenerate these scripts whenever you make any change to any Quartus-generated IP in your project.
2024.08.28.01:46:04 Info: Finished: Create simulation model
2024.08.28.01:46:04 Info: Starting: Create simulation script
2024.08.28.01:46:04 Info: sim-script-gen --system-file=/home/jcheung2/ofs24/ofs-agx7-pcie-attach/src/pd_qsys/fabric/ip/apf/apf_bpf_mst.ip --output-directory=/home/jcheung2/ofs24/ofs-agx7-pcie-attach/src/pd_qsys/fabric/ip/apf/apf_bpf_mst/sim/ --use-relative-paths=true
2024.08.28.01:46:04 Info: Generating the following file(s) for MODELSIM simulator in /home/jcheung2/ofs24/ofs-agx7-pcie-attach/src/pd_qsys/fabric/ip/apf/apf_bpf_mst/sim/ directory:
2024.08.28.01:46:04 Info: mentor/msim_setup.tcl
2024.08.28.01:46:04 Info: Generating the following file(s) for VCSMX simulator in /home/jcheung2/ofs24/ofs-agx7-pcie-attach/src/pd_qsys/fabric/ip/apf/apf_bpf_mst/sim/ directory:
2024.08.28.01:46:04 Info: synopsys/vcsmx/synopsys_sim.setup
2024.08.28.01:46:04 Info: synopsys/vcsmx/vcsmx_setup.sh
2024.08.28.01:46:04 Info: Generating the following file(s) for RIVIERA simulator in /home/jcheung2/ofs24/ofs-agx7-pcie-attach/src/pd_qsys/fabric/ip/apf/apf_bpf_mst/sim/ directory:
2024.08.28.01:46:04 Info: aldec/rivierapro_setup.tcl
2024.08.28.01:46:04 Info: Generating the following file(s) for XCELIUM simulator in /home/jcheung2/ofs24/ofs-agx7-pcie-attach/src/pd_qsys/fabric/ip/apf/apf_bpf_mst/sim/ directory:
2024.08.28.01:46:04 Info: xcelium/cds.lib
2024.08.28.01:46:04 Info: xcelium/hdl.var
2024.08.28.01:46:04 Info: xcelium/xcelium_setup.sh
2024.08.28.01:46:04 Info: 2 .cds.lib files in xcelium/cds_libs/ directory
2024.08.28.01:46:04 Info: Generating the following file(s) for VCS simulator in /home/jcheung2/ofs24/ofs-agx7-pcie-attach/src/pd_qsys/fabric/ip/apf/apf_bpf_mst/sim/ directory:
2024.08.28.01:46:04 Info: synopsys/vcs/vcs_setup.sh
2024.08.28.01:46:04 Info: For information on how to simulate your IP, see the explanatory comments in the simulator-specific subdirectories under /home/jcheung2/ofs24/ofs-agx7-pcie-attach/src/pd_qsys/fabric/ip/apf/apf_bpf_mst/sim/.
2024.08.28.01:46:04 Info: Regenerate these scripts whenever you make any change to any Quartus-generated IP in your project.
2024.08.28.01:46:04 Info: Finished: Create simulation script
2024.08.28.01:46:04 Info: 
2024.08.28.01:46:04 Info: Starting: Create HDL design files for synthesis
2024.08.28.01:46:04 Info: qsys-generate /home/jcheung2/ofs24/ofs-agx7-pcie-attach/src/pd_qsys/fabric/ip/apf/apf_bpf_mst.ip --synthesis=VERILOG --output-directory=/home/jcheung2/ofs24/ofs-agx7-pcie-attach/src/pd_qsys/fabric/ip/apf/apf_bpf_mst --family="Agilex 7" --part=AGFB014R24A2E2V
2024.08.28.01:46:04 Info: apf_bpf_mst: "Transforming system: apf_bpf_mst"
2024.08.28.01:46:04 Info: apf_bpf_mst: "Naming system components in system: apf_bpf_mst"
2024.08.28.01:46:04 Info: apf_bpf_mst: "Processing generation queue"
2024.08.28.01:46:04 Info: apf_bpf_mst: "Generating: apf_bpf_mst"
2024.08.28.01:46:04 Info: apf_bpf_mst: "Generating: axi4lite_shim"
2024.08.28.01:46:04 Info: apf_bpf_mst: Done "apf_bpf_mst" with 2 modules, 2 files
2024.08.28.01:46:04 Info: Finished: Create HDL design files for synthesis
2024.08.28.01:46:04 Info: Generation of /home/jcheung2/ofs24/ofs-agx7-pcie-attach/src/pd_qsys/fabric/ip/apf/apf_bpf_mst.ip (apf_bpf_mst) took 623 ms
2024.08.28.01:46:04 Info: 
2024.08.28.01:46:04 Info: Generating on localhost:39883
2024.08.28.01:46:04 Info: Saving generation log to /home/jcheung2/ofs24/ofs-agx7-pcie-attach/src/pd_qsys/fabric/ip/apf/apf_uart_slv/apf_uart_slv_generation.rpt
2024.08.28.01:46:04 Info: Generated by version: 23.4 build 79
2024.08.28.01:46:04 Info: Starting: Create simulation model
2024.08.28.01:46:04 Info: qsys-generate /home/jcheung2/ofs24/ofs-agx7-pcie-attach/src/pd_qsys/fabric/ip/apf/apf_uart_slv.ip --simulation=VERILOG --allow-mixed-language-simulation --output-directory=/home/jcheung2/ofs24/ofs-agx7-pcie-attach/src/pd_qsys/fabric/ip/apf/apf_uart_slv --family="Agilex 7" --part=AGFB014R24A2E2V
2024.08.28.01:46:04 Info: apf_uart_slv: "Transforming system: apf_uart_slv"
2024.08.28.01:46:04 Info: apf_uart_slv: "Naming system components in system: apf_uart_slv"
2024.08.28.01:46:04 Info: apf_uart_slv: "Processing generation queue"
2024.08.28.01:46:04 Info: apf_uart_slv: "Generating: apf_uart_slv"
2024.08.28.01:46:04 Info: apf_uart_slv: "Generating: axi4lite_shim"
2024.08.28.01:46:04 Info: apf_uart_slv: Done "apf_uart_slv" with 2 modules, 2 files
2024.08.28.01:46:04 Info: Generating the following file(s) for MODELSIM simulator in /home/jcheung2/ofs24/ofs-agx7-pcie-attach/src/pd_qsys/fabric/ip/apf/apf_uart_slv/sim/ directory:
2024.08.28.01:46:04 Info: common/modelsim_files.tcl
2024.08.28.01:46:04 Info: Generating the following file(s) for VCSMX simulator in /home/jcheung2/ofs24/ofs-agx7-pcie-attach/src/pd_qsys/fabric/ip/apf/apf_uart_slv/sim/ directory:
2024.08.28.01:46:04 Info: common/vcsmx_files.tcl
2024.08.28.01:46:04 Info: Generating the following file(s) for RIVIERA simulator in /home/jcheung2/ofs24/ofs-agx7-pcie-attach/src/pd_qsys/fabric/ip/apf/apf_uart_slv/sim/ directory:
2024.08.28.01:46:04 Info: common/riviera_files.tcl
2024.08.28.01:46:04 Info: Generating the following file(s) for XCELIUM simulator in /home/jcheung2/ofs24/ofs-agx7-pcie-attach/src/pd_qsys/fabric/ip/apf/apf_uart_slv/sim/ directory:
2024.08.28.01:46:04 Info: common/xcelium_files.tcl
2024.08.28.01:46:04 Info: Generating the following file(s) for VCS simulator in /home/jcheung2/ofs24/ofs-agx7-pcie-attach/src/pd_qsys/fabric/ip/apf/apf_uart_slv/sim/ directory:
2024.08.28.01:46:04 Info: common/vcs_files.tcl
2024.08.28.01:46:04 Info: For information on how to simulate your IP, see the explanatory comments in the simulator-specific subdirectories under /home/jcheung2/ofs24/ofs-agx7-pcie-attach/src/pd_qsys/fabric/ip/apf/apf_uart_slv/sim/.
2024.08.28.01:46:04 Info: Regenerate these scripts whenever you make any change to any Quartus-generated IP in your project.
2024.08.28.01:46:04 Info: Finished: Create simulation model
2024.08.28.01:46:04 Info: Starting: Create simulation script
2024.08.28.01:46:04 Info: sim-script-gen --system-file=/home/jcheung2/ofs24/ofs-agx7-pcie-attach/src/pd_qsys/fabric/ip/apf/apf_uart_slv.ip --output-directory=/home/jcheung2/ofs24/ofs-agx7-pcie-attach/src/pd_qsys/fabric/ip/apf/apf_uart_slv/sim/ --use-relative-paths=true
2024.08.28.01:46:04 Info: Generating the following file(s) for MODELSIM simulator in /home/jcheung2/ofs24/ofs-agx7-pcie-attach/src/pd_qsys/fabric/ip/apf/apf_uart_slv/sim/ directory:
2024.08.28.01:46:04 Info: mentor/msim_setup.tcl
2024.08.28.01:46:04 Info: Generating the following file(s) for VCSMX simulator in /home/jcheung2/ofs24/ofs-agx7-pcie-attach/src/pd_qsys/fabric/ip/apf/apf_uart_slv/sim/ directory:
2024.08.28.01:46:04 Info: synopsys/vcsmx/synopsys_sim.setup
2024.08.28.01:46:04 Info: synopsys/vcsmx/vcsmx_setup.sh
2024.08.28.01:46:04 Info: Generating the following file(s) for RIVIERA simulator in /home/jcheung2/ofs24/ofs-agx7-pcie-attach/src/pd_qsys/fabric/ip/apf/apf_uart_slv/sim/ directory:
2024.08.28.01:46:04 Info: aldec/rivierapro_setup.tcl
2024.08.28.01:46:04 Info: Generating the following file(s) for XCELIUM simulator in /home/jcheung2/ofs24/ofs-agx7-pcie-attach/src/pd_qsys/fabric/ip/apf/apf_uart_slv/sim/ directory:
2024.08.28.01:46:04 Info: xcelium/cds.lib
2024.08.28.01:46:04 Info: xcelium/hdl.var
2024.08.28.01:46:04 Info: xcelium/xcelium_setup.sh
2024.08.28.01:46:04 Info: 2 .cds.lib files in xcelium/cds_libs/ directory
2024.08.28.01:46:04 Info: Generating the following file(s) for VCS simulator in /home/jcheung2/ofs24/ofs-agx7-pcie-attach/src/pd_qsys/fabric/ip/apf/apf_uart_slv/sim/ directory:
2024.08.28.01:46:04 Info: synopsys/vcs/vcs_setup.sh
2024.08.28.01:46:04 Info: For information on how to simulate your IP, see the explanatory comments in the simulator-specific subdirectories under /home/jcheung2/ofs24/ofs-agx7-pcie-attach/src/pd_qsys/fabric/ip/apf/apf_uart_slv/sim/.
2024.08.28.01:46:04 Info: Regenerate these scripts whenever you make any change to any Quartus-generated IP in your project.
2024.08.28.01:46:04 Info: Finished: Create simulation script
2024.08.28.01:46:04 Info: 
2024.08.28.01:46:04 Info: Starting: Create HDL design files for synthesis
2024.08.28.01:46:04 Info: qsys-generate /home/jcheung2/ofs24/ofs-agx7-pcie-attach/src/pd_qsys/fabric/ip/apf/apf_uart_slv.ip --synthesis=VERILOG --output-directory=/home/jcheung2/ofs24/ofs-agx7-pcie-attach/src/pd_qsys/fabric/ip/apf/apf_uart_slv --family="Agilex 7" --part=AGFB014R24A2E2V
2024.08.28.01:46:04 Info: apf_uart_slv: "Transforming system: apf_uart_slv"
2024.08.28.01:46:04 Info: apf_uart_slv: "Naming system components in system: apf_uart_slv"
2024.08.28.01:46:04 Info: apf_uart_slv: "Processing generation queue"
2024.08.28.01:46:04 Info: apf_uart_slv: "Generating: apf_uart_slv"
2024.08.28.01:46:04 Info: apf_uart_slv: "Generating: axi4lite_shim"
2024.08.28.01:46:04 Info: apf_uart_slv: Done "apf_uart_slv" with 2 modules, 2 files
2024.08.28.01:46:04 Info: Finished: Create HDL design files for synthesis
2024.08.28.01:46:04 Info: Generation of /home/jcheung2/ofs24/ofs-agx7-pcie-attach/src/pd_qsys/fabric/ip/apf/apf_uart_slv.ip (apf_uart_slv) took 641 ms
2024.08.28.01:46:04 Info: 
2024.08.28.01:46:04 Info: Generating on localhost:44139
2024.08.28.01:46:04 Info: Saving generation log to /home/jcheung2/ofs24/ofs-agx7-pcie-attach/src/pd_qsys/fabric/ip/apf/apf_pr_2_slv/apf_pr_2_slv_generation.rpt
2024.08.28.01:46:04 Info: Generated by version: 23.4 build 79
2024.08.28.01:46:04 Info: Starting: Create simulation model
2024.08.28.01:46:04 Info: qsys-generate /home/jcheung2/ofs24/ofs-agx7-pcie-attach/src/pd_qsys/fabric/ip/apf/apf_pr_2_slv.ip --simulation=VERILOG --allow-mixed-language-simulation --output-directory=/home/jcheung2/ofs24/ofs-agx7-pcie-attach/src/pd_qsys/fabric/ip/apf/apf_pr_2_slv --family="Agilex 7" --part=AGFB014R24A2E2V
2024.08.28.01:46:04 Info: apf_pr_2_slv: "Transforming system: apf_pr_2_slv"
2024.08.28.01:46:04 Info: apf_pr_2_slv: "Naming system components in system: apf_pr_2_slv"
2024.08.28.01:46:04 Info: apf_pr_2_slv: "Processing generation queue"
2024.08.28.01:46:04 Info: apf_pr_2_slv: "Generating: apf_pr_2_slv"
2024.08.28.01:46:04 Info: apf_pr_2_slv: "Generating: axi4lite_shim"
2024.08.28.01:46:04 Info: apf_pr_2_slv: Done "apf_pr_2_slv" with 2 modules, 2 files
2024.08.28.01:46:04 Info: Generating the following file(s) for XCELIUM simulator in /home/jcheung2/ofs24/ofs-agx7-pcie-attach/src/pd_qsys/fabric/ip/apf/apf_pr_2_slv/sim/ directory:
2024.08.28.01:46:04 Info: common/xcelium_files.tcl
2024.08.28.01:46:04 Info: Generating the following file(s) for VCS simulator in /home/jcheung2/ofs24/ofs-agx7-pcie-attach/src/pd_qsys/fabric/ip/apf/apf_pr_2_slv/sim/ directory:
2024.08.28.01:46:04 Info: common/vcs_files.tcl
2024.08.28.01:46:04 Info: Generating the following file(s) for VCSMX simulator in /home/jcheung2/ofs24/ofs-agx7-pcie-attach/src/pd_qsys/fabric/ip/apf/apf_pr_2_slv/sim/ directory:
2024.08.28.01:46:04 Info: common/vcsmx_files.tcl
2024.08.28.01:46:04 Info: Generating the following file(s) for RIVIERA simulator in /home/jcheung2/ofs24/ofs-agx7-pcie-attach/src/pd_qsys/fabric/ip/apf/apf_pr_2_slv/sim/ directory:
2024.08.28.01:46:04 Info: common/riviera_files.tcl
2024.08.28.01:46:04 Info: Generating the following file(s) for MODELSIM simulator in /home/jcheung2/ofs24/ofs-agx7-pcie-attach/src/pd_qsys/fabric/ip/apf/apf_pr_2_slv/sim/ directory:
2024.08.28.01:46:04 Info: common/modelsim_files.tcl
2024.08.28.01:46:04 Info: For information on how to simulate your IP, see the explanatory comments in the simulator-specific subdirectories under /home/jcheung2/ofs24/ofs-agx7-pcie-attach/src/pd_qsys/fabric/ip/apf/apf_pr_2_slv/sim/.
2024.08.28.01:46:04 Info: Regenerate these scripts whenever you make any change to any Quartus-generated IP in your project.
2024.08.28.01:46:04 Info: Finished: Create simulation model
2024.08.28.01:46:04 Info: Starting: Create simulation script
2024.08.28.01:46:04 Info: sim-script-gen --system-file=/home/jcheung2/ofs24/ofs-agx7-pcie-attach/src/pd_qsys/fabric/ip/apf/apf_pr_2_slv.ip --output-directory=/home/jcheung2/ofs24/ofs-agx7-pcie-attach/src/pd_qsys/fabric/ip/apf/apf_pr_2_slv/sim/ --use-relative-paths=true
2024.08.28.01:46:04 Info: Generating the following file(s) for XCELIUM simulator in /home/jcheung2/ofs24/ofs-agx7-pcie-attach/src/pd_qsys/fabric/ip/apf/apf_pr_2_slv/sim/ directory:
2024.08.28.01:46:04 Info: xcelium/cds.lib
2024.08.28.01:46:04 Info: xcelium/hdl.var
2024.08.28.01:46:04 Info: xcelium/xcelium_setup.sh
2024.08.28.01:46:04 Info: 2 .cds.lib files in xcelium/cds_libs/ directory
2024.08.28.01:46:04 Info: Generating the following file(s) for VCS simulator in /home/jcheung2/ofs24/ofs-agx7-pcie-attach/src/pd_qsys/fabric/ip/apf/apf_pr_2_slv/sim/ directory:
2024.08.28.01:46:04 Info: synopsys/vcs/vcs_setup.sh
2024.08.28.01:46:04 Info: Generating the following file(s) for VCSMX simulator in /home/jcheung2/ofs24/ofs-agx7-pcie-attach/src/pd_qsys/fabric/ip/apf/apf_pr_2_slv/sim/ directory:
2024.08.28.01:46:04 Info: synopsys/vcsmx/synopsys_sim.setup
2024.08.28.01:46:04 Info: synopsys/vcsmx/vcsmx_setup.sh
2024.08.28.01:46:04 Info: Generating the following file(s) for RIVIERA simulator in /home/jcheung2/ofs24/ofs-agx7-pcie-attach/src/pd_qsys/fabric/ip/apf/apf_pr_2_slv/sim/ directory:
2024.08.28.01:46:04 Info: aldec/rivierapro_setup.tcl
2024.08.28.01:46:04 Info: Generating the following file(s) for MODELSIM simulator in /home/jcheung2/ofs24/ofs-agx7-pcie-attach/src/pd_qsys/fabric/ip/apf/apf_pr_2_slv/sim/ directory:
2024.08.28.01:46:04 Info: mentor/msim_setup.tcl
2024.08.28.01:46:04 Info: For information on how to simulate your IP, see the explanatory comments in the simulator-specific subdirectories under /home/jcheung2/ofs24/ofs-agx7-pcie-attach/src/pd_qsys/fabric/ip/apf/apf_pr_2_slv/sim/.
2024.08.28.01:46:04 Info: Regenerate these scripts whenever you make any change to any Quartus-generated IP in your project.
2024.08.28.01:46:04 Info: Finished: Create simulation script
2024.08.28.01:46:04 Info: 
2024.08.28.01:46:04 Info: Starting: Create HDL design files for synthesis
2024.08.28.01:46:04 Info: qsys-generate /home/jcheung2/ofs24/ofs-agx7-pcie-attach/src/pd_qsys/fabric/ip/apf/apf_pr_2_slv.ip --synthesis=VERILOG --output-directory=/home/jcheung2/ofs24/ofs-agx7-pcie-attach/src/pd_qsys/fabric/ip/apf/apf_pr_2_slv --family="Agilex 7" --part=AGFB014R24A2E2V
2024.08.28.01:46:04 Info: apf_pr_2_slv: "Transforming system: apf_pr_2_slv"
2024.08.28.01:46:04 Info: apf_pr_2_slv: "Naming system components in system: apf_pr_2_slv"
2024.08.28.01:46:04 Info: apf_pr_2_slv: "Processing generation queue"
2024.08.28.01:46:04 Info: apf_pr_2_slv: "Generating: apf_pr_2_slv"
2024.08.28.01:46:04 Info: apf_pr_2_slv: "Generating: axi4lite_shim"
2024.08.28.01:46:04 Info: apf_pr_2_slv: Done "apf_pr_2_slv" with 2 modules, 2 files
2024.08.28.01:46:04 Info: Finished: Create HDL design files for synthesis
2024.08.28.01:46:04 Info: Generation of /home/jcheung2/ofs24/ofs-agx7-pcie-attach/src/pd_qsys/fabric/ip/apf/apf_pr_2_slv.ip (apf_pr_2_slv) took 715 ms
2024.08.28.01:46:05 Info: 
2024.08.28.01:46:05 Info: Generating on localhost:45075
2024.08.28.01:46:05 Info: Saving generation log to /home/jcheung2/ofs24/ofs-agx7-pcie-attach/src/pd_qsys/fabric/ip/apf/apf_pr_slv/apf_pr_slv_generation.rpt
2024.08.28.01:46:05 Info: Generated by version: 23.4 build 79
2024.08.28.01:46:05 Info: Starting: Create simulation model
2024.08.28.01:46:05 Info: qsys-generate /home/jcheung2/ofs24/ofs-agx7-pcie-attach/src/pd_qsys/fabric/ip/apf/apf_pr_slv.ip --simulation=VERILOG --allow-mixed-language-simulation --output-directory=/home/jcheung2/ofs24/ofs-agx7-pcie-attach/src/pd_qsys/fabric/ip/apf/apf_pr_slv --family="Agilex 7" --part=AGFB014R24A2E2V
2024.08.28.01:46:05 Info: apf_pr_slv: "Transforming system: apf_pr_slv"
2024.08.28.01:46:05 Info: apf_pr_slv: "Naming system components in system: apf_pr_slv"
2024.08.28.01:46:05 Info: apf_pr_slv: "Processing generation queue"
2024.08.28.01:46:05 Info: apf_pr_slv: "Generating: apf_pr_slv"
2024.08.28.01:46:05 Info: apf_pr_slv: "Generating: axi4lite_shim"
2024.08.28.01:46:05 Info: apf_pr_slv: Done "apf_pr_slv" with 2 modules, 2 files
2024.08.28.01:46:05 Info: Generating the following file(s) for RIVIERA simulator in /home/jcheung2/ofs24/ofs-agx7-pcie-attach/src/pd_qsys/fabric/ip/apf/apf_pr_slv/sim/ directory:
2024.08.28.01:46:05 Info: common/riviera_files.tcl
2024.08.28.01:46:05 Info: Generating the following file(s) for XCELIUM simulator in /home/jcheung2/ofs24/ofs-agx7-pcie-attach/src/pd_qsys/fabric/ip/apf/apf_pr_slv/sim/ directory:
2024.08.28.01:46:05 Info: common/xcelium_files.tcl
2024.08.28.01:46:05 Info: Generating the following file(s) for VCSMX simulator in /home/jcheung2/ofs24/ofs-agx7-pcie-attach/src/pd_qsys/fabric/ip/apf/apf_pr_slv/sim/ directory:
2024.08.28.01:46:05 Info: common/vcsmx_files.tcl
2024.08.28.01:46:05 Info: Generating the following file(s) for VCS simulator in /home/jcheung2/ofs24/ofs-agx7-pcie-attach/src/pd_qsys/fabric/ip/apf/apf_pr_slv/sim/ directory:
2024.08.28.01:46:05 Info: common/vcs_files.tcl
2024.08.28.01:46:05 Info: Generating the following file(s) for MODELSIM simulator in /home/jcheung2/ofs24/ofs-agx7-pcie-attach/src/pd_qsys/fabric/ip/apf/apf_pr_slv/sim/ directory:
2024.08.28.01:46:05 Info: common/modelsim_files.tcl
2024.08.28.01:46:05 Info: For information on how to simulate your IP, see the explanatory comments in the simulator-specific subdirectories under /home/jcheung2/ofs24/ofs-agx7-pcie-attach/src/pd_qsys/fabric/ip/apf/apf_pr_slv/sim/.
2024.08.28.01:46:05 Info: Regenerate these scripts whenever you make any change to any Quartus-generated IP in your project.
2024.08.28.01:46:05 Info: Finished: Create simulation model
2024.08.28.01:46:05 Info: Starting: Create simulation script
2024.08.28.01:46:05 Info: sim-script-gen --system-file=/home/jcheung2/ofs24/ofs-agx7-pcie-attach/src/pd_qsys/fabric/ip/apf/apf_pr_slv.ip --output-directory=/home/jcheung2/ofs24/ofs-agx7-pcie-attach/src/pd_qsys/fabric/ip/apf/apf_pr_slv/sim/ --use-relative-paths=true
2024.08.28.01:46:05 Info: Generating the following file(s) for RIVIERA simulator in /home/jcheung2/ofs24/ofs-agx7-pcie-attach/src/pd_qsys/fabric/ip/apf/apf_pr_slv/sim/ directory:
2024.08.28.01:46:05 Info: aldec/rivierapro_setup.tcl
2024.08.28.01:46:05 Info: Generating the following file(s) for XCELIUM simulator in /home/jcheung2/ofs24/ofs-agx7-pcie-attach/src/pd_qsys/fabric/ip/apf/apf_pr_slv/sim/ directory:
2024.08.28.01:46:05 Info: xcelium/cds.lib
2024.08.28.01:46:05 Info: xcelium/hdl.var
2024.08.28.01:46:05 Info: xcelium/xcelium_setup.sh
2024.08.28.01:46:05 Info: 2 .cds.lib files in xcelium/cds_libs/ directory
2024.08.28.01:46:05 Info: Generating the following file(s) for VCSMX simulator in /home/jcheung2/ofs24/ofs-agx7-pcie-attach/src/pd_qsys/fabric/ip/apf/apf_pr_slv/sim/ directory:
2024.08.28.01:46:05 Info: synopsys/vcsmx/synopsys_sim.setup
2024.08.28.01:46:05 Info: synopsys/vcsmx/vcsmx_setup.sh
2024.08.28.01:46:05 Info: Generating the following file(s) for VCS simulator in /home/jcheung2/ofs24/ofs-agx7-pcie-attach/src/pd_qsys/fabric/ip/apf/apf_pr_slv/sim/ directory:
2024.08.28.01:46:05 Info: synopsys/vcs/vcs_setup.sh
2024.08.28.01:46:05 Info: Generating the following file(s) for MODELSIM simulator in /home/jcheung2/ofs24/ofs-agx7-pcie-attach/src/pd_qsys/fabric/ip/apf/apf_pr_slv/sim/ directory:
2024.08.28.01:46:05 Info: mentor/msim_setup.tcl
2024.08.28.01:46:05 Info: For information on how to simulate your IP, see the explanatory comments in the simulator-specific subdirectories under /home/jcheung2/ofs24/ofs-agx7-pcie-attach/src/pd_qsys/fabric/ip/apf/apf_pr_slv/sim/.
2024.08.28.01:46:05 Info: Regenerate these scripts whenever you make any change to any Quartus-generated IP in your project.
2024.08.28.01:46:05 Info: Finished: Create simulation script
2024.08.28.01:46:05 Info: 
2024.08.28.01:46:05 Info: Starting: Create HDL design files for synthesis
2024.08.28.01:46:05 Info: qsys-generate /home/jcheung2/ofs24/ofs-agx7-pcie-attach/src/pd_qsys/fabric/ip/apf/apf_pr_slv.ip --synthesis=VERILOG --output-directory=/home/jcheung2/ofs24/ofs-agx7-pcie-attach/src/pd_qsys/fabric/ip/apf/apf_pr_slv --family="Agilex 7" --part=AGFB014R24A2E2V
2024.08.28.01:46:05 Info: apf_pr_slv: "Transforming system: apf_pr_slv"
2024.08.28.01:46:05 Info: apf_pr_slv: "Naming system components in system: apf_pr_slv"
2024.08.28.01:46:05 Info: apf_pr_slv: "Processing generation queue"
2024.08.28.01:46:05 Info: apf_pr_slv: "Generating: apf_pr_slv"
2024.08.28.01:46:05 Info: apf_pr_slv: "Generating: axi4lite_shim"
2024.08.28.01:46:05 Info: apf_pr_slv: Done "apf_pr_slv" with 2 modules, 2 files
2024.08.28.01:46:05 Info: Finished: Create HDL design files for synthesis
2024.08.28.01:46:05 Info: Generation of /home/jcheung2/ofs24/ofs-agx7-pcie-attach/src/pd_qsys/fabric/ip/apf/apf_pr_slv.ip (apf_pr_slv) took 627 ms
2024.08.28.01:46:05 Info: 
2024.08.28.01:46:05 Info: Generating on localhost:42923
2024.08.28.01:46:05 Info: Saving generation log to /home/jcheung2/ofs24/ofs-agx7-pcie-attach/src/pd_qsys/fabric/ip/apf/apf_st2mm_slv/apf_st2mm_slv_generation.rpt
2024.08.28.01:46:05 Info: Generated by version: 23.4 build 79
2024.08.28.01:46:05 Info: Starting: Create simulation model
2024.08.28.01:46:05 Info: qsys-generate /home/jcheung2/ofs24/ofs-agx7-pcie-attach/src/pd_qsys/fabric/ip/apf/apf_st2mm_slv.ip --simulation=VERILOG --allow-mixed-language-simulation --output-directory=/home/jcheung2/ofs24/ofs-agx7-pcie-attach/src/pd_qsys/fabric/ip/apf/apf_st2mm_slv --family="Agilex 7" --part=AGFB014R24A2E2V
2024.08.28.01:46:05 Info: apf_st2mm_slv: "Transforming system: apf_st2mm_slv"
2024.08.28.01:46:05 Info: apf_st2mm_slv: "Naming system components in system: apf_st2mm_slv"
2024.08.28.01:46:05 Info: apf_st2mm_slv: "Processing generation queue"
2024.08.28.01:46:05 Info: apf_st2mm_slv: "Generating: apf_st2mm_slv"
2024.08.28.01:46:05 Info: apf_st2mm_slv: "Generating: axi4lite_shim"
2024.08.28.01:46:05 Info: apf_st2mm_slv: Done "apf_st2mm_slv" with 2 modules, 2 files
2024.08.28.01:46:05 Info: Generating the following file(s) for MODELSIM simulator in /home/jcheung2/ofs24/ofs-agx7-pcie-attach/src/pd_qsys/fabric/ip/apf/apf_st2mm_slv/sim/ directory:
2024.08.28.01:46:05 Info: common/modelsim_files.tcl
2024.08.28.01:46:05 Info: Generating the following file(s) for VCSMX simulator in /home/jcheung2/ofs24/ofs-agx7-pcie-attach/src/pd_qsys/fabric/ip/apf/apf_st2mm_slv/sim/ directory:
2024.08.28.01:46:05 Info: common/vcsmx_files.tcl
2024.08.28.01:46:05 Info: Generating the following file(s) for RIVIERA simulator in /home/jcheung2/ofs24/ofs-agx7-pcie-attach/src/pd_qsys/fabric/ip/apf/apf_st2mm_slv/sim/ directory:
2024.08.28.01:46:05 Info: common/riviera_files.tcl
2024.08.28.01:46:05 Info: Generating the following file(s) for XCELIUM simulator in /home/jcheung2/ofs24/ofs-agx7-pcie-attach/src/pd_qsys/fabric/ip/apf/apf_st2mm_slv/sim/ directory:
2024.08.28.01:46:05 Info: common/xcelium_files.tcl
2024.08.28.01:46:05 Info: Generating the following file(s) for VCS simulator in /home/jcheung2/ofs24/ofs-agx7-pcie-attach/src/pd_qsys/fabric/ip/apf/apf_st2mm_slv/sim/ directory:
2024.08.28.01:46:05 Info: common/vcs_files.tcl
2024.08.28.01:46:05 Info: For information on how to simulate your IP, see the explanatory comments in the simulator-specific subdirectories under /home/jcheung2/ofs24/ofs-agx7-pcie-attach/src/pd_qsys/fabric/ip/apf/apf_st2mm_slv/sim/.
2024.08.28.01:46:05 Info: Regenerate these scripts whenever you make any change to any Quartus-generated IP in your project.
2024.08.28.01:46:05 Info: Finished: Create simulation model
2024.08.28.01:46:05 Info: Starting: Create simulation script
2024.08.28.01:46:05 Info: sim-script-gen --system-file=/home/jcheung2/ofs24/ofs-agx7-pcie-attach/src/pd_qsys/fabric/ip/apf/apf_st2mm_slv.ip --output-directory=/home/jcheung2/ofs24/ofs-agx7-pcie-attach/src/pd_qsys/fabric/ip/apf/apf_st2mm_slv/sim/ --use-relative-paths=true
2024.08.28.01:46:05 Info: Generating the following file(s) for MODELSIM simulator in /home/jcheung2/ofs24/ofs-agx7-pcie-attach/src/pd_qsys/fabric/ip/apf/apf_st2mm_slv/sim/ directory:
2024.08.28.01:46:05 Info: mentor/msim_setup.tcl
2024.08.28.01:46:05 Info: Generating the following file(s) for VCSMX simulator in /home/jcheung2/ofs24/ofs-agx7-pcie-attach/src/pd_qsys/fabric/ip/apf/apf_st2mm_slv/sim/ directory:
2024.08.28.01:46:05 Info: synopsys/vcsmx/synopsys_sim.setup
2024.08.28.01:46:05 Info: synopsys/vcsmx/vcsmx_setup.sh
2024.08.28.01:46:05 Info: Generating the following file(s) for RIVIERA simulator in /home/jcheung2/ofs24/ofs-agx7-pcie-attach/src/pd_qsys/fabric/ip/apf/apf_st2mm_slv/sim/ directory:
2024.08.28.01:46:05 Info: aldec/rivierapro_setup.tcl
2024.08.28.01:46:05 Info: Generating the following file(s) for XCELIUM simulator in /home/jcheung2/ofs24/ofs-agx7-pcie-attach/src/pd_qsys/fabric/ip/apf/apf_st2mm_slv/sim/ directory:
2024.08.28.01:46:05 Info: xcelium/cds.lib
2024.08.28.01:46:05 Info: xcelium/hdl.var
2024.08.28.01:46:05 Info: xcelium/xcelium_setup.sh
2024.08.28.01:46:05 Info: 2 .cds.lib files in xcelium/cds_libs/ directory
2024.08.28.01:46:05 Info: Generating the following file(s) for VCS simulator in /home/jcheung2/ofs24/ofs-agx7-pcie-attach/src/pd_qsys/fabric/ip/apf/apf_st2mm_slv/sim/ directory:
2024.08.28.01:46:05 Info: synopsys/vcs/vcs_setup.sh
2024.08.28.01:46:05 Info: For information on how to simulate your IP, see the explanatory comments in the simulator-specific subdirectories under /home/jcheung2/ofs24/ofs-agx7-pcie-attach/src/pd_qsys/fabric/ip/apf/apf_st2mm_slv/sim/.
2024.08.28.01:46:05 Info: Regenerate these scripts whenever you make any change to any Quartus-generated IP in your project.
2024.08.28.01:46:05 Info: Finished: Create simulation script
2024.08.28.01:46:05 Info: 
2024.08.28.01:46:05 Info: Starting: Create HDL design files for synthesis
2024.08.28.01:46:05 Info: qsys-generate /home/jcheung2/ofs24/ofs-agx7-pcie-attach/src/pd_qsys/fabric/ip/apf/apf_st2mm_slv.ip --synthesis=VERILOG --output-directory=/home/jcheung2/ofs24/ofs-agx7-pcie-attach/src/pd_qsys/fabric/ip/apf/apf_st2mm_slv --family="Agilex 7" --part=AGFB014R24A2E2V
2024.08.28.01:46:05 Info: apf_st2mm_slv: "Transforming system: apf_st2mm_slv"
2024.08.28.01:46:05 Info: apf_st2mm_slv: "Naming system components in system: apf_st2mm_slv"
2024.08.28.01:46:05 Info: apf_st2mm_slv: "Processing generation queue"
2024.08.28.01:46:05 Info: apf_st2mm_slv: "Generating: apf_st2mm_slv"
2024.08.28.01:46:05 Info: apf_st2mm_slv: "Generating: axi4lite_shim"
2024.08.28.01:46:05 Info: apf_st2mm_slv: Done "apf_st2mm_slv" with 2 modules, 2 files
2024.08.28.01:46:05 Info: Finished: Create HDL design files for synthesis
2024.08.28.01:46:05 Info: Generation of /home/jcheung2/ofs24/ofs-agx7-pcie-attach/src/pd_qsys/fabric/ip/apf/apf_st2mm_slv.ip (apf_st2mm_slv) took 650 ms
2024.08.28.01:46:05 Info: 
2024.08.28.01:46:05 Info: Generating on localhost:40263
2024.08.28.01:46:05 Info: Saving generation log to /home/jcheung2/ofs24/ofs-agx7-pcie-attach/src/pd_qsys/fabric/ip/apf/apf_achk_slv/apf_achk_slv_generation.rpt
2024.08.28.01:46:05 Info: Generated by version: 23.4 build 79
2024.08.28.01:46:05 Info: Starting: Create simulation model
2024.08.28.01:46:05 Info: qsys-generate /home/jcheung2/ofs24/ofs-agx7-pcie-attach/src/pd_qsys/fabric/ip/apf/apf_achk_slv.ip --simulation=VERILOG --allow-mixed-language-simulation --output-directory=/home/jcheung2/ofs24/ofs-agx7-pcie-attach/src/pd_qsys/fabric/ip/apf/apf_achk_slv --family="Agilex 7" --part=AGFB014R24A2E2V
2024.08.28.01:46:05 Info: apf_achk_slv: "Transforming system: apf_achk_slv"
2024.08.28.01:46:05 Info: apf_achk_slv: "Naming system components in system: apf_achk_slv"
2024.08.28.01:46:05 Info: apf_achk_slv: "Processing generation queue"
2024.08.28.01:46:05 Info: apf_achk_slv: "Generating: apf_achk_slv"
2024.08.28.01:46:05 Info: apf_achk_slv: "Generating: axi4lite_shim"
2024.08.28.01:46:05 Info: apf_achk_slv: Done "apf_achk_slv" with 2 modules, 2 files
2024.08.28.01:46:05 Info: Generating the following file(s) for RIVIERA simulator in /home/jcheung2/ofs24/ofs-agx7-pcie-attach/src/pd_qsys/fabric/ip/apf/apf_achk_slv/sim/ directory:
2024.08.28.01:46:05 Info: common/riviera_files.tcl
2024.08.28.01:46:05 Info: Generating the following file(s) for XCELIUM simulator in /home/jcheung2/ofs24/ofs-agx7-pcie-attach/src/pd_qsys/fabric/ip/apf/apf_achk_slv/sim/ directory:
2024.08.28.01:46:05 Info: common/xcelium_files.tcl
2024.08.28.01:46:05 Info: Generating the following file(s) for MODELSIM simulator in /home/jcheung2/ofs24/ofs-agx7-pcie-attach/src/pd_qsys/fabric/ip/apf/apf_achk_slv/sim/ directory:
2024.08.28.01:46:05 Info: common/modelsim_files.tcl
2024.08.28.01:46:05 Info: Generating the following file(s) for VCS simulator in /home/jcheung2/ofs24/ofs-agx7-pcie-attach/src/pd_qsys/fabric/ip/apf/apf_achk_slv/sim/ directory:
2024.08.28.01:46:05 Info: common/vcs_files.tcl
2024.08.28.01:46:05 Info: Generating the following file(s) for VCSMX simulator in /home/jcheung2/ofs24/ofs-agx7-pcie-attach/src/pd_qsys/fabric/ip/apf/apf_achk_slv/sim/ directory:
2024.08.28.01:46:05 Info: common/vcsmx_files.tcl
2024.08.28.01:46:05 Info: For information on how to simulate your IP, see the explanatory comments in the simulator-specific subdirectories under /home/jcheung2/ofs24/ofs-agx7-pcie-attach/src/pd_qsys/fabric/ip/apf/apf_achk_slv/sim/.
2024.08.28.01:46:05 Info: Regenerate these scripts whenever you make any change to any Quartus-generated IP in your project.
2024.08.28.01:46:05 Info: Finished: Create simulation model
2024.08.28.01:46:05 Info: Starting: Create simulation script
2024.08.28.01:46:05 Info: sim-script-gen --system-file=/home/jcheung2/ofs24/ofs-agx7-pcie-attach/src/pd_qsys/fabric/ip/apf/apf_achk_slv.ip --output-directory=/home/jcheung2/ofs24/ofs-agx7-pcie-attach/src/pd_qsys/fabric/ip/apf/apf_achk_slv/sim/ --use-relative-paths=true
2024.08.28.01:46:05 Info: Generating the following file(s) for RIVIERA simulator in /home/jcheung2/ofs24/ofs-agx7-pcie-attach/src/pd_qsys/fabric/ip/apf/apf_achk_slv/sim/ directory:
2024.08.28.01:46:05 Info: aldec/rivierapro_setup.tcl
2024.08.28.01:46:05 Info: Generating the following file(s) for XCELIUM simulator in /home/jcheung2/ofs24/ofs-agx7-pcie-attach/src/pd_qsys/fabric/ip/apf/apf_achk_slv/sim/ directory:
2024.08.28.01:46:05 Info: xcelium/cds.lib
2024.08.28.01:46:05 Info: xcelium/hdl.var
2024.08.28.01:46:05 Info: xcelium/xcelium_setup.sh
2024.08.28.01:46:05 Info: 2 .cds.lib files in xcelium/cds_libs/ directory
2024.08.28.01:46:05 Info: Generating the following file(s) for MODELSIM simulator in /home/jcheung2/ofs24/ofs-agx7-pcie-attach/src/pd_qsys/fabric/ip/apf/apf_achk_slv/sim/ directory:
2024.08.28.01:46:05 Info: mentor/msim_setup.tcl
2024.08.28.01:46:05 Info: Generating the following file(s) for VCS simulator in /home/jcheung2/ofs24/ofs-agx7-pcie-attach/src/pd_qsys/fabric/ip/apf/apf_achk_slv/sim/ directory:
2024.08.28.01:46:05 Info: synopsys/vcs/vcs_setup.sh
2024.08.28.01:46:05 Info: Generating the following file(s) for VCSMX simulator in /home/jcheung2/ofs24/ofs-agx7-pcie-attach/src/pd_qsys/fabric/ip/apf/apf_achk_slv/sim/ directory:
2024.08.28.01:46:05 Info: synopsys/vcsmx/synopsys_sim.setup
2024.08.28.01:46:05 Info: synopsys/vcsmx/vcsmx_setup.sh
2024.08.28.01:46:05 Info: For information on how to simulate your IP, see the explanatory comments in the simulator-specific subdirectories under /home/jcheung2/ofs24/ofs-agx7-pcie-attach/src/pd_qsys/fabric/ip/apf/apf_achk_slv/sim/.
2024.08.28.01:46:05 Info: Regenerate these scripts whenever you make any change to any Quartus-generated IP in your project.
2024.08.28.01:46:05 Info: Finished: Create simulation script
2024.08.28.01:46:05 Info: 
2024.08.28.01:46:05 Info: Starting: Create HDL design files for synthesis
2024.08.28.01:46:05 Info: qsys-generate /home/jcheung2/ofs24/ofs-agx7-pcie-attach/src/pd_qsys/fabric/ip/apf/apf_achk_slv.ip --synthesis=VERILOG --output-directory=/home/jcheung2/ofs24/ofs-agx7-pcie-attach/src/pd_qsys/fabric/ip/apf/apf_achk_slv --family="Agilex 7" --part=AGFB014R24A2E2V
2024.08.28.01:46:05 Info: apf_achk_slv: "Transforming system: apf_achk_slv"
2024.08.28.01:46:05 Info: apf_achk_slv: "Naming system components in system: apf_achk_slv"
2024.08.28.01:46:05 Info: apf_achk_slv: "Processing generation queue"
2024.08.28.01:46:05 Info: apf_achk_slv: "Generating: apf_achk_slv"
2024.08.28.01:46:05 Info: apf_achk_slv: "Generating: axi4lite_shim"
2024.08.28.01:46:05 Info: apf_achk_slv: Done "apf_achk_slv" with 2 modules, 2 files
2024.08.28.01:46:05 Info: Finished: Create HDL design files for synthesis
2024.08.28.01:46:05 Info: Generation of /home/jcheung2/ofs24/ofs-agx7-pcie-attach/src/pd_qsys/fabric/ip/apf/apf_achk_slv.ip (apf_achk_slv) took 663 ms
2024.08.28.01:46:06 Info: 
2024.08.28.01:46:06 Info: Generating on localhost:45053
2024.08.28.01:46:06 Warning: apf: apf_achk_slv declares parameter maximumOutstandingReads set to 16 on interface altera_axi4lite_slave that does not match 1 declared in file apf_achk_slv.ip
2024.08.28.01:46:06 Warning: apf: apf_achk_slv declares parameter maximumOutstandingWrites set to 16 on interface altera_axi4lite_slave that does not match 1 declared in file apf_achk_slv.ip
2024.08.28.01:46:06 Warning: apf: apf_achk_slv declares parameter maximumOutstandingTransactions set to 16 on interface altera_axi4lite_slave that does not match 1 declared in file apf_achk_slv.ip
2024.08.28.01:46:06 Warning: apf: apf_achk_slv declares parameter readAcceptanceCapability set to 16 on interface altera_axi4lite_slave that does not match 1 declared in file apf_achk_slv.ip
2024.08.28.01:46:06 Warning: apf: apf_achk_slv declares parameter writeAcceptanceCapability set to 16 on interface altera_axi4lite_slave that does not match 1 declared in file apf_achk_slv.ip
2024.08.28.01:46:06 Warning: apf: apf_achk_slv declares parameter combinedAcceptanceCapability set to 16 on interface altera_axi4lite_slave that does not match 1 declared in file apf_achk_slv.ip
2024.08.28.01:46:06 Warning: apf: apf_achk_slv declares parameter maximumOutstandingReads set to 16 on interface altera_axi4lite_master that does not match 1 declared in file apf_achk_slv.ip
2024.08.28.01:46:06 Warning: apf: apf_achk_slv declares parameter maximumOutstandingWrites set to 16 on interface altera_axi4lite_master that does not match 1 declared in file apf_achk_slv.ip
2024.08.28.01:46:06 Warning: apf: apf_achk_slv declares parameter maximumOutstandingTransactions set to 16 on interface altera_axi4lite_master that does not match 1 declared in file apf_achk_slv.ip
2024.08.28.01:46:06 Warning: apf: apf_achk_slv declares parameter readIssuingCapability set to 16 on interface altera_axi4lite_master that does not match 1 declared in file apf_achk_slv.ip
2024.08.28.01:46:06 Warning: apf: apf_achk_slv declares parameter writeIssuingCapability set to 16 on interface altera_axi4lite_master that does not match 1 declared in file apf_achk_slv.ip
2024.08.28.01:46:06 Warning: apf: apf_achk_slv declares parameter combinedIssuingCapability set to 16 on interface altera_axi4lite_master that does not match 1 declared in file apf_achk_slv.ip
2024.08.28.01:46:06 Warning: apf: apf_bpf_mst declares parameter maximumOutstandingReads set to 16 on interface altera_axi4lite_slave that does not match 1 declared in file apf_bpf_mst.ip
2024.08.28.01:46:06 Warning: apf: apf_bpf_mst declares parameter maximumOutstandingWrites set to 16 on interface altera_axi4lite_slave that does not match 1 declared in file apf_bpf_mst.ip
2024.08.28.01:46:06 Warning: apf: apf_bpf_mst declares parameter maximumOutstandingTransactions set to 16 on interface altera_axi4lite_slave that does not match 1 declared in file apf_bpf_mst.ip
2024.08.28.01:46:06 Warning: apf: apf_bpf_mst declares parameter readAcceptanceCapability set to 16 on interface altera_axi4lite_slave that does not match 1 declared in file apf_bpf_mst.ip
2024.08.28.01:46:06 Warning: apf: apf_bpf_mst declares parameter writeAcceptanceCapability set to 16 on interface altera_axi4lite_slave that does not match 1 declared in file apf_bpf_mst.ip
2024.08.28.01:46:06 Warning: apf: apf_bpf_mst declares parameter combinedAcceptanceCapability set to 16 on interface altera_axi4lite_slave that does not match 1 declared in file apf_bpf_mst.ip
2024.08.28.01:46:06 Warning: apf: apf_bpf_mst declares parameter maximumOutstandingReads set to 16 on interface altera_axi4lite_master that does not match 1 declared in file apf_bpf_mst.ip
2024.08.28.01:46:06 Warning: apf: apf_bpf_mst declares parameter maximumOutstandingWrites set to 16 on interface altera_axi4lite_master that does not match 1 declared in file apf_bpf_mst.ip
2024.08.28.01:46:06 Warning: apf: apf_bpf_mst declares parameter maximumOutstandingTransactions set to 16 on interface altera_axi4lite_master that does not match 1 declared in file apf_bpf_mst.ip
2024.08.28.01:46:06 Warning: apf: apf_bpf_mst declares parameter readIssuingCapability set to 16 on interface altera_axi4lite_master that does not match 1 declared in file apf_bpf_mst.ip
2024.08.28.01:46:06 Warning: apf: apf_bpf_mst declares parameter writeIssuingCapability set to 16 on interface altera_axi4lite_master that does not match 1 declared in file apf_bpf_mst.ip
2024.08.28.01:46:06 Warning: apf: apf_bpf_mst declares parameter combinedIssuingCapability set to 16 on interface altera_axi4lite_master that does not match 1 declared in file apf_bpf_mst.ip
2024.08.28.01:46:06 Warning: apf: apf_bpf_slv declares parameter maximumOutstandingReads set to 16 on interface altera_axi4lite_slave that does not match 1 declared in file apf_bpf_slv.ip
2024.08.28.01:46:06 Warning: apf: apf_bpf_slv declares parameter maximumOutstandingWrites set to 16 on interface altera_axi4lite_slave that does not match 1 declared in file apf_bpf_slv.ip
2024.08.28.01:46:06 Warning: apf: apf_bpf_slv declares parameter maximumOutstandingTransactions set to 16 on interface altera_axi4lite_slave that does not match 1 declared in file apf_bpf_slv.ip
2024.08.28.01:46:06 Warning: apf: apf_bpf_slv declares parameter readAcceptanceCapability set to 16 on interface altera_axi4lite_slave that does not match 1 declared in file apf_bpf_slv.ip
2024.08.28.01:46:06 Warning: apf: apf_bpf_slv declares parameter writeAcceptanceCapability set to 16 on interface altera_axi4lite_slave that does not match 1 declared in file apf_bpf_slv.ip
2024.08.28.01:46:06 Warning: apf: apf_bpf_slv declares parameter combinedAcceptanceCapability set to 16 on interface altera_axi4lite_slave that does not match 1 declared in file apf_bpf_slv.ip
2024.08.28.01:46:06 Warning: apf: apf_bpf_slv declares parameter maximumOutstandingReads set to 16 on interface altera_axi4lite_master that does not match 1 declared in file apf_bpf_slv.ip
2024.08.28.01:46:06 Warning: apf: apf_bpf_slv declares parameter maximumOutstandingWrites set to 16 on interface altera_axi4lite_master that does not match 1 declared in file apf_bpf_slv.ip
2024.08.28.01:46:06 Warning: apf: apf_bpf_slv declares parameter maximumOutstandingTransactions set to 16 on interface altera_axi4lite_master that does not match 1 declared in file apf_bpf_slv.ip
2024.08.28.01:46:06 Warning: apf: apf_bpf_slv declares parameter readIssuingCapability set to 16 on interface altera_axi4lite_master that does not match 1 declared in file apf_bpf_slv.ip
2024.08.28.01:46:06 Warning: apf: apf_bpf_slv declares parameter writeIssuingCapability set to 16 on interface altera_axi4lite_master that does not match 1 declared in file apf_bpf_slv.ip
2024.08.28.01:46:06 Warning: apf: apf_bpf_slv declares parameter combinedIssuingCapability set to 16 on interface altera_axi4lite_master that does not match 1 declared in file apf_bpf_slv.ip
2024.08.28.01:46:06 Warning: apf: apf_mctp_mst declares parameter maximumOutstandingReads set to 16 on interface altera_axi4lite_slave that does not match 1 declared in file apf_mctp_mst.ip
2024.08.28.01:46:06 Warning: apf: apf_mctp_mst declares parameter maximumOutstandingWrites set to 16 on interface altera_axi4lite_slave that does not match 1 declared in file apf_mctp_mst.ip
2024.08.28.01:46:06 Warning: apf: apf_mctp_mst declares parameter maximumOutstandingTransactions set to 16 on interface altera_axi4lite_slave that does not match 1 declared in file apf_mctp_mst.ip
2024.08.28.01:46:06 Warning: apf: apf_mctp_mst declares parameter readAcceptanceCapability set to 16 on interface altera_axi4lite_slave that does not match 1 declared in file apf_mctp_mst.ip
2024.08.28.01:46:06 Warning: apf: apf_mctp_mst declares parameter writeAcceptanceCapability set to 16 on interface altera_axi4lite_slave that does not match 1 declared in file apf_mctp_mst.ip
2024.08.28.01:46:06 Warning: apf: apf_mctp_mst declares parameter combinedAcceptanceCapability set to 16 on interface altera_axi4lite_slave that does not match 1 declared in file apf_mctp_mst.ip
2024.08.28.01:46:06 Warning: apf: apf_mctp_mst declares parameter maximumOutstandingReads set to 16 on interface altera_axi4lite_master that does not match 1 declared in file apf_mctp_mst.ip
2024.08.28.01:46:06 Warning: apf: apf_mctp_mst declares parameter maximumOutstandingWrites set to 16 on interface altera_axi4lite_master that does not match 1 declared in file apf_mctp_mst.ip
2024.08.28.01:46:06 Warning: apf: apf_mctp_mst declares parameter maximumOutstandingTransactions set to 16 on interface altera_axi4lite_master that does not match 1 declared in file apf_mctp_mst.ip
2024.08.28.01:46:06 Warning: apf: apf_mctp_mst declares parameter readIssuingCapability set to 16 on interface altera_axi4lite_master that does not match 1 declared in file apf_mctp_mst.ip
2024.08.28.01:46:06 Warning: apf: apf_mctp_mst declares parameter writeIssuingCapability set to 16 on interface altera_axi4lite_master that does not match 1 declared in file apf_mctp_mst.ip
2024.08.28.01:46:06 Warning: apf: apf_mctp_mst declares parameter combinedIssuingCapability set to 16 on interface altera_axi4lite_master that does not match 1 declared in file apf_mctp_mst.ip
2024.08.28.01:46:06 Warning: apf: apf_pr_2_slv declares parameter maximumOutstandingReads set to 16 on interface altera_axi4lite_slave that does not match 1 declared in file apf_pr_2_slv.ip
2024.08.28.01:46:06 Warning: apf: apf_pr_2_slv declares parameter maximumOutstandingWrites set to 16 on interface altera_axi4lite_slave that does not match 1 declared in file apf_pr_2_slv.ip
2024.08.28.01:46:06 Warning: apf: apf_pr_2_slv declares parameter maximumOutstandingTransactions set to 16 on interface altera_axi4lite_slave that does not match 1 declared in file apf_pr_2_slv.ip
2024.08.28.01:46:06 Warning: apf: apf_pr_2_slv declares parameter readAcceptanceCapability set to 16 on interface altera_axi4lite_slave that does not match 1 declared in file apf_pr_2_slv.ip
2024.08.28.01:46:06 Warning: apf: apf_pr_2_slv declares parameter writeAcceptanceCapability set to 16 on interface altera_axi4lite_slave that does not match 1 declared in file apf_pr_2_slv.ip
2024.08.28.01:46:06 Warning: apf: apf_pr_2_slv declares parameter combinedAcceptanceCapability set to 16 on interface altera_axi4lite_slave that does not match 1 declared in file apf_pr_2_slv.ip
2024.08.28.01:46:06 Warning: apf: apf_pr_2_slv declares parameter maximumOutstandingReads set to 16 on interface altera_axi4lite_master that does not match 1 declared in file apf_pr_2_slv.ip
2024.08.28.01:46:06 Warning: apf: apf_pr_2_slv declares parameter maximumOutstandingWrites set to 16 on interface altera_axi4lite_master that does not match 1 declared in file apf_pr_2_slv.ip
2024.08.28.01:46:06 Warning: apf: apf_pr_2_slv declares parameter maximumOutstandingTransactions set to 16 on interface altera_axi4lite_master that does not match 1 declared in file apf_pr_2_slv.ip
2024.08.28.01:46:06 Warning: apf: apf_pr_2_slv declares parameter readIssuingCapability set to 16 on interface altera_axi4lite_master that does not match 1 declared in file apf_pr_2_slv.ip
2024.08.28.01:46:06 Warning: apf: apf_pr_2_slv declares parameter writeIssuingCapability set to 16 on interface altera_axi4lite_master that does not match 1 declared in file apf_pr_2_slv.ip
2024.08.28.01:46:06 Warning: apf: apf_pr_2_slv declares parameter combinedIssuingCapability set to 16 on interface altera_axi4lite_master that does not match 1 declared in file apf_pr_2_slv.ip
2024.08.28.01:46:06 Warning: apf: apf_pr_slv declares parameter maximumOutstandingReads set to 16 on interface altera_axi4lite_slave that does not match 1 declared in file apf_pr_slv.ip
2024.08.28.01:46:06 Warning: apf: apf_pr_slv declares parameter maximumOutstandingWrites set to 16 on interface altera_axi4lite_slave that does not match 1 declared in file apf_pr_slv.ip
2024.08.28.01:46:06 Warning: apf: apf_pr_slv declares parameter maximumOutstandingTransactions set to 16 on interface altera_axi4lite_slave that does not match 1 declared in file apf_pr_slv.ip
2024.08.28.01:46:06 Warning: apf: apf_pr_slv declares parameter readAcceptanceCapability set to 16 on interface altera_axi4lite_slave that does not match 1 declared in file apf_pr_slv.ip
2024.08.28.01:46:06 Warning: apf: apf_pr_slv declares parameter writeAcceptanceCapability set to 16 on interface altera_axi4lite_slave that does not match 1 declared in file apf_pr_slv.ip
2024.08.28.01:46:06 Warning: apf: apf_pr_slv declares parameter combinedAcceptanceCapability set to 16 on interface altera_axi4lite_slave that does not match 1 declared in file apf_pr_slv.ip
2024.08.28.01:46:06 Warning: apf: apf_pr_slv declares parameter maximumOutstandingReads set to 16 on interface altera_axi4lite_master that does not match 1 declared in file apf_pr_slv.ip
2024.08.28.01:46:06 Warning: apf: apf_pr_slv declares parameter maximumOutstandingWrites set to 16 on interface altera_axi4lite_master that does not match 1 declared in file apf_pr_slv.ip
2024.08.28.01:46:06 Warning: apf: apf_pr_slv declares parameter maximumOutstandingTransactions set to 16 on interface altera_axi4lite_master that does not match 1 declared in file apf_pr_slv.ip
2024.08.28.01:46:06 Warning: apf: apf_pr_slv declares parameter readIssuingCapability set to 16 on interface altera_axi4lite_master that does not match 1 declared in file apf_pr_slv.ip
2024.08.28.01:46:06 Warning: apf: apf_pr_slv declares parameter writeIssuingCapability set to 16 on interface altera_axi4lite_master that does not match 1 declared in file apf_pr_slv.ip
2024.08.28.01:46:06 Warning: apf: apf_pr_slv declares parameter combinedIssuingCapability set to 16 on interface altera_axi4lite_master that does not match 1 declared in file apf_pr_slv.ip
2024.08.28.01:46:06 Warning: apf: apf_st2mm_mst declares parameter maximumOutstandingReads set to 16 on interface altera_axi4lite_slave that does not match 1 declared in file apf_st2mm_mst.ip
2024.08.28.01:46:06 Warning: apf: apf_st2mm_mst declares parameter maximumOutstandingWrites set to 16 on interface altera_axi4lite_slave that does not match 1 declared in file apf_st2mm_mst.ip
2024.08.28.01:46:06 Warning: apf: apf_st2mm_mst declares parameter maximumOutstandingTransactions set to 16 on interface altera_axi4lite_slave that does not match 1 declared in file apf_st2mm_mst.ip
2024.08.28.01:46:06 Warning: apf: apf_st2mm_mst declares parameter readAcceptanceCapability set to 16 on interface altera_axi4lite_slave that does not match 1 declared in file apf_st2mm_mst.ip
2024.08.28.01:46:06 Warning: apf: apf_st2mm_mst declares parameter writeAcceptanceCapability set to 16 on interface altera_axi4lite_slave that does not match 1 declared in file apf_st2mm_mst.ip
2024.08.28.01:46:06 Warning: apf: apf_st2mm_mst declares parameter combinedAcceptanceCapability set to 16 on interface altera_axi4lite_slave that does not match 1 declared in file apf_st2mm_mst.ip
2024.08.28.01:46:06 Warning: apf: apf_st2mm_mst declares parameter maximumOutstandingReads set to 16 on interface altera_axi4lite_master that does not match 1 declared in file apf_st2mm_mst.ip
2024.08.28.01:46:06 Warning: apf: apf_st2mm_mst declares parameter maximumOutstandingWrites set to 16 on interface altera_axi4lite_master that does not match 1 declared in file apf_st2mm_mst.ip
2024.08.28.01:46:06 Warning: apf: apf_st2mm_mst declares parameter maximumOutstandingTransactions set to 16 on interface altera_axi4lite_master that does not match 1 declared in file apf_st2mm_mst.ip
2024.08.28.01:46:06 Warning: apf: apf_st2mm_mst declares parameter readIssuingCapability set to 16 on interface altera_axi4lite_master that does not match 1 declared in file apf_st2mm_mst.ip
2024.08.28.01:46:06 Warning: apf: apf_st2mm_mst declares parameter writeIssuingCapability set to 16 on interface altera_axi4lite_master that does not match 1 declared in file apf_st2mm_mst.ip
2024.08.28.01:46:06 Warning: apf: apf_st2mm_mst declares parameter combinedIssuingCapability set to 16 on interface altera_axi4lite_master that does not match 1 declared in file apf_st2mm_mst.ip
2024.08.28.01:46:06 Warning: apf: apf_st2mm_slv declares parameter maximumOutstandingReads set to 16 on interface altera_axi4lite_slave that does not match 1 declared in file apf_st2mm_slv.ip
2024.08.28.01:46:06 Warning: apf: apf_st2mm_slv declares parameter maximumOutstandingWrites set to 16 on interface altera_axi4lite_slave that does not match 1 declared in file apf_st2mm_slv.ip
2024.08.28.01:46:06 Warning: apf: apf_st2mm_slv declares parameter maximumOutstandingTransactions set to 16 on interface altera_axi4lite_slave that does not match 1 declared in file apf_st2mm_slv.ip
2024.08.28.01:46:06 Warning: apf: apf_st2mm_slv declares parameter readAcceptanceCapability set to 16 on interface altera_axi4lite_slave that does not match 1 declared in file apf_st2mm_slv.ip
2024.08.28.01:46:06 Warning: apf: apf_st2mm_slv declares parameter writeAcceptanceCapability set to 16 on interface altera_axi4lite_slave that does not match 1 declared in file apf_st2mm_slv.ip
2024.08.28.01:46:06 Warning: apf: apf_st2mm_slv declares parameter combinedAcceptanceCapability set to 16 on interface altera_axi4lite_slave that does not match 1 declared in file apf_st2mm_slv.ip
2024.08.28.01:46:06 Warning: apf: apf_st2mm_slv declares parameter maximumOutstandingReads set to 16 on interface altera_axi4lite_master that does not match 1 declared in file apf_st2mm_slv.ip
2024.08.28.01:46:06 Warning: apf: apf_st2mm_slv declares parameter maximumOutstandingWrites set to 16 on interface altera_axi4lite_master that does not match 1 declared in file apf_st2mm_slv.ip
2024.08.28.01:46:06 Warning: apf: apf_st2mm_slv declares parameter maximumOutstandingTransactions set to 16 on interface altera_axi4lite_master that does not match 1 declared in file apf_st2mm_slv.ip
2024.08.28.01:46:06 Warning: apf: apf_st2mm_slv declares parameter readIssuingCapability set to 16 on interface altera_axi4lite_master that does not match 1 declared in file apf_st2mm_slv.ip
2024.08.28.01:46:06 Warning: apf: apf_st2mm_slv declares parameter writeIssuingCapability set to 16 on interface altera_axi4lite_master that does not match 1 declared in file apf_st2mm_slv.ip
2024.08.28.01:46:06 Warning: apf: apf_st2mm_slv declares parameter combinedIssuingCapability set to 16 on interface altera_axi4lite_master that does not match 1 declared in file apf_st2mm_slv.ip
2024.08.28.01:46:06 Warning: apf: apf_uart_mst declares parameter maximumOutstandingReads set to 16 on interface altera_axi4lite_slave that does not match 1 declared in file apf_uart_mst.ip
2024.08.28.01:46:06 Warning: apf: apf_uart_mst declares parameter maximumOutstandingWrites set to 16 on interface altera_axi4lite_slave that does not match 1 declared in file apf_uart_mst.ip
2024.08.28.01:46:06 Warning: apf: apf_uart_mst declares parameter maximumOutstandingTransactions set to 16 on interface altera_axi4lite_slave that does not match 1 declared in file apf_uart_mst.ip
2024.08.28.01:46:06 Warning: apf: apf_uart_mst declares parameter readAcceptanceCapability set to 16 on interface altera_axi4lite_slave that does not match 1 declared in file apf_uart_mst.ip
2024.08.28.01:46:06 Warning: apf: apf_uart_mst declares parameter writeAcceptanceCapability set to 16 on interface altera_axi4lite_slave that does not match 1 declared in file apf_uart_mst.ip
2024.08.28.01:46:06 Warning: apf: apf_uart_mst declares parameter combinedAcceptanceCapability set to 16 on interface altera_axi4lite_slave that does not match 1 declared in file apf_uart_mst.ip
2024.08.28.01:46:06 Warning: apf: apf_uart_mst declares parameter maximumOutstandingReads set to 16 on interface altera_axi4lite_master that does not match 1 declared in file apf_uart_mst.ip
2024.08.28.01:46:06 Warning: apf: apf_uart_mst declares parameter maximumOutstandingWrites set to 16 on interface altera_axi4lite_master that does not match 1 declared in file apf_uart_mst.ip
2024.08.28.01:46:06 Warning: apf: apf_uart_mst declares parameter maximumOutstandingTransactions set to 16 on interface altera_axi4lite_master that does not match 1 declared in file apf_uart_mst.ip
2024.08.28.01:46:06 Warning: apf: apf_uart_mst declares parameter readIssuingCapability set to 16 on interface altera_axi4lite_master that does not match 1 declared in file apf_uart_mst.ip
2024.08.28.01:46:06 Warning: apf: apf_uart_mst declares parameter writeIssuingCapability set to 16 on interface altera_axi4lite_master that does not match 1 declared in file apf_uart_mst.ip
2024.08.28.01:46:06 Warning: apf: apf_uart_mst declares parameter combinedIssuingCapability set to 16 on interface altera_axi4lite_master that does not match 1 declared in file apf_uart_mst.ip
2024.08.28.01:46:06 Warning: apf: apf_uart_slv declares parameter maximumOutstandingReads set to 16 on interface altera_axi4lite_slave that does not match 1 declared in file apf_uart_slv.ip
2024.08.28.01:46:06 Warning: apf: apf_uart_slv declares parameter maximumOutstandingWrites set to 16 on interface altera_axi4lite_slave that does not match 1 declared in file apf_uart_slv.ip
2024.08.28.01:46:06 Warning: apf: apf_uart_slv declares parameter maximumOutstandingTransactions set to 16 on interface altera_axi4lite_slave that does not match 1 declared in file apf_uart_slv.ip
2024.08.28.01:46:06 Warning: apf: apf_uart_slv declares parameter readAcceptanceCapability set to 16 on interface altera_axi4lite_slave that does not match 1 declared in file apf_uart_slv.ip
2024.08.28.01:46:06 Warning: apf: apf_uart_slv declares parameter writeAcceptanceCapability set to 16 on interface altera_axi4lite_slave that does not match 1 declared in file apf_uart_slv.ip
2024.08.28.01:46:06 Warning: apf: apf_uart_slv declares parameter combinedAcceptanceCapability set to 16 on interface altera_axi4lite_slave that does not match 1 declared in file apf_uart_slv.ip
2024.08.28.01:46:06 Warning: apf: apf_uart_slv declares parameter maximumOutstandingReads set to 16 on interface altera_axi4lite_master that does not match 1 declared in file apf_uart_slv.ip
2024.08.28.01:46:06 Warning: apf: apf_uart_slv declares parameter maximumOutstandingWrites set to 16 on interface altera_axi4lite_master that does not match 1 declared in file apf_uart_slv.ip
2024.08.28.01:46:06 Warning: apf: apf_uart_slv declares parameter maximumOutstandingTransactions set to 16 on interface altera_axi4lite_master that does not match 1 declared in file apf_uart_slv.ip
2024.08.28.01:46:06 Warning: apf: apf_uart_slv declares parameter readIssuingCapability set to 16 on interface altera_axi4lite_master that does not match 1 declared in file apf_uart_slv.ip
2024.08.28.01:46:06 Warning: apf: apf_uart_slv declares parameter writeIssuingCapability set to 16 on interface altera_axi4lite_master that does not match 1 declared in file apf_uart_slv.ip
2024.08.28.01:46:06 Warning: apf: apf_uart_slv declares parameter combinedIssuingCapability set to 16 on interface altera_axi4lite_master that does not match 1 declared in file apf_uart_slv.ip
2024.08.28.01:46:06 Info: Saving generation log to /home/jcheung2/ofs24/ofs-agx7-pcie-attach/src/pd_qsys/fabric/apf/apf_generation.rpt
2024.08.28.01:46:06 Info: Generated by version: 23.4 build 79
2024.08.28.01:46:06 Info: Starting: Create simulation model
2024.08.28.01:46:06 Info: qsys-generate /home/jcheung2/ofs24/ofs-agx7-pcie-attach/src/pd_qsys/fabric/apf.qsys --simulation=VERILOG --allow-mixed-language-simulation --output-directory=/home/jcheung2/ofs24/ofs-agx7-pcie-attach/src/pd_qsys/fabric/apf --family="Agilex 7" --part=AGFB014R24A2E2V
2024.08.28.01:46:06 Info: Loading fabric/apf.qsys
2024.08.28.01:46:06 Info: Reading input file
2024.08.28.01:46:06 Info: Parameterizing module apf_achk_slv
2024.08.28.01:46:06 Info: Parameterizing module apf_bpf_mst
2024.08.28.01:46:06 Info: Parameterizing module apf_bpf_slv
2024.08.28.01:46:06 Info: Parameterizing module apf_clock_bridge
2024.08.28.01:46:06 Info: Parameterizing module apf_default_slv
2024.08.28.01:46:06 Info: Parameterizing module apf_mctp_mst
2024.08.28.01:46:06 Info: Parameterizing module apf_pr_2_slv
2024.08.28.01:46:06 Info: Parameterizing module apf_pr_slv
2024.08.28.01:46:06 Info: Parameterizing module apf_reset_bridge
2024.08.28.01:46:06 Info: Parameterizing module apf_st2mm_mst
2024.08.28.01:46:06 Info: Parameterizing module apf_st2mm_slv
2024.08.28.01:46:06 Info: Parameterizing module apf_uart_mst
2024.08.28.01:46:06 Info: Parameterizing module apf_uart_slv
2024.08.28.01:46:06 Info: Building connections
2024.08.28.01:46:06 Info: Parameterizing connections
2024.08.28.01:46:06 Info: Validating
2024.08.28.01:46:06 Info: Done reading input file
2024.08.28.01:46:06 Info: apf: "Transforming system: apf"
2024.08.28.01:46:06 Info: apf: "Naming system components in system: apf"
2024.08.28.01:46:06 Info: apf: "Processing generation queue"
2024.08.28.01:46:06 Info: apf: "Generating: apf"
2024.08.28.01:46:06 Info: apf: "Generating: apf_achk_slv"
2024.08.28.01:46:06 Info: apf: "Generating: apf_bpf_mst"
2024.08.28.01:46:06 Info: apf: "Generating: apf_bpf_slv"
2024.08.28.01:46:06 Info: apf: "Generating: apf_clock_bridge"
2024.08.28.01:46:06 Info: apf: "Generating: apf_default_slv"
2024.08.28.01:46:06 Info: apf: "Generating: apf_mctp_mst"
2024.08.28.01:46:06 Info: apf: "Generating: apf_pr_2_slv"
2024.08.28.01:46:06 Info: apf: "Generating: apf_pr_slv"
2024.08.28.01:46:06 Info: apf: "Generating: apf_reset_bridge"
2024.08.28.01:46:06 Info: apf: "Generating: apf_st2mm_mst"
2024.08.28.01:46:06 Info: apf: "Generating: apf_st2mm_slv"
2024.08.28.01:46:06 Info: apf: "Generating: apf_uart_mst"
2024.08.28.01:46:06 Info: apf: "Generating: apf_uart_slv"
2024.08.28.01:46:06 Info: apf: "Generating: apf_altera_mm_interconnect_1920_tpkmrta"
2024.08.28.01:46:06 Info: apf: "Generating: apf_altera_merlin_axi_master_ni_1962_2kryw2a"
2024.08.28.01:46:06 Info: apf: "Generating: apf_altera_merlin_axi_slave_ni_1971_ifkli3q"
2024.08.28.01:46:06 Info: my_altera_avalon_sc_fifo_wr: "Generating: my_altera_avalon_sc_fifo_wr"
2024.08.28.01:46:06 Info: my_altera_avalon_sc_fifo_rd: "Generating: my_altera_avalon_sc_fifo_rd"
2024.08.28.01:46:06 Info: my_altera_avalon_st_pipeline_stage_rd: "Generating: my_altera_avalon_st_pipeline_stage_rd"
2024.08.28.01:46:06 Info: my_altera_avalon_st_pipeline_stage_wr: "Generating: my_altera_avalon_st_pipeline_stage_wr"
2024.08.28.01:46:06 Info: my_altera_avalon_st_pipeline_stage_rp: "Generating: my_altera_avalon_st_pipeline_stage_rp"
2024.08.28.01:46:06 Info: apf: "Generating: apf_altera_merlin_axi_slave_ni_1971_tt2xwma"
2024.08.28.01:46:06 Info: my_altera_avalon_sc_fifo_wr: "Generating: my_altera_avalon_sc_fifo_wr"
2024.08.28.01:46:06 Info: my_altera_avalon_sc_fifo_rd: "Generating: my_altera_avalon_sc_fifo_rd"
2024.08.28.01:46:06 Info: my_altera_avalon_st_pipeline_stage_rd: "Generating: my_altera_avalon_st_pipeline_stage_rd"
2024.08.28.01:46:06 Info: my_altera_avalon_st_pipeline_stage_wr: "Generating: my_altera_avalon_st_pipeline_stage_wr"
2024.08.28.01:46:06 Info: my_altera_avalon_st_pipeline_stage_rp: "Generating: my_altera_avalon_st_pipeline_stage_rp"
2024.08.28.01:46:06 Info: apf: "Generating: apf_altera_merlin_axi_slave_ni_1971_plrxymy"
2024.08.28.01:46:06 Info: my_altera_avalon_sc_fifo_wr: "Generating: my_altera_avalon_sc_fifo_wr"
2024.08.28.01:46:06 Info: my_altera_avalon_sc_fifo_rd: "Generating: my_altera_avalon_sc_fifo_rd"
2024.08.28.01:46:06 Info: my_altera_avalon_st_pipeline_stage_rd: "Generating: my_altera_avalon_st_pipeline_stage_rd"
2024.08.28.01:46:06 Info: my_altera_avalon_st_pipeline_stage_wr: "Generating: my_altera_avalon_st_pipeline_stage_wr"
2024.08.28.01:46:06 Info: my_altera_avalon_st_pipeline_stage_rp: "Generating: my_altera_avalon_st_pipeline_stage_rp"
2024.08.28.01:46:06 Info: apf: "Generating: apf_altera_merlin_axi_slave_ni_1971_47p3fxq"
2024.08.28.01:46:06 Info: my_altera_avalon_sc_fifo_wr: "Generating: my_altera_avalon_sc_fifo_wr"
2024.08.28.01:46:06 Info: my_altera_avalon_sc_fifo_rd: "Generating: my_altera_avalon_sc_fifo_rd"
2024.08.28.01:46:06 Info: my_altera_avalon_st_pipeline_stage_rd: "Generating: my_altera_avalon_st_pipeline_stage_rd"
2024.08.28.01:46:06 Info: my_altera_avalon_st_pipeline_stage_wr: "Generating: my_altera_avalon_st_pipeline_stage_wr"
2024.08.28.01:46:06 Info: my_altera_avalon_st_pipeline_stage_rp: "Generating: my_altera_avalon_st_pipeline_stage_rp"
2024.08.28.01:46:06 Info: apf: "Generating: apf_altera_merlin_axi_slave_ni_1971_qsiaw5a"
2024.08.28.01:46:06 Info: my_altera_avalon_sc_fifo_wr: "Generating: my_altera_avalon_sc_fifo_wr"
2024.08.28.01:46:06 Info: my_altera_avalon_sc_fifo_rd: "Generating: my_altera_avalon_sc_fifo_rd"
2024.08.28.01:46:06 Info: my_altera_avalon_st_pipeline_stage_rd: "Generating: my_altera_avalon_st_pipeline_stage_rd"
2024.08.28.01:46:06 Info: my_altera_avalon_st_pipeline_stage_wr: "Generating: my_altera_avalon_st_pipeline_stage_wr"
2024.08.28.01:46:06 Info: my_altera_avalon_st_pipeline_stage_rp: "Generating: my_altera_avalon_st_pipeline_stage_rp"
2024.08.28.01:46:06 Info: apf: "Generating: apf_altera_merlin_axi_slave_ni_1971_uhqnppq"
2024.08.28.01:46:06 Info: my_altera_avalon_sc_fifo_wr: "Generating: my_altera_avalon_sc_fifo_wr"
2024.08.28.01:46:06 Info: my_altera_avalon_sc_fifo_rd: "Generating: my_altera_avalon_sc_fifo_rd"
2024.08.28.01:46:06 Info: my_altera_avalon_st_pipeline_stage_rd: "Generating: my_altera_avalon_st_pipeline_stage_rd"
2024.08.28.01:46:06 Info: my_altera_avalon_st_pipeline_stage_wr: "Generating: my_altera_avalon_st_pipeline_stage_wr"
2024.08.28.01:46:06 Info: my_altera_avalon_st_pipeline_stage_rp: "Generating: my_altera_avalon_st_pipeline_stage_rp"
2024.08.28.01:46:06 Info: apf: "Generating: apf_altera_merlin_axi_slave_ni_1971_g3gfuhy"
2024.08.28.01:46:06 Info: my_altera_avalon_sc_fifo_wr: "Generating: my_altera_avalon_sc_fifo_wr"
2024.08.28.01:46:06 Info: my_altera_avalon_sc_fifo_rd: "Generating: my_altera_avalon_sc_fifo_rd"
2024.08.28.01:46:06 Info: my_altera_avalon_st_pipeline_stage_rd: "Generating: my_altera_avalon_st_pipeline_stage_rd"
2024.08.28.01:46:06 Info: my_altera_avalon_st_pipeline_stage_wr: "Generating: my_altera_avalon_st_pipeline_stage_wr"
2024.08.28.01:46:06 Info: my_altera_avalon_st_pipeline_stage_rp: "Generating: my_altera_avalon_st_pipeline_stage_rp"
2024.08.28.01:46:06 Info: apf: "Generating: apf_altera_merlin_router_1921_a646sqa"
2024.08.28.01:46:06 Info: apf: "Generating: apf_altera_merlin_router_1921_bbaqrwi"
2024.08.28.01:46:06 Info: apf: "Generating: apf_altera_merlin_router_1921_qrp6k3i"
2024.08.28.01:46:06 Info: apf: "Generating: apf_altera_merlin_router_1921_bxgv4da"
2024.08.28.01:46:06 Info: apf: "Generating: apf_altera_merlin_router_1921_4sjj5kq"
2024.08.28.01:46:06 Info: apf: "Generating: apf_altera_merlin_router_1921_uaklday"
2024.08.28.01:46:06 Info: apf: "Generating: apf_altera_merlin_router_1921_tmd2eti"
2024.08.28.01:46:06 Info: apf: "Generating: apf_altera_merlin_router_1921_qq4w7ta"
2024.08.28.01:46:06 Info: apf: "Generating: apf_altera_merlin_traffic_limiter_1921_p5flxai"
2024.08.28.01:46:06 Info: my_altera_avalon_sc_fifo_dest_id_fifo: "Generating: my_altera_avalon_sc_fifo_dest_id_fifo"
2024.08.28.01:46:06 Info: apf: "Generating: apf_altera_merlin_demultiplexer_1921_ibov6ma"
2024.08.28.01:46:06 Info: apf: "Generating: apf_altera_merlin_demultiplexer_1921_4cdysia"
2024.08.28.01:46:06 Info: apf: "Generating: apf_altera_merlin_multiplexer_1922_gpq72ii"
2024.08.28.01:46:06 Info: apf: "Generating: apf_altera_merlin_multiplexer_1922_2jnytna"
2024.08.28.01:46:06 Info: apf: "Generating: apf_altera_merlin_demultiplexer_1921_hfula6q"
2024.08.28.01:46:06 Info: apf: "Generating: apf_altera_merlin_demultiplexer_1921_gu3jqaq"
2024.08.28.01:46:06 Info: apf: "Generating: apf_altera_merlin_multiplexer_1922_n3ujnhi"
2024.08.28.01:46:06 Info: apf: "Generating: apf_altera_merlin_multiplexer_1922_tigfd3y"
2024.08.28.01:46:06 Info: apf: "Generating: apf_altera_merlin_axi_slave_ni_altera_avalon_sc_fifo_1971_d4r75ai"
2024.08.28.01:46:06 Info: apf: "Generating: apf_altera_merlin_axi_slave_ni_altera_avalon_st_pipeline_stage_1971_a42nnri"
2024.08.28.01:46:06 Info: apf: "Generating: apf_altera_merlin_axi_slave_ni_altera_avalon_st_pipeline_stage_1971_h6wexfa"
2024.08.28.01:46:06 Info: apf: "Generating: apf_altera_merlin_axi_slave_ni_altera_avalon_st_pipeline_stage_1971_ouwi2vq"
2024.08.28.01:46:06 Info: apf: "Generating: apf_altera_merlin_axi_slave_ni_altera_avalon_sc_fifo_1971_spfdq2a"
2024.08.28.01:46:06 Info: apf: "Generating: apf_altera_merlin_axi_slave_ni_altera_avalon_st_pipeline_stage_1971_a42nnri"
2024.08.28.01:46:06 Info: apf: "Generating: apf_altera_merlin_axi_slave_ni_altera_avalon_st_pipeline_stage_1971_h6wexfa"
2024.08.28.01:46:06 Info: apf: "Generating: apf_altera_merlin_axi_slave_ni_altera_avalon_st_pipeline_stage_1971_ouwi2vq"
2024.08.28.01:46:06 Info: apf: "Generating: apf_altera_merlin_axi_slave_ni_altera_avalon_sc_fifo_1971_spfdq2a"
2024.08.28.01:46:06 Info: apf: "Generating: apf_altera_merlin_axi_slave_ni_altera_avalon_st_pipeline_stage_1971_a42nnri"
2024.08.28.01:46:06 Info: apf: "Generating: apf_altera_merlin_axi_slave_ni_altera_avalon_st_pipeline_stage_1971_h6wexfa"
2024.08.28.01:46:06 Info: apf: "Generating: apf_altera_merlin_axi_slave_ni_altera_avalon_st_pipeline_stage_1971_ouwi2vq"
2024.08.28.01:46:06 Info: apf: "Generating: apf_altera_merlin_axi_slave_ni_altera_avalon_sc_fifo_1971_spfdq2a"
2024.08.28.01:46:06 Info: apf: "Generating: apf_altera_merlin_axi_slave_ni_altera_avalon_st_pipeline_stage_1971_a42nnri"
2024.08.28.01:46:06 Info: apf: "Generating: apf_altera_merlin_axi_slave_ni_altera_avalon_st_pipeline_stage_1971_h6wexfa"
2024.08.28.01:46:06 Info: apf: "Generating: apf_altera_merlin_axi_slave_ni_altera_avalon_st_pipeline_stage_1971_ouwi2vq"
2024.08.28.01:46:06 Info: apf: "Generating: apf_altera_merlin_axi_slave_ni_altera_avalon_sc_fifo_1971_spfdq2a"
2024.08.28.01:46:06 Info: apf: "Generating: apf_altera_merlin_axi_slave_ni_altera_avalon_st_pipeline_stage_1971_a42nnri"
2024.08.28.01:46:06 Info: apf: "Generating: apf_altera_merlin_axi_slave_ni_altera_avalon_st_pipeline_stage_1971_h6wexfa"
2024.08.28.01:46:06 Info: apf: "Generating: apf_altera_merlin_axi_slave_ni_altera_avalon_st_pipeline_stage_1971_ouwi2vq"
2024.08.28.01:46:06 Info: apf: "Generating: apf_altera_merlin_axi_slave_ni_altera_avalon_sc_fifo_1971_spfdq2a"
2024.08.28.01:46:06 Info: apf: "Generating: apf_altera_merlin_axi_slave_ni_altera_avalon_st_pipeline_stage_1971_a42nnri"
2024.08.28.01:46:06 Info: apf: "Generating: apf_altera_merlin_axi_slave_ni_altera_avalon_st_pipeline_stage_1971_h6wexfa"
2024.08.28.01:46:06 Info: apf: "Generating: apf_altera_merlin_axi_slave_ni_altera_avalon_st_pipeline_stage_1971_ouwi2vq"
2024.08.28.01:46:06 Info: apf: "Generating: apf_altera_merlin_axi_slave_ni_altera_avalon_sc_fifo_1971_spfdq2a"
2024.08.28.01:46:06 Info: apf: "Generating: apf_altera_merlin_axi_slave_ni_altera_avalon_st_pipeline_stage_1971_a42nnri"
2024.08.28.01:46:06 Info: apf: "Generating: apf_altera_merlin_axi_slave_ni_altera_avalon_st_pipeline_stage_1971_h6wexfa"
2024.08.28.01:46:06 Info: apf: "Generating: apf_altera_merlin_axi_slave_ni_altera_avalon_st_pipeline_stage_1971_ouwi2vq"
2024.08.28.01:46:06 Info: apf: "Generating: apf_altera_merlin_traffic_limiter_altera_avalon_sc_fifo_1921_ho5tama"
2024.08.28.01:46:06 Info: apf: "Generating: apf_altera_avalon_sc_fifo_1931_fzgstwy"
2024.08.28.01:46:06 Info: apf: "Generating: apf_altera_avalon_st_pipeline_stage_1930_bv2ucky"
2024.08.28.01:46:06 Info: apf: Done "apf" with 71 modules, 143 files
2024.08.28.01:46:06 Info: Generating the following file(s) for XCELIUM simulator in /home/jcheung2/ofs24/ofs-agx7-pcie-attach/src/pd_qsys/fabric/apf/sim/ directory:
2024.08.28.01:46:06 Info: common/xcelium_files.tcl
2024.08.28.01:46:06 Info: Generating the following file(s) for RIVIERA simulator in /home/jcheung2/ofs24/ofs-agx7-pcie-attach/src/pd_qsys/fabric/apf/sim/ directory:
2024.08.28.01:46:06 Info: common/riviera_files.tcl
2024.08.28.01:46:06 Info: Generating the following file(s) for VCSMX simulator in /home/jcheung2/ofs24/ofs-agx7-pcie-attach/src/pd_qsys/fabric/apf/sim/ directory:
2024.08.28.01:46:06 Info: common/vcsmx_files.tcl
2024.08.28.01:46:06 Info: Generating the following file(s) for VCS simulator in /home/jcheung2/ofs24/ofs-agx7-pcie-attach/src/pd_qsys/fabric/apf/sim/ directory:
2024.08.28.01:46:06 Info: common/vcs_files.tcl
2024.08.28.01:46:06 Info: Generating the following file(s) for MODELSIM simulator in /home/jcheung2/ofs24/ofs-agx7-pcie-attach/src/pd_qsys/fabric/apf/sim/ directory:
2024.08.28.01:46:06 Info: common/modelsim_files.tcl
2024.08.28.01:46:06 Info: For information on how to simulate your IP, see the explanatory comments in the simulator-specific subdirectories under /home/jcheung2/ofs24/ofs-agx7-pcie-attach/src/pd_qsys/fabric/apf/sim/.
2024.08.28.01:46:06 Info: Regenerate these scripts whenever you make any change to any Quartus-generated IP in your project.
2024.08.28.01:46:06 Info: Finished: Create simulation model
2024.08.28.01:46:06 Info: Starting: Create simulation script
2024.08.28.01:46:06 Info: sim-script-gen --system-file=/home/jcheung2/ofs24/ofs-agx7-pcie-attach/src/pd_qsys/fabric/apf.qsys --output-directory=/home/jcheung2/ofs24/ofs-agx7-pcie-attach/src/pd_qsys/fabric/apf/sim/ --use-relative-paths=true
2024.08.28.01:46:06 Info: Generating the following file(s) for XCELIUM simulator in /home/jcheung2/ofs24/ofs-agx7-pcie-attach/src/pd_qsys/fabric/apf/sim/ directory:
2024.08.28.01:46:06 Info: xcelium/cds.lib
2024.08.28.01:46:06 Info: xcelium/hdl.var
2024.08.28.01:46:06 Info: xcelium/xcelium_setup.sh
2024.08.28.01:46:06 Info: 1 .cds.lib files in xcelium/cds_libs/ directory
2024.08.28.01:46:06 Info: Generating the following file(s) for RIVIERA simulator in /home/jcheung2/ofs24/ofs-agx7-pcie-attach/src/pd_qsys/fabric/apf/sim/ directory:
2024.08.28.01:46:06 Info: aldec/rivierapro_setup.tcl
2024.08.28.01:46:06 Info: Generating the following file(s) for VCSMX simulator in /home/jcheung2/ofs24/ofs-agx7-pcie-attach/src/pd_qsys/fabric/apf/sim/ directory:
2024.08.28.01:46:06 Info: synopsys/vcsmx/synopsys_sim.setup
2024.08.28.01:46:06 Info: synopsys/vcsmx/vcsmx_setup.sh
2024.08.28.01:46:06 Info: Generating the following file(s) for VCS simulator in /home/jcheung2/ofs24/ofs-agx7-pcie-attach/src/pd_qsys/fabric/apf/sim/ directory:
2024.08.28.01:46:06 Info: synopsys/vcs/vcs_setup.sh
2024.08.28.01:46:06 Info: Generating the following file(s) for MODELSIM simulator in /home/jcheung2/ofs24/ofs-agx7-pcie-attach/src/pd_qsys/fabric/apf/sim/ directory:
2024.08.28.01:46:06 Info: mentor/msim_setup.tcl
2024.08.28.01:46:06 Info: For information on how to simulate your IP, see the explanatory comments in the simulator-specific subdirectories under /home/jcheung2/ofs24/ofs-agx7-pcie-attach/src/pd_qsys/fabric/apf/sim/.
2024.08.28.01:46:06 Info: Regenerate these scripts whenever you make any change to any Quartus-generated IP in your project.
2024.08.28.01:46:06 Info: Finished: Create simulation script
2024.08.28.01:46:06 Info: 
2024.08.28.01:46:06 Info: Starting: Create HDL design files for synthesis
2024.08.28.01:46:06 Info: qsys-generate /home/jcheung2/ofs24/ofs-agx7-pcie-attach/src/pd_qsys/fabric/apf.qsys --synthesis=VERILOG --output-directory=/home/jcheung2/ofs24/ofs-agx7-pcie-attach/src/pd_qsys/fabric/apf --family="Agilex 7" --part=AGFB014R24A2E2V
2024.08.28.01:46:06 Info: Loading fabric/apf.qsys
2024.08.28.01:46:06 Info: Reading input file
2024.08.28.01:46:06 Info: Parameterizing module apf_achk_slv
2024.08.28.01:46:06 Info: Parameterizing module apf_bpf_mst
2024.08.28.01:46:06 Info: Parameterizing module apf_bpf_slv
2024.08.28.01:46:06 Info: Parameterizing module apf_clock_bridge
2024.08.28.01:46:06 Info: Parameterizing module apf_default_slv
2024.08.28.01:46:06 Info: Parameterizing module apf_mctp_mst
2024.08.28.01:46:06 Info: Parameterizing module apf_pr_2_slv
2024.08.28.01:46:06 Info: Parameterizing module apf_pr_slv
2024.08.28.01:46:06 Info: Parameterizing module apf_reset_bridge
2024.08.28.01:46:06 Info: Parameterizing module apf_st2mm_mst
2024.08.28.01:46:06 Info: Parameterizing module apf_st2mm_slv
2024.08.28.01:46:06 Info: Parameterizing module apf_uart_mst
2024.08.28.01:46:06 Info: Parameterizing module apf_uart_slv
2024.08.28.01:46:06 Info: Building connections
2024.08.28.01:46:06 Info: Parameterizing connections
2024.08.28.01:46:06 Info: Validating
2024.08.28.01:46:06 Info: Done reading input file
2024.08.28.01:46:06 Info: apf: "Transforming system: apf"
2024.08.28.01:46:06 Info: apf: "Naming system components in system: apf"
2024.08.28.01:46:06 Info: apf: "Processing generation queue"
2024.08.28.01:46:06 Info: apf: "Generating: apf"
2024.08.28.01:46:06 Info: apf: "Generating: apf_achk_slv"
2024.08.28.01:46:06 Info: apf: "Generating: apf_bpf_mst"
2024.08.28.01:46:06 Info: apf: "Generating: apf_bpf_slv"
2024.08.28.01:46:06 Info: apf: "Generating: apf_clock_bridge"
2024.08.28.01:46:06 Info: apf: "Generating: apf_default_slv"
2024.08.28.01:46:06 Info: apf: "Generating: apf_mctp_mst"
2024.08.28.01:46:06 Info: apf: "Generating: apf_pr_2_slv"
2024.08.28.01:46:06 Info: apf: "Generating: apf_pr_slv"
2024.08.28.01:46:06 Info: apf: "Generating: apf_reset_bridge"
2024.08.28.01:46:06 Info: apf: "Generating: apf_st2mm_mst"
2024.08.28.01:46:06 Info: apf: "Generating: apf_st2mm_slv"
2024.08.28.01:46:06 Info: apf: "Generating: apf_uart_mst"
2024.08.28.01:46:06 Info: apf: "Generating: apf_uart_slv"
2024.08.28.01:46:06 Info: apf: "Generating: apf_altera_mm_interconnect_1920_tpkmrta"
2024.08.28.01:46:06 Info: apf: "Generating: apf_altera_merlin_axi_master_ni_1962_2kryw2a"
2024.08.28.01:46:06 Info: apf: "Generating: apf_altera_merlin_axi_slave_ni_1971_ifkli3q"
2024.08.28.01:46:06 Info: my_altera_avalon_sc_fifo_wr: "Generating: my_altera_avalon_sc_fifo_wr"
2024.08.28.01:46:06 Info: my_altera_avalon_sc_fifo_rd: "Generating: my_altera_avalon_sc_fifo_rd"
2024.08.28.01:46:06 Info: my_altera_avalon_st_pipeline_stage_rd: "Generating: my_altera_avalon_st_pipeline_stage_rd"
2024.08.28.01:46:06 Info: my_altera_avalon_st_pipeline_stage_wr: "Generating: my_altera_avalon_st_pipeline_stage_wr"
2024.08.28.01:46:06 Info: my_altera_avalon_st_pipeline_stage_rp: "Generating: my_altera_avalon_st_pipeline_stage_rp"
2024.08.28.01:46:06 Info: apf: "Generating: apf_altera_merlin_axi_slave_ni_1971_tt2xwma"
2024.08.28.01:46:06 Info: my_altera_avalon_sc_fifo_wr: "Generating: my_altera_avalon_sc_fifo_wr"
2024.08.28.01:46:06 Info: my_altera_avalon_sc_fifo_rd: "Generating: my_altera_avalon_sc_fifo_rd"
2024.08.28.01:46:06 Info: my_altera_avalon_st_pipeline_stage_rd: "Generating: my_altera_avalon_st_pipeline_stage_rd"
2024.08.28.01:46:06 Info: my_altera_avalon_st_pipeline_stage_wr: "Generating: my_altera_avalon_st_pipeline_stage_wr"
2024.08.28.01:46:06 Info: my_altera_avalon_st_pipeline_stage_rp: "Generating: my_altera_avalon_st_pipeline_stage_rp"
2024.08.28.01:46:06 Info: apf: "Generating: apf_altera_merlin_axi_slave_ni_1971_plrxymy"
2024.08.28.01:46:06 Info: my_altera_avalon_sc_fifo_wr: "Generating: my_altera_avalon_sc_fifo_wr"
2024.08.28.01:46:06 Info: my_altera_avalon_sc_fifo_rd: "Generating: my_altera_avalon_sc_fifo_rd"
2024.08.28.01:46:06 Info: my_altera_avalon_st_pipeline_stage_rd: "Generating: my_altera_avalon_st_pipeline_stage_rd"
2024.08.28.01:46:06 Info: my_altera_avalon_st_pipeline_stage_wr: "Generating: my_altera_avalon_st_pipeline_stage_wr"
2024.08.28.01:46:06 Info: my_altera_avalon_st_pipeline_stage_rp: "Generating: my_altera_avalon_st_pipeline_stage_rp"
2024.08.28.01:46:06 Info: apf: "Generating: apf_altera_merlin_axi_slave_ni_1971_47p3fxq"
2024.08.28.01:46:06 Info: my_altera_avalon_sc_fifo_wr: "Generating: my_altera_avalon_sc_fifo_wr"
2024.08.28.01:46:06 Info: my_altera_avalon_sc_fifo_rd: "Generating: my_altera_avalon_sc_fifo_rd"
2024.08.28.01:46:06 Info: my_altera_avalon_st_pipeline_stage_rd: "Generating: my_altera_avalon_st_pipeline_stage_rd"
2024.08.28.01:46:06 Info: my_altera_avalon_st_pipeline_stage_wr: "Generating: my_altera_avalon_st_pipeline_stage_wr"
2024.08.28.01:46:06 Info: my_altera_avalon_st_pipeline_stage_rp: "Generating: my_altera_avalon_st_pipeline_stage_rp"
2024.08.28.01:46:06 Info: apf: "Generating: apf_altera_merlin_axi_slave_ni_1971_qsiaw5a"
2024.08.28.01:46:06 Info: my_altera_avalon_sc_fifo_wr: "Generating: my_altera_avalon_sc_fifo_wr"
2024.08.28.01:46:06 Info: my_altera_avalon_sc_fifo_rd: "Generating: my_altera_avalon_sc_fifo_rd"
2024.08.28.01:46:06 Info: my_altera_avalon_st_pipeline_stage_rd: "Generating: my_altera_avalon_st_pipeline_stage_rd"
2024.08.28.01:46:06 Info: my_altera_avalon_st_pipeline_stage_wr: "Generating: my_altera_avalon_st_pipeline_stage_wr"
2024.08.28.01:46:06 Info: my_altera_avalon_st_pipeline_stage_rp: "Generating: my_altera_avalon_st_pipeline_stage_rp"
2024.08.28.01:46:06 Info: apf: "Generating: apf_altera_merlin_axi_slave_ni_1971_uhqnppq"
2024.08.28.01:46:06 Info: my_altera_avalon_sc_fifo_wr: "Generating: my_altera_avalon_sc_fifo_wr"
2024.08.28.01:46:06 Info: my_altera_avalon_sc_fifo_rd: "Generating: my_altera_avalon_sc_fifo_rd"
2024.08.28.01:46:06 Info: my_altera_avalon_st_pipeline_stage_rd: "Generating: my_altera_avalon_st_pipeline_stage_rd"
2024.08.28.01:46:06 Info: my_altera_avalon_st_pipeline_stage_wr: "Generating: my_altera_avalon_st_pipeline_stage_wr"
2024.08.28.01:46:06 Info: my_altera_avalon_st_pipeline_stage_rp: "Generating: my_altera_avalon_st_pipeline_stage_rp"
2024.08.28.01:46:06 Info: apf: "Generating: apf_altera_merlin_axi_slave_ni_1971_g3gfuhy"
2024.08.28.01:46:06 Info: my_altera_avalon_sc_fifo_wr: "Generating: my_altera_avalon_sc_fifo_wr"
2024.08.28.01:46:06 Info: my_altera_avalon_sc_fifo_rd: "Generating: my_altera_avalon_sc_fifo_rd"
2024.08.28.01:46:06 Info: my_altera_avalon_st_pipeline_stage_rd: "Generating: my_altera_avalon_st_pipeline_stage_rd"
2024.08.28.01:46:06 Info: my_altera_avalon_st_pipeline_stage_wr: "Generating: my_altera_avalon_st_pipeline_stage_wr"
2024.08.28.01:46:06 Info: my_altera_avalon_st_pipeline_stage_rp: "Generating: my_altera_avalon_st_pipeline_stage_rp"
2024.08.28.01:46:06 Info: apf: "Generating: apf_altera_merlin_router_1921_a646sqa"
2024.08.28.01:46:06 Info: apf: "Generating: apf_altera_merlin_router_1921_bbaqrwi"
2024.08.28.01:46:06 Info: apf: "Generating: apf_altera_merlin_router_1921_qrp6k3i"
2024.08.28.01:46:06 Info: apf: "Generating: apf_altera_merlin_router_1921_bxgv4da"
2024.08.28.01:46:06 Info: apf: "Generating: apf_altera_merlin_router_1921_4sjj5kq"
2024.08.28.01:46:06 Info: apf: "Generating: apf_altera_merlin_router_1921_uaklday"
2024.08.28.01:46:06 Info: apf: "Generating: apf_altera_merlin_router_1921_tmd2eti"
2024.08.28.01:46:06 Info: apf: "Generating: apf_altera_merlin_router_1921_qq4w7ta"
2024.08.28.01:46:06 Info: apf: "Generating: apf_altera_merlin_traffic_limiter_1921_p5flxai"
2024.08.28.01:46:06 Info: my_altera_avalon_sc_fifo_dest_id_fifo: "Generating: my_altera_avalon_sc_fifo_dest_id_fifo"
2024.08.28.01:46:06 Info: apf: "Generating: apf_altera_merlin_demultiplexer_1921_ibov6ma"
2024.08.28.01:46:06 Info: apf: "Generating: apf_altera_merlin_demultiplexer_1921_4cdysia"
2024.08.28.01:46:06 Info: apf: "Generating: apf_altera_merlin_multiplexer_1922_gpq72ii"
2024.08.28.01:46:06 Info: apf: "Generating: apf_altera_merlin_multiplexer_1922_2jnytna"
2024.08.28.01:46:06 Info: apf: "Generating: apf_altera_merlin_demultiplexer_1921_hfula6q"
2024.08.28.01:46:06 Info: apf: "Generating: apf_altera_merlin_demultiplexer_1921_gu3jqaq"
2024.08.28.01:46:06 Info: apf: "Generating: apf_altera_merlin_multiplexer_1922_n3ujnhi"
2024.08.28.01:46:06 Info: apf: "Generating: apf_altera_merlin_multiplexer_1922_tigfd3y"
2024.08.28.01:46:06 Info: apf: "Generating: apf_altera_merlin_axi_slave_ni_altera_avalon_sc_fifo_1971_d4r75ai"
2024.08.28.01:46:06 Info: apf: "Generating: apf_altera_merlin_axi_slave_ni_altera_avalon_st_pipeline_stage_1971_a42nnri"
2024.08.28.01:46:06 Info: apf: "Generating: apf_altera_merlin_axi_slave_ni_altera_avalon_st_pipeline_stage_1971_h6wexfa"
2024.08.28.01:46:06 Info: apf: "Generating: apf_altera_merlin_axi_slave_ni_altera_avalon_st_pipeline_stage_1971_ouwi2vq"
2024.08.28.01:46:06 Info: apf: "Generating: apf_altera_merlin_axi_slave_ni_altera_avalon_sc_fifo_1971_spfdq2a"
2024.08.28.01:46:06 Info: apf: "Generating: apf_altera_merlin_axi_slave_ni_altera_avalon_st_pipeline_stage_1971_a42nnri"
2024.08.28.01:46:06 Info: apf: "Generating: apf_altera_merlin_axi_slave_ni_altera_avalon_st_pipeline_stage_1971_h6wexfa"
2024.08.28.01:46:06 Info: apf: "Generating: apf_altera_merlin_axi_slave_ni_altera_avalon_st_pipeline_stage_1971_ouwi2vq"
2024.08.28.01:46:06 Info: apf: "Generating: apf_altera_merlin_axi_slave_ni_altera_avalon_sc_fifo_1971_spfdq2a"
2024.08.28.01:46:06 Info: apf: "Generating: apf_altera_merlin_axi_slave_ni_altera_avalon_st_pipeline_stage_1971_a42nnri"
2024.08.28.01:46:06 Info: apf: "Generating: apf_altera_merlin_axi_slave_ni_altera_avalon_st_pipeline_stage_1971_h6wexfa"
2024.08.28.01:46:06 Info: apf: "Generating: apf_altera_merlin_axi_slave_ni_altera_avalon_st_pipeline_stage_1971_ouwi2vq"
2024.08.28.01:46:06 Info: apf: "Generating: apf_altera_merlin_axi_slave_ni_altera_avalon_sc_fifo_1971_spfdq2a"
2024.08.28.01:46:06 Info: apf: "Generating: apf_altera_merlin_axi_slave_ni_altera_avalon_st_pipeline_stage_1971_a42nnri"
2024.08.28.01:46:06 Info: apf: "Generating: apf_altera_merlin_axi_slave_ni_altera_avalon_st_pipeline_stage_1971_h6wexfa"
2024.08.28.01:46:06 Info: apf: "Generating: apf_altera_merlin_axi_slave_ni_altera_avalon_st_pipeline_stage_1971_ouwi2vq"
2024.08.28.01:46:06 Info: apf: "Generating: apf_altera_merlin_axi_slave_ni_altera_avalon_sc_fifo_1971_spfdq2a"
2024.08.28.01:46:06 Info: apf: "Generating: apf_altera_merlin_axi_slave_ni_altera_avalon_st_pipeline_stage_1971_a42nnri"
2024.08.28.01:46:06 Info: apf: "Generating: apf_altera_merlin_axi_slave_ni_altera_avalon_st_pipeline_stage_1971_h6wexfa"
2024.08.28.01:46:06 Info: apf: "Generating: apf_altera_merlin_axi_slave_ni_altera_avalon_st_pipeline_stage_1971_ouwi2vq"
2024.08.28.01:46:06 Info: apf: "Generating: apf_altera_merlin_axi_slave_ni_altera_avalon_sc_fifo_1971_spfdq2a"
2024.08.28.01:46:06 Info: apf: "Generating: apf_altera_merlin_axi_slave_ni_altera_avalon_st_pipeline_stage_1971_a42nnri"
2024.08.28.01:46:06 Info: apf: "Generating: apf_altera_merlin_axi_slave_ni_altera_avalon_st_pipeline_stage_1971_h6wexfa"
2024.08.28.01:46:06 Info: apf: "Generating: apf_altera_merlin_axi_slave_ni_altera_avalon_st_pipeline_stage_1971_ouwi2vq"
2024.08.28.01:46:06 Info: apf: "Generating: apf_altera_merlin_axi_slave_ni_altera_avalon_sc_fifo_1971_spfdq2a"
2024.08.28.01:46:06 Info: apf: "Generating: apf_altera_merlin_axi_slave_ni_altera_avalon_st_pipeline_stage_1971_a42nnri"
2024.08.28.01:46:06 Info: apf: "Generating: apf_altera_merlin_axi_slave_ni_altera_avalon_st_pipeline_stage_1971_h6wexfa"
2024.08.28.01:46:06 Info: apf: "Generating: apf_altera_merlin_axi_slave_ni_altera_avalon_st_pipeline_stage_1971_ouwi2vq"
2024.08.28.01:46:06 Info: apf: "Generating: apf_altera_merlin_traffic_limiter_altera_avalon_sc_fifo_1921_ho5tama"
2024.08.28.01:46:06 Info: apf: "Generating: apf_altera_avalon_sc_fifo_1931_fzgstwy"
2024.08.28.01:46:06 Info: apf: "Generating: apf_altera_avalon_st_pipeline_stage_1930_bv2ucky"
2024.08.28.01:46:06 Info: apf: Done "apf" with 71 modules, 143 files
2024.08.28.01:46:06 Info: Finished: Create HDL design files for synthesis
2024.08.28.01:46:06 Info: Generation of /home/jcheung2/ofs24/ofs-agx7-pcie-attach/src/pd_qsys/fabric/apf.qsys (apf) took 4136 ms
2024.08.28.01:46:07 Info: Finished: Platform Designer system generation
PASS: STAGE apf.qsys RTL generation
***************************************************************
Quartus is a registered trademark of Intel Corporation in the
US and other countries.  Portions of the Quartus Prime software
code, and other portions of the code included in this download
or on this DVD, are licensed to Intel Corporation and are the
copyrighted property of third parties. For license details,
refer to the End User License Agreement at
http://fpgasoftware.intel.com/eula.
***************************************************************

2024.08.28.01:46:12 Info: Parallel IP Generation is enabled. 
2024.08.28.01:46:12 Info: Platform Designer will attempt to use 6 processors for parallel IP generation based on available number of processors and the total number of IP to be generated.
2024.08.28.01:46:12 Info: 
2024.08.28.01:46:12 Info: Starting: Platform Designer system generation
2024.08.28.01:46:18 Info: 
2024.08.28.01:46:18 Info: Generating on localhost:45371
2024.08.28.01:46:18 Info: Saving generation log to /home/jcheung2/ofs24/ofs-agx7-pcie-attach/src/pd_qsys/fabric/ip/bpf/bpf_default_slv/bpf_default_slv_generation.rpt
2024.08.28.01:46:18 Info: Generated by version: 23.4 build 79
2024.08.28.01:46:18 Info: Starting: Create simulation model
2024.08.28.01:46:18 Info: qsys-generate /home/jcheung2/ofs24/ofs-agx7-pcie-attach/src/pd_qsys/fabric/ip/bpf/bpf_default_slv.ip --simulation=VERILOG --allow-mixed-language-simulation --output-directory=/home/jcheung2/ofs24/ofs-agx7-pcie-attach/src/pd_qsys/fabric/ip/bpf/bpf_default_slv --family="Agilex 7" --part=AGFB014R24A2E2V
2024.08.28.01:46:18 Info: bpf_default_slv: "Transforming system: bpf_default_slv"
2024.08.28.01:46:18 Info: bpf_default_slv: "Naming system components in system: bpf_default_slv"
2024.08.28.01:46:18 Info: bpf_default_slv: "Processing generation queue"
2024.08.28.01:46:18 Info: bpf_default_slv: "Generating: bpf_default_slv"
2024.08.28.01:46:18 Info: bpf_default_slv: "Generating: axi4lite_rsp"
2024.08.28.01:46:18 Info: bpf_default_slv: Done "bpf_default_slv" with 2 modules, 2 files
2024.08.28.01:46:18 Info: Generating the following file(s) for XCELIUM simulator in /home/jcheung2/ofs24/ofs-agx7-pcie-attach/src/pd_qsys/fabric/ip/bpf/bpf_default_slv/sim/ directory:
2024.08.28.01:46:18 Info: common/xcelium_files.tcl
2024.08.28.01:46:18 Info: Generating the following file(s) for VCSMX simulator in /home/jcheung2/ofs24/ofs-agx7-pcie-attach/src/pd_qsys/fabric/ip/bpf/bpf_default_slv/sim/ directory:
2024.08.28.01:46:18 Info: common/vcsmx_files.tcl
2024.08.28.01:46:18 Info: Generating the following file(s) for VCS simulator in /home/jcheung2/ofs24/ofs-agx7-pcie-attach/src/pd_qsys/fabric/ip/bpf/bpf_default_slv/sim/ directory:
2024.08.28.01:46:18 Info: common/vcs_files.tcl
2024.08.28.01:46:18 Info: Generating the following file(s) for MODELSIM simulator in /home/jcheung2/ofs24/ofs-agx7-pcie-attach/src/pd_qsys/fabric/ip/bpf/bpf_default_slv/sim/ directory:
2024.08.28.01:46:18 Info: common/modelsim_files.tcl
2024.08.28.01:46:18 Info: Generating the following file(s) for RIVIERA simulator in /home/jcheung2/ofs24/ofs-agx7-pcie-attach/src/pd_qsys/fabric/ip/bpf/bpf_default_slv/sim/ directory:
2024.08.28.01:46:18 Info: common/riviera_files.tcl
2024.08.28.01:46:18 Info: For information on how to simulate your IP, see the explanatory comments in the simulator-specific subdirectories under /home/jcheung2/ofs24/ofs-agx7-pcie-attach/src/pd_qsys/fabric/ip/bpf/bpf_default_slv/sim/.
2024.08.28.01:46:18 Info: Regenerate these scripts whenever you make any change to any Quartus-generated IP in your project.
2024.08.28.01:46:18 Info: Finished: Create simulation model
2024.08.28.01:46:18 Info: Starting: Create simulation script
2024.08.28.01:46:18 Info: sim-script-gen --system-file=/home/jcheung2/ofs24/ofs-agx7-pcie-attach/src/pd_qsys/fabric/ip/bpf/bpf_default_slv.ip --output-directory=/home/jcheung2/ofs24/ofs-agx7-pcie-attach/src/pd_qsys/fabric/ip/bpf/bpf_default_slv/sim/ --use-relative-paths=true
2024.08.28.01:46:18 Info: Generating the following file(s) for XCELIUM simulator in /home/jcheung2/ofs24/ofs-agx7-pcie-attach/src/pd_qsys/fabric/ip/bpf/bpf_default_slv/sim/ directory:
2024.08.28.01:46:18 Info: xcelium/cds.lib
2024.08.28.01:46:18 Info: xcelium/hdl.var
2024.08.28.01:46:18 Info: xcelium/xcelium_setup.sh
2024.08.28.01:46:18 Info: 2 .cds.lib files in xcelium/cds_libs/ directory
2024.08.28.01:46:18 Info: Generating the following file(s) for VCSMX simulator in /home/jcheung2/ofs24/ofs-agx7-pcie-attach/src/pd_qsys/fabric/ip/bpf/bpf_default_slv/sim/ directory:
2024.08.28.01:46:18 Info: synopsys/vcsmx/synopsys_sim.setup
2024.08.28.01:46:18 Info: synopsys/vcsmx/vcsmx_setup.sh
2024.08.28.01:46:18 Info: Generating the following file(s) for VCS simulator in /home/jcheung2/ofs24/ofs-agx7-pcie-attach/src/pd_qsys/fabric/ip/bpf/bpf_default_slv/sim/ directory:
2024.08.28.01:46:18 Info: synopsys/vcs/vcs_setup.sh
2024.08.28.01:46:18 Info: Generating the following file(s) for MODELSIM simulator in /home/jcheung2/ofs24/ofs-agx7-pcie-attach/src/pd_qsys/fabric/ip/bpf/bpf_default_slv/sim/ directory:
2024.08.28.01:46:18 Info: mentor/msim_setup.tcl
2024.08.28.01:46:18 Info: Generating the following file(s) for RIVIERA simulator in /home/jcheung2/ofs24/ofs-agx7-pcie-attach/src/pd_qsys/fabric/ip/bpf/bpf_default_slv/sim/ directory:
2024.08.28.01:46:18 Info: aldec/rivierapro_setup.tcl
2024.08.28.01:46:18 Info: For information on how to simulate your IP, see the explanatory comments in the simulator-specific subdirectories under /home/jcheung2/ofs24/ofs-agx7-pcie-attach/src/pd_qsys/fabric/ip/bpf/bpf_default_slv/sim/.
2024.08.28.01:46:18 Info: Regenerate these scripts whenever you make any change to any Quartus-generated IP in your project.
2024.08.28.01:46:18 Info: Finished: Create simulation script
2024.08.28.01:46:18 Info: 
2024.08.28.01:46:18 Info: Starting: Create HDL design files for synthesis
2024.08.28.01:46:18 Info: qsys-generate /home/jcheung2/ofs24/ofs-agx7-pcie-attach/src/pd_qsys/fabric/ip/bpf/bpf_default_slv.ip --synthesis=VERILOG --output-directory=/home/jcheung2/ofs24/ofs-agx7-pcie-attach/src/pd_qsys/fabric/ip/bpf/bpf_default_slv --family="Agilex 7" --part=AGFB014R24A2E2V
2024.08.28.01:46:18 Info: bpf_default_slv: "Transforming system: bpf_default_slv"
2024.08.28.01:46:18 Info: bpf_default_slv: "Naming system components in system: bpf_default_slv"
2024.08.28.01:46:18 Info: bpf_default_slv: "Processing generation queue"
2024.08.28.01:46:18 Info: bpf_default_slv: "Generating: bpf_default_slv"
2024.08.28.01:46:18 Info: bpf_default_slv: "Generating: axi4lite_rsp"
2024.08.28.01:46:18 Info: bpf_default_slv: Done "bpf_default_slv" with 2 modules, 2 files
2024.08.28.01:46:18 Info: Finished: Create HDL design files for synthesis
2024.08.28.01:46:18 Info: Generation of /home/jcheung2/ofs24/ofs-agx7-pcie-attach/src/pd_qsys/fabric/ip/bpf/bpf_default_slv.ip (bpf_default_slv) took 1344 ms
2024.08.28.01:46:18 Info: 
2024.08.28.01:46:18 Info: Generating on localhost:36793
2024.08.28.01:46:18 Info: Saving generation log to /home/jcheung2/ofs24/ofs-agx7-pcie-attach/src/pd_qsys/fabric/ip/bpf/bpf_hssi_slv/bpf_hssi_slv_generation.rpt
2024.08.28.01:46:18 Info: Generated by version: 23.4 build 79
2024.08.28.01:46:18 Info: Starting: Create simulation model
2024.08.28.01:46:18 Info: qsys-generate /home/jcheung2/ofs24/ofs-agx7-pcie-attach/src/pd_qsys/fabric/ip/bpf/bpf_hssi_slv.ip --simulation=VERILOG --allow-mixed-language-simulation --output-directory=/home/jcheung2/ofs24/ofs-agx7-pcie-attach/src/pd_qsys/fabric/ip/bpf/bpf_hssi_slv --family="Agilex 7" --part=AGFB014R24A2E2V
2024.08.28.01:46:18 Info: bpf_hssi_slv: "Transforming system: bpf_hssi_slv"
2024.08.28.01:46:18 Info: bpf_hssi_slv: "Naming system components in system: bpf_hssi_slv"
2024.08.28.01:46:18 Info: bpf_hssi_slv: "Processing generation queue"
2024.08.28.01:46:18 Info: bpf_hssi_slv: "Generating: bpf_hssi_slv"
2024.08.28.01:46:18 Info: bpf_hssi_slv: "Generating: axi4lite_shim"
2024.08.28.01:46:18 Info: bpf_hssi_slv: Done "bpf_hssi_slv" with 2 modules, 2 files
2024.08.28.01:46:18 Info: Generating the following file(s) for XCELIUM simulator in /home/jcheung2/ofs24/ofs-agx7-pcie-attach/src/pd_qsys/fabric/ip/bpf/bpf_hssi_slv/sim/ directory:
2024.08.28.01:46:18 Info: common/xcelium_files.tcl
2024.08.28.01:46:18 Info: Generating the following file(s) for VCS simulator in /home/jcheung2/ofs24/ofs-agx7-pcie-attach/src/pd_qsys/fabric/ip/bpf/bpf_hssi_slv/sim/ directory:
2024.08.28.01:46:18 Info: common/vcs_files.tcl
2024.08.28.01:46:18 Info: Generating the following file(s) for VCSMX simulator in /home/jcheung2/ofs24/ofs-agx7-pcie-attach/src/pd_qsys/fabric/ip/bpf/bpf_hssi_slv/sim/ directory:
2024.08.28.01:46:18 Info: common/vcsmx_files.tcl
2024.08.28.01:46:18 Info: Generating the following file(s) for RIVIERA simulator in /home/jcheung2/ofs24/ofs-agx7-pcie-attach/src/pd_qsys/fabric/ip/bpf/bpf_hssi_slv/sim/ directory:
2024.08.28.01:46:18 Info: common/riviera_files.tcl
2024.08.28.01:46:18 Info: Generating the following file(s) for MODELSIM simulator in /home/jcheung2/ofs24/ofs-agx7-pcie-attach/src/pd_qsys/fabric/ip/bpf/bpf_hssi_slv/sim/ directory:
2024.08.28.01:46:18 Info: common/modelsim_files.tcl
2024.08.28.01:46:18 Info: For information on how to simulate your IP, see the explanatory comments in the simulator-specific subdirectories under /home/jcheung2/ofs24/ofs-agx7-pcie-attach/src/pd_qsys/fabric/ip/bpf/bpf_hssi_slv/sim/.
2024.08.28.01:46:18 Info: Regenerate these scripts whenever you make any change to any Quartus-generated IP in your project.
2024.08.28.01:46:18 Info: Finished: Create simulation model
2024.08.28.01:46:18 Info: Starting: Create simulation script
2024.08.28.01:46:18 Info: sim-script-gen --system-file=/home/jcheung2/ofs24/ofs-agx7-pcie-attach/src/pd_qsys/fabric/ip/bpf/bpf_hssi_slv.ip --output-directory=/home/jcheung2/ofs24/ofs-agx7-pcie-attach/src/pd_qsys/fabric/ip/bpf/bpf_hssi_slv/sim/ --use-relative-paths=true
2024.08.28.01:46:18 Info: Generating the following file(s) for XCELIUM simulator in /home/jcheung2/ofs24/ofs-agx7-pcie-attach/src/pd_qsys/fabric/ip/bpf/bpf_hssi_slv/sim/ directory:
2024.08.28.01:46:18 Info: xcelium/cds.lib
2024.08.28.01:46:18 Info: xcelium/hdl.var
2024.08.28.01:46:18 Info: xcelium/xcelium_setup.sh
2024.08.28.01:46:18 Info: 2 .cds.lib files in xcelium/cds_libs/ directory
2024.08.28.01:46:18 Info: Generating the following file(s) for VCS simulator in /home/jcheung2/ofs24/ofs-agx7-pcie-attach/src/pd_qsys/fabric/ip/bpf/bpf_hssi_slv/sim/ directory:
2024.08.28.01:46:18 Info: synopsys/vcs/vcs_setup.sh
2024.08.28.01:46:18 Info: Generating the following file(s) for VCSMX simulator in /home/jcheung2/ofs24/ofs-agx7-pcie-attach/src/pd_qsys/fabric/ip/bpf/bpf_hssi_slv/sim/ directory:
2024.08.28.01:46:18 Info: synopsys/vcsmx/synopsys_sim.setup
2024.08.28.01:46:18 Info: synopsys/vcsmx/vcsmx_setup.sh
2024.08.28.01:46:18 Info: Generating the following file(s) for RIVIERA simulator in /home/jcheung2/ofs24/ofs-agx7-pcie-attach/src/pd_qsys/fabric/ip/bpf/bpf_hssi_slv/sim/ directory:
2024.08.28.01:46:18 Info: aldec/rivierapro_setup.tcl
2024.08.28.01:46:18 Info: Generating the following file(s) for MODELSIM simulator in /home/jcheung2/ofs24/ofs-agx7-pcie-attach/src/pd_qsys/fabric/ip/bpf/bpf_hssi_slv/sim/ directory:
2024.08.28.01:46:18 Info: mentor/msim_setup.tcl
2024.08.28.01:46:18 Info: For information on how to simulate your IP, see the explanatory comments in the simulator-specific subdirectories under /home/jcheung2/ofs24/ofs-agx7-pcie-attach/src/pd_qsys/fabric/ip/bpf/bpf_hssi_slv/sim/.
2024.08.28.01:46:18 Info: Regenerate these scripts whenever you make any change to any Quartus-generated IP in your project.
2024.08.28.01:46:18 Info: Finished: Create simulation script
2024.08.28.01:46:18 Info: 
2024.08.28.01:46:18 Info: Starting: Create HDL design files for synthesis
2024.08.28.01:46:18 Info: qsys-generate /home/jcheung2/ofs24/ofs-agx7-pcie-attach/src/pd_qsys/fabric/ip/bpf/bpf_hssi_slv.ip --synthesis=VERILOG --output-directory=/home/jcheung2/ofs24/ofs-agx7-pcie-attach/src/pd_qsys/fabric/ip/bpf/bpf_hssi_slv --family="Agilex 7" --part=AGFB014R24A2E2V
2024.08.28.01:46:18 Info: bpf_hssi_slv: "Transforming system: bpf_hssi_slv"
2024.08.28.01:46:18 Info: bpf_hssi_slv: "Naming system components in system: bpf_hssi_slv"
2024.08.28.01:46:18 Info: bpf_hssi_slv: "Processing generation queue"
2024.08.28.01:46:18 Info: bpf_hssi_slv: "Generating: bpf_hssi_slv"
2024.08.28.01:46:18 Info: bpf_hssi_slv: "Generating: axi4lite_shim"
2024.08.28.01:46:18 Info: bpf_hssi_slv: Done "bpf_hssi_slv" with 2 modules, 2 files
2024.08.28.01:46:18 Info: Finished: Create HDL design files for synthesis
2024.08.28.01:46:18 Info: Generation of /home/jcheung2/ofs24/ofs-agx7-pcie-attach/src/pd_qsys/fabric/ip/bpf/bpf_hssi_slv.ip (bpf_hssi_slv) took 1284 ms
2024.08.28.01:46:18 Info: 
2024.08.28.01:46:18 Info: Generating on localhost:46715
2024.08.28.01:46:18 Info: Saving generation log to /home/jcheung2/ofs24/ofs-agx7-pcie-attach/src/pd_qsys/fabric/ip/bpf/bpf_pmci_lpbk_mst/bpf_pmci_lpbk_mst_generation.rpt
2024.08.28.01:46:18 Info: Generated by version: 23.4 build 79
2024.08.28.01:46:18 Info: Starting: Create simulation model
2024.08.28.01:46:18 Info: qsys-generate /home/jcheung2/ofs24/ofs-agx7-pcie-attach/src/pd_qsys/fabric/ip/bpf/bpf_pmci_lpbk_mst.ip --simulation=VERILOG --allow-mixed-language-simulation --output-directory=/home/jcheung2/ofs24/ofs-agx7-pcie-attach/src/pd_qsys/fabric/ip/bpf/bpf_pmci_lpbk_mst --family="Agilex 7" --part=AGFB014R24A2E2V
2024.08.28.01:46:18 Info: bpf_pmci_lpbk_mst: "Transforming system: bpf_pmci_lpbk_mst"
2024.08.28.01:46:18 Info: bpf_pmci_lpbk_mst: "Naming system components in system: bpf_pmci_lpbk_mst"
2024.08.28.01:46:18 Info: bpf_pmci_lpbk_mst: "Processing generation queue"
2024.08.28.01:46:18 Info: bpf_pmci_lpbk_mst: "Generating: bpf_pmci_lpbk_mst"
2024.08.28.01:46:18 Info: bpf_pmci_lpbk_mst: "Generating: axi4lite_shim"
2024.08.28.01:46:18 Info: bpf_pmci_lpbk_mst: Done "bpf_pmci_lpbk_mst" with 2 modules, 2 files
2024.08.28.01:46:18 Info: Generating the following file(s) for MODELSIM simulator in /home/jcheung2/ofs24/ofs-agx7-pcie-attach/src/pd_qsys/fabric/ip/bpf/bpf_pmci_lpbk_mst/sim/ directory:
2024.08.28.01:46:18 Info: common/modelsim_files.tcl
2024.08.28.01:46:18 Info: Generating the following file(s) for RIVIERA simulator in /home/jcheung2/ofs24/ofs-agx7-pcie-attach/src/pd_qsys/fabric/ip/bpf/bpf_pmci_lpbk_mst/sim/ directory:
2024.08.28.01:46:18 Info: common/riviera_files.tcl
2024.08.28.01:46:18 Info: Generating the following file(s) for VCS simulator in /home/jcheung2/ofs24/ofs-agx7-pcie-attach/src/pd_qsys/fabric/ip/bpf/bpf_pmci_lpbk_mst/sim/ directory:
2024.08.28.01:46:18 Info: common/vcs_files.tcl
2024.08.28.01:46:18 Info: Generating the following file(s) for XCELIUM simulator in /home/jcheung2/ofs24/ofs-agx7-pcie-attach/src/pd_qsys/fabric/ip/bpf/bpf_pmci_lpbk_mst/sim/ directory:
2024.08.28.01:46:18 Info: common/xcelium_files.tcl
2024.08.28.01:46:18 Info: Generating the following file(s) for VCSMX simulator in /home/jcheung2/ofs24/ofs-agx7-pcie-attach/src/pd_qsys/fabric/ip/bpf/bpf_pmci_lpbk_mst/sim/ directory:
2024.08.28.01:46:18 Info: common/vcsmx_files.tcl
2024.08.28.01:46:18 Info: For information on how to simulate your IP, see the explanatory comments in the simulator-specific subdirectories under /home/jcheung2/ofs24/ofs-agx7-pcie-attach/src/pd_qsys/fabric/ip/bpf/bpf_pmci_lpbk_mst/sim/.
2024.08.28.01:46:18 Info: Regenerate these scripts whenever you make any change to any Quartus-generated IP in your project.
2024.08.28.01:46:18 Info: Finished: Create simulation model
2024.08.28.01:46:18 Info: Starting: Create simulation script
2024.08.28.01:46:18 Info: sim-script-gen --system-file=/home/jcheung2/ofs24/ofs-agx7-pcie-attach/src/pd_qsys/fabric/ip/bpf/bpf_pmci_lpbk_mst.ip --output-directory=/home/jcheung2/ofs24/ofs-agx7-pcie-attach/src/pd_qsys/fabric/ip/bpf/bpf_pmci_lpbk_mst/sim/ --use-relative-paths=true
2024.08.28.01:46:18 Info: Generating the following file(s) for MODELSIM simulator in /home/jcheung2/ofs24/ofs-agx7-pcie-attach/src/pd_qsys/fabric/ip/bpf/bpf_pmci_lpbk_mst/sim/ directory:
2024.08.28.01:46:18 Info: mentor/msim_setup.tcl
2024.08.28.01:46:18 Info: Generating the following file(s) for RIVIERA simulator in /home/jcheung2/ofs24/ofs-agx7-pcie-attach/src/pd_qsys/fabric/ip/bpf/bpf_pmci_lpbk_mst/sim/ directory:
2024.08.28.01:46:18 Info: aldec/rivierapro_setup.tcl
2024.08.28.01:46:18 Info: Generating the following file(s) for VCS simulator in /home/jcheung2/ofs24/ofs-agx7-pcie-attach/src/pd_qsys/fabric/ip/bpf/bpf_pmci_lpbk_mst/sim/ directory:
2024.08.28.01:46:18 Info: synopsys/vcs/vcs_setup.sh
2024.08.28.01:46:18 Info: Generating the following file(s) for XCELIUM simulator in /home/jcheung2/ofs24/ofs-agx7-pcie-attach/src/pd_qsys/fabric/ip/bpf/bpf_pmci_lpbk_mst/sim/ directory:
2024.08.28.01:46:18 Info: xcelium/cds.lib
2024.08.28.01:46:18 Info: xcelium/hdl.var
2024.08.28.01:46:18 Info: xcelium/xcelium_setup.sh
2024.08.28.01:46:18 Info: 2 .cds.lib files in xcelium/cds_libs/ directory
2024.08.28.01:46:18 Info: Generating the following file(s) for VCSMX simulator in /home/jcheung2/ofs24/ofs-agx7-pcie-attach/src/pd_qsys/fabric/ip/bpf/bpf_pmci_lpbk_mst/sim/ directory:
2024.08.28.01:46:18 Info: synopsys/vcsmx/synopsys_sim.setup
2024.08.28.01:46:18 Info: synopsys/vcsmx/vcsmx_setup.sh
2024.08.28.01:46:18 Info: For information on how to simulate your IP, see the explanatory comments in the simulator-specific subdirectories under /home/jcheung2/ofs24/ofs-agx7-pcie-attach/src/pd_qsys/fabric/ip/bpf/bpf_pmci_lpbk_mst/sim/.
2024.08.28.01:46:18 Info: Regenerate these scripts whenever you make any change to any Quartus-generated IP in your project.
2024.08.28.01:46:18 Info: Finished: Create simulation script
2024.08.28.01:46:18 Info: 
2024.08.28.01:46:18 Info: Starting: Create HDL design files for synthesis
2024.08.28.01:46:18 Info: qsys-generate /home/jcheung2/ofs24/ofs-agx7-pcie-attach/src/pd_qsys/fabric/ip/bpf/bpf_pmci_lpbk_mst.ip --synthesis=VERILOG --output-directory=/home/jcheung2/ofs24/ofs-agx7-pcie-attach/src/pd_qsys/fabric/ip/bpf/bpf_pmci_lpbk_mst --family="Agilex 7" --part=AGFB014R24A2E2V
2024.08.28.01:46:18 Info: bpf_pmci_lpbk_mst: "Transforming system: bpf_pmci_lpbk_mst"
2024.08.28.01:46:18 Info: bpf_pmci_lpbk_mst: "Naming system components in system: bpf_pmci_lpbk_mst"
2024.08.28.01:46:18 Info: bpf_pmci_lpbk_mst: "Processing generation queue"
2024.08.28.01:46:18 Info: bpf_pmci_lpbk_mst: "Generating: bpf_pmci_lpbk_mst"
2024.08.28.01:46:18 Info: bpf_pmci_lpbk_mst: "Generating: axi4lite_shim"
2024.08.28.01:46:18 Info: bpf_pmci_lpbk_mst: Done "bpf_pmci_lpbk_mst" with 2 modules, 2 files
2024.08.28.01:46:18 Info: Finished: Create HDL design files for synthesis
2024.08.28.01:46:18 Info: Generation of /home/jcheung2/ofs24/ofs-agx7-pcie-attach/src/pd_qsys/fabric/ip/bpf/bpf_pmci_lpbk_mst.ip (bpf_pmci_lpbk_mst) took 1091 ms
2024.08.28.01:46:18 Info: 
2024.08.28.01:46:18 Info: Generating on localhost:42343
2024.08.28.01:46:18 Info: Saving generation log to /home/jcheung2/ofs24/ofs-agx7-pcie-attach/src/pd_qsys/fabric/ip/bpf/bpf_fme_slv/bpf_fme_slv_generation.rpt
2024.08.28.01:46:18 Info: Generated by version: 23.4 build 79
2024.08.28.01:46:18 Info: Starting: Create simulation model
2024.08.28.01:46:18 Info: qsys-generate /home/jcheung2/ofs24/ofs-agx7-pcie-attach/src/pd_qsys/fabric/ip/bpf/bpf_fme_slv.ip --simulation=VERILOG --allow-mixed-language-simulation --output-directory=/home/jcheung2/ofs24/ofs-agx7-pcie-attach/src/pd_qsys/fabric/ip/bpf/bpf_fme_slv --family="Agilex 7" --part=AGFB014R24A2E2V
2024.08.28.01:46:18 Info: bpf_fme_slv: "Transforming system: bpf_fme_slv"
2024.08.28.01:46:18 Info: bpf_fme_slv: "Naming system components in system: bpf_fme_slv"
2024.08.28.01:46:18 Info: bpf_fme_slv: "Processing generation queue"
2024.08.28.01:46:18 Info: bpf_fme_slv: "Generating: bpf_fme_slv"
2024.08.28.01:46:18 Info: bpf_fme_slv: "Generating: axi4lite_shim"
2024.08.28.01:46:18 Info: bpf_fme_slv: Done "bpf_fme_slv" with 2 modules, 2 files
2024.08.28.01:46:18 Info: Generating the following file(s) for XCELIUM simulator in /home/jcheung2/ofs24/ofs-agx7-pcie-attach/src/pd_qsys/fabric/ip/bpf/bpf_fme_slv/sim/ directory:
2024.08.28.01:46:18 Info: common/xcelium_files.tcl
2024.08.28.01:46:18 Info: Generating the following file(s) for RIVIERA simulator in /home/jcheung2/ofs24/ofs-agx7-pcie-attach/src/pd_qsys/fabric/ip/bpf/bpf_fme_slv/sim/ directory:
2024.08.28.01:46:18 Info: common/riviera_files.tcl
2024.08.28.01:46:18 Info: Generating the following file(s) for VCSMX simulator in /home/jcheung2/ofs24/ofs-agx7-pcie-attach/src/pd_qsys/fabric/ip/bpf/bpf_fme_slv/sim/ directory:
2024.08.28.01:46:18 Info: common/vcsmx_files.tcl
2024.08.28.01:46:18 Info: Generating the following file(s) for VCS simulator in /home/jcheung2/ofs24/ofs-agx7-pcie-attach/src/pd_qsys/fabric/ip/bpf/bpf_fme_slv/sim/ directory:
2024.08.28.01:46:18 Info: common/vcs_files.tcl
2024.08.28.01:46:18 Info: Generating the following file(s) for MODELSIM simulator in /home/jcheung2/ofs24/ofs-agx7-pcie-attach/src/pd_qsys/fabric/ip/bpf/bpf_fme_slv/sim/ directory:
2024.08.28.01:46:18 Info: common/modelsim_files.tcl
2024.08.28.01:46:18 Info: For information on how to simulate your IP, see the explanatory comments in the simulator-specific subdirectories under /home/jcheung2/ofs24/ofs-agx7-pcie-attach/src/pd_qsys/fabric/ip/bpf/bpf_fme_slv/sim/.
2024.08.28.01:46:18 Info: Regenerate these scripts whenever you make any change to any Quartus-generated IP in your project.
2024.08.28.01:46:18 Info: Finished: Create simulation model
2024.08.28.01:46:18 Info: Starting: Create simulation script
2024.08.28.01:46:18 Info: sim-script-gen --system-file=/home/jcheung2/ofs24/ofs-agx7-pcie-attach/src/pd_qsys/fabric/ip/bpf/bpf_fme_slv.ip --output-directory=/home/jcheung2/ofs24/ofs-agx7-pcie-attach/src/pd_qsys/fabric/ip/bpf/bpf_fme_slv/sim/ --use-relative-paths=true
2024.08.28.01:46:18 Info: Generating the following file(s) for XCELIUM simulator in /home/jcheung2/ofs24/ofs-agx7-pcie-attach/src/pd_qsys/fabric/ip/bpf/bpf_fme_slv/sim/ directory:
2024.08.28.01:46:18 Info: xcelium/cds.lib
2024.08.28.01:46:18 Info: xcelium/hdl.var
2024.08.28.01:46:18 Info: xcelium/xcelium_setup.sh
2024.08.28.01:46:18 Info: 2 .cds.lib files in xcelium/cds_libs/ directory
2024.08.28.01:46:18 Info: Generating the following file(s) for RIVIERA simulator in /home/jcheung2/ofs24/ofs-agx7-pcie-attach/src/pd_qsys/fabric/ip/bpf/bpf_fme_slv/sim/ directory:
2024.08.28.01:46:18 Info: aldec/rivierapro_setup.tcl
2024.08.28.01:46:18 Info: Generating the following file(s) for VCSMX simulator in /home/jcheung2/ofs24/ofs-agx7-pcie-attach/src/pd_qsys/fabric/ip/bpf/bpf_fme_slv/sim/ directory:
2024.08.28.01:46:18 Info: synopsys/vcsmx/synopsys_sim.setup
2024.08.28.01:46:18 Info: synopsys/vcsmx/vcsmx_setup.sh
2024.08.28.01:46:18 Info: Generating the following file(s) for VCS simulator in /home/jcheung2/ofs24/ofs-agx7-pcie-attach/src/pd_qsys/fabric/ip/bpf/bpf_fme_slv/sim/ directory:
2024.08.28.01:46:18 Info: synopsys/vcs/vcs_setup.sh
2024.08.28.01:46:18 Info: Generating the following file(s) for MODELSIM simulator in /home/jcheung2/ofs24/ofs-agx7-pcie-attach/src/pd_qsys/fabric/ip/bpf/bpf_fme_slv/sim/ directory:
2024.08.28.01:46:18 Info: mentor/msim_setup.tcl
2024.08.28.01:46:18 Info: For information on how to simulate your IP, see the explanatory comments in the simulator-specific subdirectories under /home/jcheung2/ofs24/ofs-agx7-pcie-attach/src/pd_qsys/fabric/ip/bpf/bpf_fme_slv/sim/.
2024.08.28.01:46:18 Info: Regenerate these scripts whenever you make any change to any Quartus-generated IP in your project.
2024.08.28.01:46:18 Info: Finished: Create simulation script
2024.08.28.01:46:18 Info: 
2024.08.28.01:46:18 Info: Starting: Create HDL design files for synthesis
2024.08.28.01:46:18 Info: qsys-generate /home/jcheung2/ofs24/ofs-agx7-pcie-attach/src/pd_qsys/fabric/ip/bpf/bpf_fme_slv.ip --synthesis=VERILOG --output-directory=/home/jcheung2/ofs24/ofs-agx7-pcie-attach/src/pd_qsys/fabric/ip/bpf/bpf_fme_slv --family="Agilex 7" --part=AGFB014R24A2E2V
2024.08.28.01:46:18 Info: bpf_fme_slv: "Transforming system: bpf_fme_slv"
2024.08.28.01:46:18 Info: bpf_fme_slv: "Naming system components in system: bpf_fme_slv"
2024.08.28.01:46:18 Info: bpf_fme_slv: "Processing generation queue"
2024.08.28.01:46:18 Info: bpf_fme_slv: "Generating: bpf_fme_slv"
2024.08.28.01:46:18 Info: bpf_fme_slv: "Generating: axi4lite_shim"
2024.08.28.01:46:18 Info: bpf_fme_slv: Done "bpf_fme_slv" with 2 modules, 2 files
2024.08.28.01:46:18 Info: Finished: Create HDL design files for synthesis
2024.08.28.01:46:18 Info: Generation of /home/jcheung2/ofs24/ofs-agx7-pcie-attach/src/pd_qsys/fabric/ip/bpf/bpf_fme_slv.ip (bpf_fme_slv) took 1095 ms
2024.08.28.01:46:18 Info: 
2024.08.28.01:46:18 Info: Generating on localhost:34817
2024.08.28.01:46:18 Info: Saving generation log to /home/jcheung2/ofs24/ofs-agx7-pcie-attach/src/pd_qsys/fabric/ip/bpf/bpf_pmci_mst/bpf_pmci_mst_generation.rpt
2024.08.28.01:46:18 Info: Generated by version: 23.4 build 79
2024.08.28.01:46:18 Info: Starting: Create simulation model
2024.08.28.01:46:18 Info: qsys-generate /home/jcheung2/ofs24/ofs-agx7-pcie-attach/src/pd_qsys/fabric/ip/bpf/bpf_pmci_mst.ip --simulation=VERILOG --allow-mixed-language-simulation --output-directory=/home/jcheung2/ofs24/ofs-agx7-pcie-attach/src/pd_qsys/fabric/ip/bpf/bpf_pmci_mst --family="Agilex 7" --part=AGFB014R24A2E2V
2024.08.28.01:46:18 Info: bpf_pmci_mst: "Transforming system: bpf_pmci_mst"
2024.08.28.01:46:18 Info: bpf_pmci_mst: "Naming system components in system: bpf_pmci_mst"
2024.08.28.01:46:18 Info: bpf_pmci_mst: "Processing generation queue"
2024.08.28.01:46:18 Info: bpf_pmci_mst: "Generating: bpf_pmci_mst"
2024.08.28.01:46:18 Info: bpf_pmci_mst: "Generating: axi4lite_shim"
2024.08.28.01:46:18 Info: bpf_pmci_mst: Done "bpf_pmci_mst" with 2 modules, 2 files
2024.08.28.01:46:18 Info: Generating the following file(s) for MODELSIM simulator in /home/jcheung2/ofs24/ofs-agx7-pcie-attach/src/pd_qsys/fabric/ip/bpf/bpf_pmci_mst/sim/ directory:
2024.08.28.01:46:18 Info: common/modelsim_files.tcl
2024.08.28.01:46:18 Info: Generating the following file(s) for RIVIERA simulator in /home/jcheung2/ofs24/ofs-agx7-pcie-attach/src/pd_qsys/fabric/ip/bpf/bpf_pmci_mst/sim/ directory:
2024.08.28.01:46:18 Info: common/riviera_files.tcl
2024.08.28.01:46:18 Info: Generating the following file(s) for VCS simulator in /home/jcheung2/ofs24/ofs-agx7-pcie-attach/src/pd_qsys/fabric/ip/bpf/bpf_pmci_mst/sim/ directory:
2024.08.28.01:46:18 Info: common/vcs_files.tcl
2024.08.28.01:46:18 Info: Generating the following file(s) for XCELIUM simulator in /home/jcheung2/ofs24/ofs-agx7-pcie-attach/src/pd_qsys/fabric/ip/bpf/bpf_pmci_mst/sim/ directory:
2024.08.28.01:46:18 Info: common/xcelium_files.tcl
2024.08.28.01:46:18 Info: Generating the following file(s) for VCSMX simulator in /home/jcheung2/ofs24/ofs-agx7-pcie-attach/src/pd_qsys/fabric/ip/bpf/bpf_pmci_mst/sim/ directory:
2024.08.28.01:46:18 Info: common/vcsmx_files.tcl
2024.08.28.01:46:18 Info: For information on how to simulate your IP, see the explanatory comments in the simulator-specific subdirectories under /home/jcheung2/ofs24/ofs-agx7-pcie-attach/src/pd_qsys/fabric/ip/bpf/bpf_pmci_mst/sim/.
2024.08.28.01:46:18 Info: Regenerate these scripts whenever you make any change to any Quartus-generated IP in your project.
2024.08.28.01:46:18 Info: Finished: Create simulation model
2024.08.28.01:46:18 Info: Starting: Create simulation script
2024.08.28.01:46:18 Info: sim-script-gen --system-file=/home/jcheung2/ofs24/ofs-agx7-pcie-attach/src/pd_qsys/fabric/ip/bpf/bpf_pmci_mst.ip --output-directory=/home/jcheung2/ofs24/ofs-agx7-pcie-attach/src/pd_qsys/fabric/ip/bpf/bpf_pmci_mst/sim/ --use-relative-paths=true
2024.08.28.01:46:18 Info: Generating the following file(s) for MODELSIM simulator in /home/jcheung2/ofs24/ofs-agx7-pcie-attach/src/pd_qsys/fabric/ip/bpf/bpf_pmci_mst/sim/ directory:
2024.08.28.01:46:18 Info: mentor/msim_setup.tcl
2024.08.28.01:46:18 Info: Generating the following file(s) for RIVIERA simulator in /home/jcheung2/ofs24/ofs-agx7-pcie-attach/src/pd_qsys/fabric/ip/bpf/bpf_pmci_mst/sim/ directory:
2024.08.28.01:46:18 Info: aldec/rivierapro_setup.tcl
2024.08.28.01:46:18 Info: Generating the following file(s) for VCS simulator in /home/jcheung2/ofs24/ofs-agx7-pcie-attach/src/pd_qsys/fabric/ip/bpf/bpf_pmci_mst/sim/ directory:
2024.08.28.01:46:18 Info: synopsys/vcs/vcs_setup.sh
2024.08.28.01:46:18 Info: Generating the following file(s) for XCELIUM simulator in /home/jcheung2/ofs24/ofs-agx7-pcie-attach/src/pd_qsys/fabric/ip/bpf/bpf_pmci_mst/sim/ directory:
2024.08.28.01:46:18 Info: xcelium/cds.lib
2024.08.28.01:46:18 Info: xcelium/hdl.var
2024.08.28.01:46:18 Info: xcelium/xcelium_setup.sh
2024.08.28.01:46:18 Info: 2 .cds.lib files in xcelium/cds_libs/ directory
2024.08.28.01:46:18 Info: Generating the following file(s) for VCSMX simulator in /home/jcheung2/ofs24/ofs-agx7-pcie-attach/src/pd_qsys/fabric/ip/bpf/bpf_pmci_mst/sim/ directory:
2024.08.28.01:46:18 Info: synopsys/vcsmx/synopsys_sim.setup
2024.08.28.01:46:18 Info: synopsys/vcsmx/vcsmx_setup.sh
2024.08.28.01:46:18 Info: For information on how to simulate your IP, see the explanatory comments in the simulator-specific subdirectories under /home/jcheung2/ofs24/ofs-agx7-pcie-attach/src/pd_qsys/fabric/ip/bpf/bpf_pmci_mst/sim/.
2024.08.28.01:46:18 Info: Regenerate these scripts whenever you make any change to any Quartus-generated IP in your project.
2024.08.28.01:46:18 Info: Finished: Create simulation script
2024.08.28.01:46:18 Info: 
2024.08.28.01:46:18 Info: Starting: Create HDL design files for synthesis
2024.08.28.01:46:18 Info: qsys-generate /home/jcheung2/ofs24/ofs-agx7-pcie-attach/src/pd_qsys/fabric/ip/bpf/bpf_pmci_mst.ip --synthesis=VERILOG --output-directory=/home/jcheung2/ofs24/ofs-agx7-pcie-attach/src/pd_qsys/fabric/ip/bpf/bpf_pmci_mst --family="Agilex 7" --part=AGFB014R24A2E2V
2024.08.28.01:46:18 Info: bpf_pmci_mst: "Transforming system: bpf_pmci_mst"
2024.08.28.01:46:18 Info: bpf_pmci_mst: "Naming system components in system: bpf_pmci_mst"
2024.08.28.01:46:18 Info: bpf_pmci_mst: "Processing generation queue"
2024.08.28.01:46:18 Info: bpf_pmci_mst: "Generating: bpf_pmci_mst"
2024.08.28.01:46:18 Info: bpf_pmci_mst: "Generating: axi4lite_shim"
2024.08.28.01:46:18 Info: bpf_pmci_mst: Done "bpf_pmci_mst" with 2 modules, 2 files
2024.08.28.01:46:18 Info: Finished: Create HDL design files for synthesis
2024.08.28.01:46:18 Info: Generation of /home/jcheung2/ofs24/ofs-agx7-pcie-attach/src/pd_qsys/fabric/ip/bpf/bpf_pmci_mst.ip (bpf_pmci_mst) took 1010 ms
2024.08.28.01:46:18 Info: 
2024.08.28.01:46:18 Info: Generating on localhost:39195
2024.08.28.01:46:18 Info: Saving generation log to /home/jcheung2/ofs24/ofs-agx7-pcie-attach/src/pd_qsys/fabric/ip/bpf/bpf_qsfp0_slv/bpf_qsfp0_slv_generation.rpt
2024.08.28.01:46:18 Info: Generated by version: 23.4 build 79
2024.08.28.01:46:18 Info: Starting: Create simulation model
2024.08.28.01:46:18 Info: qsys-generate /home/jcheung2/ofs24/ofs-agx7-pcie-attach/src/pd_qsys/fabric/ip/bpf/bpf_qsfp0_slv.ip --simulation=VERILOG --allow-mixed-language-simulation --output-directory=/home/jcheung2/ofs24/ofs-agx7-pcie-attach/src/pd_qsys/fabric/ip/bpf/bpf_qsfp0_slv --family="Agilex 7" --part=AGFB014R24A2E2V
2024.08.28.01:46:18 Info: bpf_qsfp0_slv: "Transforming system: bpf_qsfp0_slv"
2024.08.28.01:46:18 Info: bpf_qsfp0_slv: "Naming system components in system: bpf_qsfp0_slv"
2024.08.28.01:46:18 Info: bpf_qsfp0_slv: "Processing generation queue"
2024.08.28.01:46:18 Info: bpf_qsfp0_slv: "Generating: bpf_qsfp0_slv"
2024.08.28.01:46:18 Info: bpf_qsfp0_slv: "Generating: axi4lite_shim"
2024.08.28.01:46:18 Info: bpf_qsfp0_slv: Done "bpf_qsfp0_slv" with 2 modules, 2 files
2024.08.28.01:46:18 Info: Generating the following file(s) for MODELSIM simulator in /home/jcheung2/ofs24/ofs-agx7-pcie-attach/src/pd_qsys/fabric/ip/bpf/bpf_qsfp0_slv/sim/ directory:
2024.08.28.01:46:18 Info: common/modelsim_files.tcl
2024.08.28.01:46:18 Info: Generating the following file(s) for VCSMX simulator in /home/jcheung2/ofs24/ofs-agx7-pcie-attach/src/pd_qsys/fabric/ip/bpf/bpf_qsfp0_slv/sim/ directory:
2024.08.28.01:46:18 Info: common/vcsmx_files.tcl
2024.08.28.01:46:18 Info: Generating the following file(s) for VCS simulator in /home/jcheung2/ofs24/ofs-agx7-pcie-attach/src/pd_qsys/fabric/ip/bpf/bpf_qsfp0_slv/sim/ directory:
2024.08.28.01:46:18 Info: common/vcs_files.tcl
2024.08.28.01:46:18 Info: Generating the following file(s) for XCELIUM simulator in /home/jcheung2/ofs24/ofs-agx7-pcie-attach/src/pd_qsys/fabric/ip/bpf/bpf_qsfp0_slv/sim/ directory:
2024.08.28.01:46:18 Info: common/xcelium_files.tcl
2024.08.28.01:46:18 Info: Generating the following file(s) for RIVIERA simulator in /home/jcheung2/ofs24/ofs-agx7-pcie-attach/src/pd_qsys/fabric/ip/bpf/bpf_qsfp0_slv/sim/ directory:
2024.08.28.01:46:18 Info: common/riviera_files.tcl
2024.08.28.01:46:18 Info: For information on how to simulate your IP, see the explanatory comments in the simulator-specific subdirectories under /home/jcheung2/ofs24/ofs-agx7-pcie-attach/src/pd_qsys/fabric/ip/bpf/bpf_qsfp0_slv/sim/.
2024.08.28.01:46:18 Info: Regenerate these scripts whenever you make any change to any Quartus-generated IP in your project.
2024.08.28.01:46:18 Info: Finished: Create simulation model
2024.08.28.01:46:18 Info: Starting: Create simulation script
2024.08.28.01:46:18 Info: sim-script-gen --system-file=/home/jcheung2/ofs24/ofs-agx7-pcie-attach/src/pd_qsys/fabric/ip/bpf/bpf_qsfp0_slv.ip --output-directory=/home/jcheung2/ofs24/ofs-agx7-pcie-attach/src/pd_qsys/fabric/ip/bpf/bpf_qsfp0_slv/sim/ --use-relative-paths=true
2024.08.28.01:46:18 Info: Generating the following file(s) for MODELSIM simulator in /home/jcheung2/ofs24/ofs-agx7-pcie-attach/src/pd_qsys/fabric/ip/bpf/bpf_qsfp0_slv/sim/ directory:
2024.08.28.01:46:18 Info: mentor/msim_setup.tcl
2024.08.28.01:46:18 Info: Generating the following file(s) for VCSMX simulator in /home/jcheung2/ofs24/ofs-agx7-pcie-attach/src/pd_qsys/fabric/ip/bpf/bpf_qsfp0_slv/sim/ directory:
2024.08.28.01:46:18 Info: synopsys/vcsmx/synopsys_sim.setup
2024.08.28.01:46:18 Info: synopsys/vcsmx/vcsmx_setup.sh
2024.08.28.01:46:18 Info: Generating the following file(s) for VCS simulator in /home/jcheung2/ofs24/ofs-agx7-pcie-attach/src/pd_qsys/fabric/ip/bpf/bpf_qsfp0_slv/sim/ directory:
2024.08.28.01:46:18 Info: synopsys/vcs/vcs_setup.sh
2024.08.28.01:46:18 Info: Generating the following file(s) for XCELIUM simulator in /home/jcheung2/ofs24/ofs-agx7-pcie-attach/src/pd_qsys/fabric/ip/bpf/bpf_qsfp0_slv/sim/ directory:
2024.08.28.01:46:18 Info: xcelium/cds.lib
2024.08.28.01:46:18 Info: xcelium/hdl.var
2024.08.28.01:46:18 Info: xcelium/xcelium_setup.sh
2024.08.28.01:46:18 Info: 2 .cds.lib files in xcelium/cds_libs/ directory
2024.08.28.01:46:18 Info: Generating the following file(s) for RIVIERA simulator in /home/jcheung2/ofs24/ofs-agx7-pcie-attach/src/pd_qsys/fabric/ip/bpf/bpf_qsfp0_slv/sim/ directory:
2024.08.28.01:46:18 Info: aldec/rivierapro_setup.tcl
2024.08.28.01:46:18 Info: For information on how to simulate your IP, see the explanatory comments in the simulator-specific subdirectories under /home/jcheung2/ofs24/ofs-agx7-pcie-attach/src/pd_qsys/fabric/ip/bpf/bpf_qsfp0_slv/sim/.
2024.08.28.01:46:18 Info: Regenerate these scripts whenever you make any change to any Quartus-generated IP in your project.
2024.08.28.01:46:18 Info: Finished: Create simulation script
2024.08.28.01:46:18 Info: 
2024.08.28.01:46:18 Info: Starting: Create HDL design files for synthesis
2024.08.28.01:46:18 Info: qsys-generate /home/jcheung2/ofs24/ofs-agx7-pcie-attach/src/pd_qsys/fabric/ip/bpf/bpf_qsfp0_slv.ip --synthesis=VERILOG --output-directory=/home/jcheung2/ofs24/ofs-agx7-pcie-attach/src/pd_qsys/fabric/ip/bpf/bpf_qsfp0_slv --family="Agilex 7" --part=AGFB014R24A2E2V
2024.08.28.01:46:18 Info: bpf_qsfp0_slv: "Transforming system: bpf_qsfp0_slv"
2024.08.28.01:46:18 Info: bpf_qsfp0_slv: "Naming system components in system: bpf_qsfp0_slv"
2024.08.28.01:46:18 Info: bpf_qsfp0_slv: "Processing generation queue"
2024.08.28.01:46:18 Info: bpf_qsfp0_slv: "Generating: bpf_qsfp0_slv"
2024.08.28.01:46:18 Info: bpf_qsfp0_slv: "Generating: axi4lite_shim"
2024.08.28.01:46:18 Info: bpf_qsfp0_slv: Done "bpf_qsfp0_slv" with 2 modules, 2 files
2024.08.28.01:46:18 Info: Finished: Create HDL design files for synthesis
2024.08.28.01:46:18 Info: Generation of /home/jcheung2/ofs24/ofs-agx7-pcie-attach/src/pd_qsys/fabric/ip/bpf/bpf_qsfp0_slv.ip (bpf_qsfp0_slv) took 1057 ms
2024.08.28.01:46:19 Info: 
2024.08.28.01:46:19 Info: Generating on localhost:36793
2024.08.28.01:46:19 Info: Saving generation log to /home/jcheung2/ofs24/ofs-agx7-pcie-attach/src/pd_qsys/fabric/ip/bpf/bpf_apf_slv/bpf_apf_slv_generation.rpt
2024.08.28.01:46:19 Info: Generated by version: 23.4 build 79
2024.08.28.01:46:19 Info: Starting: Create simulation model
2024.08.28.01:46:19 Info: qsys-generate /home/jcheung2/ofs24/ofs-agx7-pcie-attach/src/pd_qsys/fabric/ip/bpf/bpf_apf_slv.ip --simulation=VERILOG --allow-mixed-language-simulation --output-directory=/home/jcheung2/ofs24/ofs-agx7-pcie-attach/src/pd_qsys/fabric/ip/bpf/bpf_apf_slv --family="Agilex 7" --part=AGFB014R24A2E2V
2024.08.28.01:46:19 Info: bpf_apf_slv: "Transforming system: bpf_apf_slv"
2024.08.28.01:46:19 Info: bpf_apf_slv: "Naming system components in system: bpf_apf_slv"
2024.08.28.01:46:19 Info: bpf_apf_slv: "Processing generation queue"
2024.08.28.01:46:19 Info: bpf_apf_slv: "Generating: bpf_apf_slv"
2024.08.28.01:46:19 Info: bpf_apf_slv: "Generating: axi4lite_shim"
2024.08.28.01:46:19 Info: bpf_apf_slv: Done "bpf_apf_slv" with 2 modules, 2 files
2024.08.28.01:46:19 Info: Generating the following file(s) for XCELIUM simulator in /home/jcheung2/ofs24/ofs-agx7-pcie-attach/src/pd_qsys/fabric/ip/bpf/bpf_apf_slv/sim/ directory:
2024.08.28.01:46:19 Info: common/xcelium_files.tcl
2024.08.28.01:46:19 Info: Generating the following file(s) for VCS simulator in /home/jcheung2/ofs24/ofs-agx7-pcie-attach/src/pd_qsys/fabric/ip/bpf/bpf_apf_slv/sim/ directory:
2024.08.28.01:46:19 Info: common/vcs_files.tcl
2024.08.28.01:46:19 Info: Generating the following file(s) for VCSMX simulator in /home/jcheung2/ofs24/ofs-agx7-pcie-attach/src/pd_qsys/fabric/ip/bpf/bpf_apf_slv/sim/ directory:
2024.08.28.01:46:19 Info: common/vcsmx_files.tcl
2024.08.28.01:46:19 Info: Generating the following file(s) for RIVIERA simulator in /home/jcheung2/ofs24/ofs-agx7-pcie-attach/src/pd_qsys/fabric/ip/bpf/bpf_apf_slv/sim/ directory:
2024.08.28.01:46:19 Info: common/riviera_files.tcl
2024.08.28.01:46:19 Info: Generating the following file(s) for MODELSIM simulator in /home/jcheung2/ofs24/ofs-agx7-pcie-attach/src/pd_qsys/fabric/ip/bpf/bpf_apf_slv/sim/ directory:
2024.08.28.01:46:19 Info: common/modelsim_files.tcl
2024.08.28.01:46:19 Info: For information on how to simulate your IP, see the explanatory comments in the simulator-specific subdirectories under /home/jcheung2/ofs24/ofs-agx7-pcie-attach/src/pd_qsys/fabric/ip/bpf/bpf_apf_slv/sim/.
2024.08.28.01:46:19 Info: Regenerate these scripts whenever you make any change to any Quartus-generated IP in your project.
2024.08.28.01:46:19 Info: Finished: Create simulation model
2024.08.28.01:46:19 Info: Starting: Create simulation script
2024.08.28.01:46:19 Info: sim-script-gen --system-file=/home/jcheung2/ofs24/ofs-agx7-pcie-attach/src/pd_qsys/fabric/ip/bpf/bpf_apf_slv.ip --output-directory=/home/jcheung2/ofs24/ofs-agx7-pcie-attach/src/pd_qsys/fabric/ip/bpf/bpf_apf_slv/sim/ --use-relative-paths=true
2024.08.28.01:46:19 Info: Generating the following file(s) for XCELIUM simulator in /home/jcheung2/ofs24/ofs-agx7-pcie-attach/src/pd_qsys/fabric/ip/bpf/bpf_apf_slv/sim/ directory:
2024.08.28.01:46:19 Info: xcelium/cds.lib
2024.08.28.01:46:19 Info: xcelium/hdl.var
2024.08.28.01:46:19 Info: xcelium/xcelium_setup.sh
2024.08.28.01:46:19 Info: 2 .cds.lib files in xcelium/cds_libs/ directory
2024.08.28.01:46:19 Info: Generating the following file(s) for VCS simulator in /home/jcheung2/ofs24/ofs-agx7-pcie-attach/src/pd_qsys/fabric/ip/bpf/bpf_apf_slv/sim/ directory:
2024.08.28.01:46:19 Info: synopsys/vcs/vcs_setup.sh
2024.08.28.01:46:19 Info: Generating the following file(s) for VCSMX simulator in /home/jcheung2/ofs24/ofs-agx7-pcie-attach/src/pd_qsys/fabric/ip/bpf/bpf_apf_slv/sim/ directory:
2024.08.28.01:46:19 Info: synopsys/vcsmx/synopsys_sim.setup
2024.08.28.01:46:19 Info: synopsys/vcsmx/vcsmx_setup.sh
2024.08.28.01:46:19 Info: Generating the following file(s) for RIVIERA simulator in /home/jcheung2/ofs24/ofs-agx7-pcie-attach/src/pd_qsys/fabric/ip/bpf/bpf_apf_slv/sim/ directory:
2024.08.28.01:46:19 Info: aldec/rivierapro_setup.tcl
2024.08.28.01:46:19 Info: Generating the following file(s) for MODELSIM simulator in /home/jcheung2/ofs24/ofs-agx7-pcie-attach/src/pd_qsys/fabric/ip/bpf/bpf_apf_slv/sim/ directory:
2024.08.28.01:46:19 Info: mentor/msim_setup.tcl
2024.08.28.01:46:19 Info: For information on how to simulate your IP, see the explanatory comments in the simulator-specific subdirectories under /home/jcheung2/ofs24/ofs-agx7-pcie-attach/src/pd_qsys/fabric/ip/bpf/bpf_apf_slv/sim/.
2024.08.28.01:46:19 Info: Regenerate these scripts whenever you make any change to any Quartus-generated IP in your project.
2024.08.28.01:46:19 Info: Finished: Create simulation script
2024.08.28.01:46:19 Info: 
2024.08.28.01:46:19 Info: Starting: Create HDL design files for synthesis
2024.08.28.01:46:19 Info: qsys-generate /home/jcheung2/ofs24/ofs-agx7-pcie-attach/src/pd_qsys/fabric/ip/bpf/bpf_apf_slv.ip --synthesis=VERILOG --output-directory=/home/jcheung2/ofs24/ofs-agx7-pcie-attach/src/pd_qsys/fabric/ip/bpf/bpf_apf_slv --family="Agilex 7" --part=AGFB014R24A2E2V
2024.08.28.01:46:19 Info: bpf_apf_slv: "Transforming system: bpf_apf_slv"
2024.08.28.01:46:19 Info: bpf_apf_slv: "Naming system components in system: bpf_apf_slv"
2024.08.28.01:46:19 Info: bpf_apf_slv: "Processing generation queue"
2024.08.28.01:46:19 Info: bpf_apf_slv: "Generating: bpf_apf_slv"
2024.08.28.01:46:19 Info: bpf_apf_slv: "Generating: axi4lite_shim"
2024.08.28.01:46:19 Info: bpf_apf_slv: Done "bpf_apf_slv" with 2 modules, 2 files
2024.08.28.01:46:19 Info: Finished: Create HDL design files for synthesis
2024.08.28.01:46:19 Info: Generation of /home/jcheung2/ofs24/ofs-agx7-pcie-attach/src/pd_qsys/fabric/ip/bpf/bpf_apf_slv.ip (bpf_apf_slv) took 648 ms
2024.08.28.01:46:19 Info: 
2024.08.28.01:46:19 Info: Generating on localhost:46715
2024.08.28.01:46:19 Info: Saving generation log to /home/jcheung2/ofs24/ofs-agx7-pcie-attach/src/pd_qsys/fabric/ip/bpf/bpf_emif_slv/bpf_emif_slv_generation.rpt
2024.08.28.01:46:19 Info: Generated by version: 23.4 build 79
2024.08.28.01:46:19 Info: Starting: Create simulation model
2024.08.28.01:46:19 Info: qsys-generate /home/jcheung2/ofs24/ofs-agx7-pcie-attach/src/pd_qsys/fabric/ip/bpf/bpf_emif_slv.ip --simulation=VERILOG --allow-mixed-language-simulation --output-directory=/home/jcheung2/ofs24/ofs-agx7-pcie-attach/src/pd_qsys/fabric/ip/bpf/bpf_emif_slv --family="Agilex 7" --part=AGFB014R24A2E2V
2024.08.28.01:46:19 Info: bpf_emif_slv: "Transforming system: bpf_emif_slv"
2024.08.28.01:46:19 Info: bpf_emif_slv: "Naming system components in system: bpf_emif_slv"
2024.08.28.01:46:19 Info: bpf_emif_slv: "Processing generation queue"
2024.08.28.01:46:19 Info: bpf_emif_slv: "Generating: bpf_emif_slv"
2024.08.28.01:46:19 Info: bpf_emif_slv: "Generating: axi4lite_shim"
2024.08.28.01:46:19 Info: bpf_emif_slv: Done "bpf_emif_slv" with 2 modules, 2 files
2024.08.28.01:46:19 Info: Generating the following file(s) for MODELSIM simulator in /home/jcheung2/ofs24/ofs-agx7-pcie-attach/src/pd_qsys/fabric/ip/bpf/bpf_emif_slv/sim/ directory:
2024.08.28.01:46:19 Info: common/modelsim_files.tcl
2024.08.28.01:46:19 Info: Generating the following file(s) for RIVIERA simulator in /home/jcheung2/ofs24/ofs-agx7-pcie-attach/src/pd_qsys/fabric/ip/bpf/bpf_emif_slv/sim/ directory:
2024.08.28.01:46:19 Info: common/riviera_files.tcl
2024.08.28.01:46:19 Info: Generating the following file(s) for VCS simulator in /home/jcheung2/ofs24/ofs-agx7-pcie-attach/src/pd_qsys/fabric/ip/bpf/bpf_emif_slv/sim/ directory:
2024.08.28.01:46:19 Info: common/vcs_files.tcl
2024.08.28.01:46:19 Info: Generating the following file(s) for XCELIUM simulator in /home/jcheung2/ofs24/ofs-agx7-pcie-attach/src/pd_qsys/fabric/ip/bpf/bpf_emif_slv/sim/ directory:
2024.08.28.01:46:19 Info: common/xcelium_files.tcl
2024.08.28.01:46:19 Info: Generating the following file(s) for VCSMX simulator in /home/jcheung2/ofs24/ofs-agx7-pcie-attach/src/pd_qsys/fabric/ip/bpf/bpf_emif_slv/sim/ directory:
2024.08.28.01:46:19 Info: common/vcsmx_files.tcl
2024.08.28.01:46:19 Info: For information on how to simulate your IP, see the explanatory comments in the simulator-specific subdirectories under /home/jcheung2/ofs24/ofs-agx7-pcie-attach/src/pd_qsys/fabric/ip/bpf/bpf_emif_slv/sim/.
2024.08.28.01:46:19 Info: Regenerate these scripts whenever you make any change to any Quartus-generated IP in your project.
2024.08.28.01:46:19 Info: Finished: Create simulation model
2024.08.28.01:46:19 Info: Starting: Create simulation script
2024.08.28.01:46:19 Info: sim-script-gen --system-file=/home/jcheung2/ofs24/ofs-agx7-pcie-attach/src/pd_qsys/fabric/ip/bpf/bpf_emif_slv.ip --output-directory=/home/jcheung2/ofs24/ofs-agx7-pcie-attach/src/pd_qsys/fabric/ip/bpf/bpf_emif_slv/sim/ --use-relative-paths=true
2024.08.28.01:46:19 Info: Generating the following file(s) for MODELSIM simulator in /home/jcheung2/ofs24/ofs-agx7-pcie-attach/src/pd_qsys/fabric/ip/bpf/bpf_emif_slv/sim/ directory:
2024.08.28.01:46:19 Info: mentor/msim_setup.tcl
2024.08.28.01:46:19 Info: Generating the following file(s) for RIVIERA simulator in /home/jcheung2/ofs24/ofs-agx7-pcie-attach/src/pd_qsys/fabric/ip/bpf/bpf_emif_slv/sim/ directory:
2024.08.28.01:46:19 Info: aldec/rivierapro_setup.tcl
2024.08.28.01:46:19 Info: Generating the following file(s) for VCS simulator in /home/jcheung2/ofs24/ofs-agx7-pcie-attach/src/pd_qsys/fabric/ip/bpf/bpf_emif_slv/sim/ directory:
2024.08.28.01:46:19 Info: synopsys/vcs/vcs_setup.sh
2024.08.28.01:46:19 Info: Generating the following file(s) for XCELIUM simulator in /home/jcheung2/ofs24/ofs-agx7-pcie-attach/src/pd_qsys/fabric/ip/bpf/bpf_emif_slv/sim/ directory:
2024.08.28.01:46:19 Info: xcelium/cds.lib
2024.08.28.01:46:19 Info: xcelium/hdl.var
2024.08.28.01:46:19 Info: xcelium/xcelium_setup.sh
2024.08.28.01:46:19 Info: 2 .cds.lib files in xcelium/cds_libs/ directory
2024.08.28.01:46:19 Info: Generating the following file(s) for VCSMX simulator in /home/jcheung2/ofs24/ofs-agx7-pcie-attach/src/pd_qsys/fabric/ip/bpf/bpf_emif_slv/sim/ directory:
2024.08.28.01:46:19 Info: synopsys/vcsmx/synopsys_sim.setup
2024.08.28.01:46:19 Info: synopsys/vcsmx/vcsmx_setup.sh
2024.08.28.01:46:19 Info: For information on how to simulate your IP, see the explanatory comments in the simulator-specific subdirectories under /home/jcheung2/ofs24/ofs-agx7-pcie-attach/src/pd_qsys/fabric/ip/bpf/bpf_emif_slv/sim/.
2024.08.28.01:46:19 Info: Regenerate these scripts whenever you make any change to any Quartus-generated IP in your project.
2024.08.28.01:46:19 Info: Finished: Create simulation script
2024.08.28.01:46:19 Info: 
2024.08.28.01:46:19 Info: Starting: Create HDL design files for synthesis
2024.08.28.01:46:19 Info: qsys-generate /home/jcheung2/ofs24/ofs-agx7-pcie-attach/src/pd_qsys/fabric/ip/bpf/bpf_emif_slv.ip --synthesis=VERILOG --output-directory=/home/jcheung2/ofs24/ofs-agx7-pcie-attach/src/pd_qsys/fabric/ip/bpf/bpf_emif_slv --family="Agilex 7" --part=AGFB014R24A2E2V
2024.08.28.01:46:19 Info: bpf_emif_slv: "Transforming system: bpf_emif_slv"
2024.08.28.01:46:19 Info: bpf_emif_slv: "Naming system components in system: bpf_emif_slv"
2024.08.28.01:46:19 Info: bpf_emif_slv: "Processing generation queue"
2024.08.28.01:46:19 Info: bpf_emif_slv: "Generating: bpf_emif_slv"
2024.08.28.01:46:19 Info: bpf_emif_slv: "Generating: axi4lite_shim"
2024.08.28.01:46:19 Info: bpf_emif_slv: Done "bpf_emif_slv" with 2 modules, 2 files
2024.08.28.01:46:19 Info: Finished: Create HDL design files for synthesis
2024.08.28.01:46:19 Info: Generation of /home/jcheung2/ofs24/ofs-agx7-pcie-attach/src/pd_qsys/fabric/ip/bpf/bpf_emif_slv.ip (bpf_emif_slv) took 644 ms
2024.08.28.01:46:19 Info: 
2024.08.28.01:46:19 Info: Generating on localhost:42343
2024.08.28.01:46:19 Info: Saving generation log to /home/jcheung2/ofs24/ofs-agx7-pcie-attach/src/pd_qsys/fabric/ip/bpf/bpf_reset_bridge/bpf_reset_bridge_generation.rpt
2024.08.28.01:46:19 Info: Generated by version: 23.4 build 79
2024.08.28.01:46:19 Info: Starting: Create simulation model
2024.08.28.01:46:19 Info: qsys-generate /home/jcheung2/ofs24/ofs-agx7-pcie-attach/src/pd_qsys/fabric/ip/bpf/bpf_reset_bridge.ip --simulation=VERILOG --allow-mixed-language-simulation --output-directory=/home/jcheung2/ofs24/ofs-agx7-pcie-attach/src/pd_qsys/fabric/ip/bpf/bpf_reset_bridge --family="Agilex 7" --part=AGFB014R24A2E2V
2024.08.28.01:46:19 Info: bpf_reset_bridge: "Transforming system: bpf_reset_bridge"
2024.08.28.01:46:19 Info: bpf_reset_bridge: "Naming system components in system: bpf_reset_bridge"
2024.08.28.01:46:19 Info: bpf_reset_bridge: "Processing generation queue"
2024.08.28.01:46:19 Info: bpf_reset_bridge: "Generating: bpf_reset_bridge"
2024.08.28.01:46:19 Info: bpf_reset_bridge: Done "bpf_reset_bridge" with 1 modules, 1 files
2024.08.28.01:46:19 Info: Generating the following file(s) for XCELIUM simulator in /home/jcheung2/ofs24/ofs-agx7-pcie-attach/src/pd_qsys/fabric/ip/bpf/bpf_reset_bridge/sim/ directory:
2024.08.28.01:46:19 Info: common/xcelium_files.tcl
2024.08.28.01:46:19 Info: Generating the following file(s) for RIVIERA simulator in /home/jcheung2/ofs24/ofs-agx7-pcie-attach/src/pd_qsys/fabric/ip/bpf/bpf_reset_bridge/sim/ directory:
2024.08.28.01:46:19 Info: common/riviera_files.tcl
2024.08.28.01:46:19 Info: Generating the following file(s) for VCSMX simulator in /home/jcheung2/ofs24/ofs-agx7-pcie-attach/src/pd_qsys/fabric/ip/bpf/bpf_reset_bridge/sim/ directory:
2024.08.28.01:46:19 Info: common/vcsmx_files.tcl
2024.08.28.01:46:19 Info: Generating the following file(s) for VCS simulator in /home/jcheung2/ofs24/ofs-agx7-pcie-attach/src/pd_qsys/fabric/ip/bpf/bpf_reset_bridge/sim/ directory:
2024.08.28.01:46:19 Info: common/vcs_files.tcl
2024.08.28.01:46:19 Info: Generating the following file(s) for MODELSIM simulator in /home/jcheung2/ofs24/ofs-agx7-pcie-attach/src/pd_qsys/fabric/ip/bpf/bpf_reset_bridge/sim/ directory:
2024.08.28.01:46:19 Info: common/modelsim_files.tcl
2024.08.28.01:46:19 Info: For information on how to simulate your IP, see the explanatory comments in the simulator-specific subdirectories under /home/jcheung2/ofs24/ofs-agx7-pcie-attach/src/pd_qsys/fabric/ip/bpf/bpf_reset_bridge/sim/.
2024.08.28.01:46:19 Info: Regenerate these scripts whenever you make any change to any Quartus-generated IP in your project.
2024.08.28.01:46:19 Info: Finished: Create simulation model
2024.08.28.01:46:19 Info: Starting: Create simulation script
2024.08.28.01:46:19 Info: sim-script-gen --system-file=/home/jcheung2/ofs24/ofs-agx7-pcie-attach/src/pd_qsys/fabric/ip/bpf/bpf_reset_bridge.ip --output-directory=/home/jcheung2/ofs24/ofs-agx7-pcie-attach/src/pd_qsys/fabric/ip/bpf/bpf_reset_bridge/sim/ --use-relative-paths=true
2024.08.28.01:46:19 Info: Generating the following file(s) for XCELIUM simulator in /home/jcheung2/ofs24/ofs-agx7-pcie-attach/src/pd_qsys/fabric/ip/bpf/bpf_reset_bridge/sim/ directory:
2024.08.28.01:46:19 Info: xcelium/cds.lib
2024.08.28.01:46:19 Info: xcelium/hdl.var
2024.08.28.01:46:19 Info: xcelium/xcelium_setup.sh
2024.08.28.01:46:19 Info: 1 .cds.lib files in xcelium/cds_libs/ directory
2024.08.28.01:46:19 Info: Generating the following file(s) for RIVIERA simulator in /home/jcheung2/ofs24/ofs-agx7-pcie-attach/src/pd_qsys/fabric/ip/bpf/bpf_reset_bridge/sim/ directory:
2024.08.28.01:46:19 Info: aldec/rivierapro_setup.tcl
2024.08.28.01:46:19 Info: Generating the following file(s) for VCSMX simulator in /home/jcheung2/ofs24/ofs-agx7-pcie-attach/src/pd_qsys/fabric/ip/bpf/bpf_reset_bridge/sim/ directory:
2024.08.28.01:46:19 Info: synopsys/vcsmx/synopsys_sim.setup
2024.08.28.01:46:19 Info: synopsys/vcsmx/vcsmx_setup.sh
2024.08.28.01:46:19 Info: Generating the following file(s) for VCS simulator in /home/jcheung2/ofs24/ofs-agx7-pcie-attach/src/pd_qsys/fabric/ip/bpf/bpf_reset_bridge/sim/ directory:
2024.08.28.01:46:19 Info: synopsys/vcs/vcs_setup.sh
2024.08.28.01:46:19 Info: Generating the following file(s) for MODELSIM simulator in /home/jcheung2/ofs24/ofs-agx7-pcie-attach/src/pd_qsys/fabric/ip/bpf/bpf_reset_bridge/sim/ directory:
2024.08.28.01:46:19 Info: mentor/msim_setup.tcl
2024.08.28.01:46:19 Info: For information on how to simulate your IP, see the explanatory comments in the simulator-specific subdirectories under /home/jcheung2/ofs24/ofs-agx7-pcie-attach/src/pd_qsys/fabric/ip/bpf/bpf_reset_bridge/sim/.
2024.08.28.01:46:19 Info: Regenerate these scripts whenever you make any change to any Quartus-generated IP in your project.
2024.08.28.01:46:19 Info: Finished: Create simulation script
2024.08.28.01:46:19 Info: 
2024.08.28.01:46:19 Info: Starting: Create HDL design files for synthesis
2024.08.28.01:46:19 Info: qsys-generate /home/jcheung2/ofs24/ofs-agx7-pcie-attach/src/pd_qsys/fabric/ip/bpf/bpf_reset_bridge.ip --synthesis=VERILOG --output-directory=/home/jcheung2/ofs24/ofs-agx7-pcie-attach/src/pd_qsys/fabric/ip/bpf/bpf_reset_bridge --family="Agilex 7" --part=AGFB014R24A2E2V
2024.08.28.01:46:19 Info: bpf_reset_bridge: "Transforming system: bpf_reset_bridge"
2024.08.28.01:46:19 Info: bpf_reset_bridge: "Naming system components in system: bpf_reset_bridge"
2024.08.28.01:46:19 Info: bpf_reset_bridge: "Processing generation queue"
2024.08.28.01:46:19 Info: bpf_reset_bridge: "Generating: bpf_reset_bridge"
2024.08.28.01:46:19 Info: bpf_reset_bridge: Done "bpf_reset_bridge" with 1 modules, 1 files
2024.08.28.01:46:19 Info: Finished: Create HDL design files for synthesis
2024.08.28.01:46:19 Info: Generation of /home/jcheung2/ofs24/ofs-agx7-pcie-attach/src/pd_qsys/fabric/ip/bpf/bpf_reset_bridge.ip (bpf_reset_bridge) took 665 ms
2024.08.28.01:46:19 Info: 
2024.08.28.01:46:19 Info: Generating on localhost:39195
2024.08.28.01:46:19 Info: Saving generation log to /home/jcheung2/ofs24/ofs-agx7-pcie-attach/src/pd_qsys/fabric/ip/bpf/bpf_clock_bridge/bpf_clock_bridge_generation.rpt
2024.08.28.01:46:19 Info: Generated by version: 23.4 build 79
2024.08.28.01:46:19 Info: Starting: Create simulation model
2024.08.28.01:46:19 Info: qsys-generate /home/jcheung2/ofs24/ofs-agx7-pcie-attach/src/pd_qsys/fabric/ip/bpf/bpf_clock_bridge.ip --simulation=VERILOG --allow-mixed-language-simulation --output-directory=/home/jcheung2/ofs24/ofs-agx7-pcie-attach/src/pd_qsys/fabric/ip/bpf/bpf_clock_bridge --family="Agilex 7" --part=AGFB014R24A2E2V
2024.08.28.01:46:19 Info: bpf_clock_bridge: "Transforming system: bpf_clock_bridge"
2024.08.28.01:46:19 Info: bpf_clock_bridge: "Naming system components in system: bpf_clock_bridge"
2024.08.28.01:46:19 Info: bpf_clock_bridge: "Processing generation queue"
2024.08.28.01:46:19 Info: bpf_clock_bridge: "Generating: bpf_clock_bridge"
2024.08.28.01:46:19 Info: bpf_clock_bridge: Done "bpf_clock_bridge" with 1 modules, 1 files
2024.08.28.01:46:19 Info: Generating the following file(s) for MODELSIM simulator in /home/jcheung2/ofs24/ofs-agx7-pcie-attach/src/pd_qsys/fabric/ip/bpf/bpf_clock_bridge/sim/ directory:
2024.08.28.01:46:19 Info: common/modelsim_files.tcl
2024.08.28.01:46:19 Info: Generating the following file(s) for VCSMX simulator in /home/jcheung2/ofs24/ofs-agx7-pcie-attach/src/pd_qsys/fabric/ip/bpf/bpf_clock_bridge/sim/ directory:
2024.08.28.01:46:19 Info: common/vcsmx_files.tcl
2024.08.28.01:46:19 Info: Generating the following file(s) for VCS simulator in /home/jcheung2/ofs24/ofs-agx7-pcie-attach/src/pd_qsys/fabric/ip/bpf/bpf_clock_bridge/sim/ directory:
2024.08.28.01:46:19 Info: common/vcs_files.tcl
2024.08.28.01:46:19 Info: Generating the following file(s) for XCELIUM simulator in /home/jcheung2/ofs24/ofs-agx7-pcie-attach/src/pd_qsys/fabric/ip/bpf/bpf_clock_bridge/sim/ directory:
2024.08.28.01:46:19 Info: common/xcelium_files.tcl
2024.08.28.01:46:19 Info: Generating the following file(s) for RIVIERA simulator in /home/jcheung2/ofs24/ofs-agx7-pcie-attach/src/pd_qsys/fabric/ip/bpf/bpf_clock_bridge/sim/ directory:
2024.08.28.01:46:19 Info: common/riviera_files.tcl
2024.08.28.01:46:19 Info: For information on how to simulate your IP, see the explanatory comments in the simulator-specific subdirectories under /home/jcheung2/ofs24/ofs-agx7-pcie-attach/src/pd_qsys/fabric/ip/bpf/bpf_clock_bridge/sim/.
2024.08.28.01:46:19 Info: Regenerate these scripts whenever you make any change to any Quartus-generated IP in your project.
2024.08.28.01:46:19 Info: Finished: Create simulation model
2024.08.28.01:46:19 Info: Starting: Create simulation script
2024.08.28.01:46:19 Info: sim-script-gen --system-file=/home/jcheung2/ofs24/ofs-agx7-pcie-attach/src/pd_qsys/fabric/ip/bpf/bpf_clock_bridge.ip --output-directory=/home/jcheung2/ofs24/ofs-agx7-pcie-attach/src/pd_qsys/fabric/ip/bpf/bpf_clock_bridge/sim/ --use-relative-paths=true
2024.08.28.01:46:19 Info: Generating the following file(s) for MODELSIM simulator in /home/jcheung2/ofs24/ofs-agx7-pcie-attach/src/pd_qsys/fabric/ip/bpf/bpf_clock_bridge/sim/ directory:
2024.08.28.01:46:19 Info: mentor/msim_setup.tcl
2024.08.28.01:46:19 Info: Generating the following file(s) for VCSMX simulator in /home/jcheung2/ofs24/ofs-agx7-pcie-attach/src/pd_qsys/fabric/ip/bpf/bpf_clock_bridge/sim/ directory:
2024.08.28.01:46:19 Info: synopsys/vcsmx/synopsys_sim.setup
2024.08.28.01:46:19 Info: synopsys/vcsmx/vcsmx_setup.sh
2024.08.28.01:46:19 Info: Generating the following file(s) for VCS simulator in /home/jcheung2/ofs24/ofs-agx7-pcie-attach/src/pd_qsys/fabric/ip/bpf/bpf_clock_bridge/sim/ directory:
2024.08.28.01:46:19 Info: synopsys/vcs/vcs_setup.sh
2024.08.28.01:46:19 Info: Generating the following file(s) for XCELIUM simulator in /home/jcheung2/ofs24/ofs-agx7-pcie-attach/src/pd_qsys/fabric/ip/bpf/bpf_clock_bridge/sim/ directory:
2024.08.28.01:46:19 Info: xcelium/cds.lib
2024.08.28.01:46:19 Info: xcelium/hdl.var
2024.08.28.01:46:19 Info: xcelium/xcelium_setup.sh
2024.08.28.01:46:19 Info: 1 .cds.lib files in xcelium/cds_libs/ directory
2024.08.28.01:46:19 Info: Generating the following file(s) for RIVIERA simulator in /home/jcheung2/ofs24/ofs-agx7-pcie-attach/src/pd_qsys/fabric/ip/bpf/bpf_clock_bridge/sim/ directory:
2024.08.28.01:46:19 Info: aldec/rivierapro_setup.tcl
2024.08.28.01:46:19 Info: For information on how to simulate your IP, see the explanatory comments in the simulator-specific subdirectories under /home/jcheung2/ofs24/ofs-agx7-pcie-attach/src/pd_qsys/fabric/ip/bpf/bpf_clock_bridge/sim/.
2024.08.28.01:46:19 Info: Regenerate these scripts whenever you make any change to any Quartus-generated IP in your project.
2024.08.28.01:46:19 Info: Finished: Create simulation script
2024.08.28.01:46:19 Info: 
2024.08.28.01:46:19 Info: Starting: Create HDL design files for synthesis
2024.08.28.01:46:19 Info: qsys-generate /home/jcheung2/ofs24/ofs-agx7-pcie-attach/src/pd_qsys/fabric/ip/bpf/bpf_clock_bridge.ip --synthesis=VERILOG --output-directory=/home/jcheung2/ofs24/ofs-agx7-pcie-attach/src/pd_qsys/fabric/ip/bpf/bpf_clock_bridge --family="Agilex 7" --part=AGFB014R24A2E2V
2024.08.28.01:46:19 Info: bpf_clock_bridge: "Transforming system: bpf_clock_bridge"
2024.08.28.01:46:19 Info: bpf_clock_bridge: "Naming system components in system: bpf_clock_bridge"
2024.08.28.01:46:19 Info: bpf_clock_bridge: "Processing generation queue"
2024.08.28.01:46:19 Info: bpf_clock_bridge: "Generating: bpf_clock_bridge"
2024.08.28.01:46:19 Info: bpf_clock_bridge: Done "bpf_clock_bridge" with 1 modules, 1 files
2024.08.28.01:46:19 Info: Finished: Create HDL design files for synthesis
2024.08.28.01:46:19 Info: Generation of /home/jcheung2/ofs24/ofs-agx7-pcie-attach/src/pd_qsys/fabric/ip/bpf/bpf_clock_bridge.ip (bpf_clock_bridge) took 618 ms
2024.08.28.01:46:19 Info: 
2024.08.28.01:46:19 Info: Generating on localhost:34817
2024.08.28.01:46:19 Info: Saving generation log to /home/jcheung2/ofs24/ofs-agx7-pcie-attach/src/pd_qsys/fabric/ip/bpf/bpf_pcie_slv/bpf_pcie_slv_generation.rpt
2024.08.28.01:46:19 Info: Generated by version: 23.4 build 79
2024.08.28.01:46:19 Info: Starting: Create simulation model
2024.08.28.01:46:19 Info: qsys-generate /home/jcheung2/ofs24/ofs-agx7-pcie-attach/src/pd_qsys/fabric/ip/bpf/bpf_pcie_slv.ip --simulation=VERILOG --allow-mixed-language-simulation --output-directory=/home/jcheung2/ofs24/ofs-agx7-pcie-attach/src/pd_qsys/fabric/ip/bpf/bpf_pcie_slv --family="Agilex 7" --part=AGFB014R24A2E2V
2024.08.28.01:46:19 Info: bpf_pcie_slv: "Transforming system: bpf_pcie_slv"
2024.08.28.01:46:19 Info: bpf_pcie_slv: "Naming system components in system: bpf_pcie_slv"
2024.08.28.01:46:19 Info: bpf_pcie_slv: "Processing generation queue"
2024.08.28.01:46:19 Info: bpf_pcie_slv: "Generating: bpf_pcie_slv"
2024.08.28.01:46:19 Info: bpf_pcie_slv: "Generating: axi4lite_shim"
2024.08.28.01:46:19 Info: bpf_pcie_slv: Done "bpf_pcie_slv" with 2 modules, 2 files
2024.08.28.01:46:19 Info: Generating the following file(s) for MODELSIM simulator in /home/jcheung2/ofs24/ofs-agx7-pcie-attach/src/pd_qsys/fabric/ip/bpf/bpf_pcie_slv/sim/ directory:
2024.08.28.01:46:19 Info: common/modelsim_files.tcl
2024.08.28.01:46:19 Info: Generating the following file(s) for RIVIERA simulator in /home/jcheung2/ofs24/ofs-agx7-pcie-attach/src/pd_qsys/fabric/ip/bpf/bpf_pcie_slv/sim/ directory:
2024.08.28.01:46:19 Info: common/riviera_files.tcl
2024.08.28.01:46:19 Info: Generating the following file(s) for VCS simulator in /home/jcheung2/ofs24/ofs-agx7-pcie-attach/src/pd_qsys/fabric/ip/bpf/bpf_pcie_slv/sim/ directory:
2024.08.28.01:46:19 Info: common/vcs_files.tcl
2024.08.28.01:46:19 Info: Generating the following file(s) for XCELIUM simulator in /home/jcheung2/ofs24/ofs-agx7-pcie-attach/src/pd_qsys/fabric/ip/bpf/bpf_pcie_slv/sim/ directory:
2024.08.28.01:46:19 Info: common/xcelium_files.tcl
2024.08.28.01:46:19 Info: Generating the following file(s) for VCSMX simulator in /home/jcheung2/ofs24/ofs-agx7-pcie-attach/src/pd_qsys/fabric/ip/bpf/bpf_pcie_slv/sim/ directory:
2024.08.28.01:46:19 Info: common/vcsmx_files.tcl
2024.08.28.01:46:19 Info: For information on how to simulate your IP, see the explanatory comments in the simulator-specific subdirectories under /home/jcheung2/ofs24/ofs-agx7-pcie-attach/src/pd_qsys/fabric/ip/bpf/bpf_pcie_slv/sim/.
2024.08.28.01:46:19 Info: Regenerate these scripts whenever you make any change to any Quartus-generated IP in your project.
2024.08.28.01:46:19 Info: Finished: Create simulation model
2024.08.28.01:46:19 Info: Starting: Create simulation script
2024.08.28.01:46:19 Info: sim-script-gen --system-file=/home/jcheung2/ofs24/ofs-agx7-pcie-attach/src/pd_qsys/fabric/ip/bpf/bpf_pcie_slv.ip --output-directory=/home/jcheung2/ofs24/ofs-agx7-pcie-attach/src/pd_qsys/fabric/ip/bpf/bpf_pcie_slv/sim/ --use-relative-paths=true
2024.08.28.01:46:19 Info: Generating the following file(s) for MODELSIM simulator in /home/jcheung2/ofs24/ofs-agx7-pcie-attach/src/pd_qsys/fabric/ip/bpf/bpf_pcie_slv/sim/ directory:
2024.08.28.01:46:19 Info: mentor/msim_setup.tcl
2024.08.28.01:46:19 Info: Generating the following file(s) for RIVIERA simulator in /home/jcheung2/ofs24/ofs-agx7-pcie-attach/src/pd_qsys/fabric/ip/bpf/bpf_pcie_slv/sim/ directory:
2024.08.28.01:46:19 Info: aldec/rivierapro_setup.tcl
2024.08.28.01:46:19 Info: Generating the following file(s) for VCS simulator in /home/jcheung2/ofs24/ofs-agx7-pcie-attach/src/pd_qsys/fabric/ip/bpf/bpf_pcie_slv/sim/ directory:
2024.08.28.01:46:19 Info: synopsys/vcs/vcs_setup.sh
2024.08.28.01:46:19 Info: Generating the following file(s) for XCELIUM simulator in /home/jcheung2/ofs24/ofs-agx7-pcie-attach/src/pd_qsys/fabric/ip/bpf/bpf_pcie_slv/sim/ directory:
2024.08.28.01:46:19 Info: xcelium/cds.lib
2024.08.28.01:46:19 Info: xcelium/hdl.var
2024.08.28.01:46:19 Info: xcelium/xcelium_setup.sh
2024.08.28.01:46:19 Info: 2 .cds.lib files in xcelium/cds_libs/ directory
2024.08.28.01:46:19 Info: Generating the following file(s) for VCSMX simulator in /home/jcheung2/ofs24/ofs-agx7-pcie-attach/src/pd_qsys/fabric/ip/bpf/bpf_pcie_slv/sim/ directory:
2024.08.28.01:46:19 Info: synopsys/vcsmx/synopsys_sim.setup
2024.08.28.01:46:19 Info: synopsys/vcsmx/vcsmx_setup.sh
2024.08.28.01:46:19 Info: For information on how to simulate your IP, see the explanatory comments in the simulator-specific subdirectories under /home/jcheung2/ofs24/ofs-agx7-pcie-attach/src/pd_qsys/fabric/ip/bpf/bpf_pcie_slv/sim/.
2024.08.28.01:46:19 Info: Regenerate these scripts whenever you make any change to any Quartus-generated IP in your project.
2024.08.28.01:46:19 Info: Finished: Create simulation script
2024.08.28.01:46:19 Info: 
2024.08.28.01:46:19 Info: Starting: Create HDL design files for synthesis
2024.08.28.01:46:19 Info: qsys-generate /home/jcheung2/ofs24/ofs-agx7-pcie-attach/src/pd_qsys/fabric/ip/bpf/bpf_pcie_slv.ip --synthesis=VERILOG --output-directory=/home/jcheung2/ofs24/ofs-agx7-pcie-attach/src/pd_qsys/fabric/ip/bpf/bpf_pcie_slv --family="Agilex 7" --part=AGFB014R24A2E2V
2024.08.28.01:46:19 Info: bpf_pcie_slv: "Transforming system: bpf_pcie_slv"
2024.08.28.01:46:19 Info: bpf_pcie_slv: "Naming system components in system: bpf_pcie_slv"
2024.08.28.01:46:19 Info: bpf_pcie_slv: "Processing generation queue"
2024.08.28.01:46:19 Info: bpf_pcie_slv: "Generating: bpf_pcie_slv"
2024.08.28.01:46:19 Info: bpf_pcie_slv: "Generating: axi4lite_shim"
2024.08.28.01:46:19 Info: bpf_pcie_slv: Done "bpf_pcie_slv" with 2 modules, 2 files
2024.08.28.01:46:19 Info: Finished: Create HDL design files for synthesis
2024.08.28.01:46:19 Info: Generation of /home/jcheung2/ofs24/ofs-agx7-pcie-attach/src/pd_qsys/fabric/ip/bpf/bpf_pcie_slv.ip (bpf_pcie_slv) took 644 ms
2024.08.28.01:46:20 Info: 
2024.08.28.01:46:20 Info: Generating on localhost:36793
2024.08.28.01:46:20 Info: Saving generation log to /home/jcheung2/ofs24/ofs-agx7-pcie-attach/src/pd_qsys/fabric/ip/bpf/bpf_apf_mst/bpf_apf_mst_generation.rpt
2024.08.28.01:46:20 Info: Generated by version: 23.4 build 79
2024.08.28.01:46:20 Info: Starting: Create simulation model
2024.08.28.01:46:20 Info: qsys-generate /home/jcheung2/ofs24/ofs-agx7-pcie-attach/src/pd_qsys/fabric/ip/bpf/bpf_apf_mst.ip --simulation=VERILOG --allow-mixed-language-simulation --output-directory=/home/jcheung2/ofs24/ofs-agx7-pcie-attach/src/pd_qsys/fabric/ip/bpf/bpf_apf_mst --family="Agilex 7" --part=AGFB014R24A2E2V
2024.08.28.01:46:20 Info: bpf_apf_mst: "Transforming system: bpf_apf_mst"
2024.08.28.01:46:20 Info: bpf_apf_mst: "Naming system components in system: bpf_apf_mst"
2024.08.28.01:46:20 Info: bpf_apf_mst: "Processing generation queue"
2024.08.28.01:46:20 Info: bpf_apf_mst: "Generating: bpf_apf_mst"
2024.08.28.01:46:20 Info: bpf_apf_mst: "Generating: axi4lite_shim"
2024.08.28.01:46:20 Info: bpf_apf_mst: Done "bpf_apf_mst" with 2 modules, 2 files
2024.08.28.01:46:20 Info: Generating the following file(s) for XCELIUM simulator in /home/jcheung2/ofs24/ofs-agx7-pcie-attach/src/pd_qsys/fabric/ip/bpf/bpf_apf_mst/sim/ directory:
2024.08.28.01:46:20 Info: common/xcelium_files.tcl
2024.08.28.01:46:20 Info: Generating the following file(s) for VCS simulator in /home/jcheung2/ofs24/ofs-agx7-pcie-attach/src/pd_qsys/fabric/ip/bpf/bpf_apf_mst/sim/ directory:
2024.08.28.01:46:20 Info: common/vcs_files.tcl
2024.08.28.01:46:20 Info: Generating the following file(s) for VCSMX simulator in /home/jcheung2/ofs24/ofs-agx7-pcie-attach/src/pd_qsys/fabric/ip/bpf/bpf_apf_mst/sim/ directory:
2024.08.28.01:46:20 Info: common/vcsmx_files.tcl
2024.08.28.01:46:20 Info: Generating the following file(s) for RIVIERA simulator in /home/jcheung2/ofs24/ofs-agx7-pcie-attach/src/pd_qsys/fabric/ip/bpf/bpf_apf_mst/sim/ directory:
2024.08.28.01:46:20 Info: common/riviera_files.tcl
2024.08.28.01:46:20 Info: Generating the following file(s) for MODELSIM simulator in /home/jcheung2/ofs24/ofs-agx7-pcie-attach/src/pd_qsys/fabric/ip/bpf/bpf_apf_mst/sim/ directory:
2024.08.28.01:46:20 Info: common/modelsim_files.tcl
2024.08.28.01:46:20 Info: For information on how to simulate your IP, see the explanatory comments in the simulator-specific subdirectories under /home/jcheung2/ofs24/ofs-agx7-pcie-attach/src/pd_qsys/fabric/ip/bpf/bpf_apf_mst/sim/.
2024.08.28.01:46:20 Info: Regenerate these scripts whenever you make any change to any Quartus-generated IP in your project.
2024.08.28.01:46:20 Info: Finished: Create simulation model
2024.08.28.01:46:20 Info: Starting: Create simulation script
2024.08.28.01:46:20 Info: sim-script-gen --system-file=/home/jcheung2/ofs24/ofs-agx7-pcie-attach/src/pd_qsys/fabric/ip/bpf/bpf_apf_mst.ip --output-directory=/home/jcheung2/ofs24/ofs-agx7-pcie-attach/src/pd_qsys/fabric/ip/bpf/bpf_apf_mst/sim/ --use-relative-paths=true
2024.08.28.01:46:20 Info: Generating the following file(s) for XCELIUM simulator in /home/jcheung2/ofs24/ofs-agx7-pcie-attach/src/pd_qsys/fabric/ip/bpf/bpf_apf_mst/sim/ directory:
2024.08.28.01:46:20 Info: xcelium/cds.lib
2024.08.28.01:46:20 Info: xcelium/hdl.var
2024.08.28.01:46:20 Info: xcelium/xcelium_setup.sh
2024.08.28.01:46:20 Info: 2 .cds.lib files in xcelium/cds_libs/ directory
2024.08.28.01:46:20 Info: Generating the following file(s) for VCS simulator in /home/jcheung2/ofs24/ofs-agx7-pcie-attach/src/pd_qsys/fabric/ip/bpf/bpf_apf_mst/sim/ directory:
2024.08.28.01:46:20 Info: synopsys/vcs/vcs_setup.sh
2024.08.28.01:46:20 Info: Generating the following file(s) for VCSMX simulator in /home/jcheung2/ofs24/ofs-agx7-pcie-attach/src/pd_qsys/fabric/ip/bpf/bpf_apf_mst/sim/ directory:
2024.08.28.01:46:20 Info: synopsys/vcsmx/synopsys_sim.setup
2024.08.28.01:46:20 Info: synopsys/vcsmx/vcsmx_setup.sh
2024.08.28.01:46:20 Info: Generating the following file(s) for RIVIERA simulator in /home/jcheung2/ofs24/ofs-agx7-pcie-attach/src/pd_qsys/fabric/ip/bpf/bpf_apf_mst/sim/ directory:
2024.08.28.01:46:20 Info: aldec/rivierapro_setup.tcl
2024.08.28.01:46:20 Info: Generating the following file(s) for MODELSIM simulator in /home/jcheung2/ofs24/ofs-agx7-pcie-attach/src/pd_qsys/fabric/ip/bpf/bpf_apf_mst/sim/ directory:
2024.08.28.01:46:20 Info: mentor/msim_setup.tcl
2024.08.28.01:46:20 Info: For information on how to simulate your IP, see the explanatory comments in the simulator-specific subdirectories under /home/jcheung2/ofs24/ofs-agx7-pcie-attach/src/pd_qsys/fabric/ip/bpf/bpf_apf_mst/sim/.
2024.08.28.01:46:20 Info: Regenerate these scripts whenever you make any change to any Quartus-generated IP in your project.
2024.08.28.01:46:20 Info: Finished: Create simulation script
2024.08.28.01:46:20 Info: 
2024.08.28.01:46:20 Info: Starting: Create HDL design files for synthesis
2024.08.28.01:46:20 Info: qsys-generate /home/jcheung2/ofs24/ofs-agx7-pcie-attach/src/pd_qsys/fabric/ip/bpf/bpf_apf_mst.ip --synthesis=VERILOG --output-directory=/home/jcheung2/ofs24/ofs-agx7-pcie-attach/src/pd_qsys/fabric/ip/bpf/bpf_apf_mst --family="Agilex 7" --part=AGFB014R24A2E2V
2024.08.28.01:46:20 Info: bpf_apf_mst: "Transforming system: bpf_apf_mst"
2024.08.28.01:46:20 Info: bpf_apf_mst: "Naming system components in system: bpf_apf_mst"
2024.08.28.01:46:20 Info: bpf_apf_mst: "Processing generation queue"
2024.08.28.01:46:20 Info: bpf_apf_mst: "Generating: bpf_apf_mst"
2024.08.28.01:46:20 Info: bpf_apf_mst: "Generating: axi4lite_shim"
2024.08.28.01:46:20 Info: bpf_apf_mst: Done "bpf_apf_mst" with 2 modules, 2 files
2024.08.28.01:46:20 Info: Finished: Create HDL design files for synthesis
2024.08.28.01:46:20 Info: Generation of /home/jcheung2/ofs24/ofs-agx7-pcie-attach/src/pd_qsys/fabric/ip/bpf/bpf_apf_mst.ip (bpf_apf_mst) took 595 ms
2024.08.28.01:46:20 Info: 
2024.08.28.01:46:20 Info: Generating on localhost:46715
2024.08.28.01:46:20 Info: Saving generation log to /home/jcheung2/ofs24/ofs-agx7-pcie-attach/src/pd_qsys/fabric/ip/bpf/bpf_pmci_slv/bpf_pmci_slv_generation.rpt
2024.08.28.01:46:20 Info: Generated by version: 23.4 build 79
2024.08.28.01:46:20 Info: Starting: Create simulation model
2024.08.28.01:46:20 Info: qsys-generate /home/jcheung2/ofs24/ofs-agx7-pcie-attach/src/pd_qsys/fabric/ip/bpf/bpf_pmci_slv.ip --simulation=VERILOG --allow-mixed-language-simulation --output-directory=/home/jcheung2/ofs24/ofs-agx7-pcie-attach/src/pd_qsys/fabric/ip/bpf/bpf_pmci_slv --family="Agilex 7" --part=AGFB014R24A2E2V
2024.08.28.01:46:20 Info: bpf_pmci_slv: "Transforming system: bpf_pmci_slv"
2024.08.28.01:46:20 Info: bpf_pmci_slv: "Naming system components in system: bpf_pmci_slv"
2024.08.28.01:46:20 Info: bpf_pmci_slv: "Processing generation queue"
2024.08.28.01:46:20 Info: bpf_pmci_slv: "Generating: bpf_pmci_slv"
2024.08.28.01:46:20 Info: bpf_pmci_slv: "Generating: axi4lite_shim"
2024.08.28.01:46:20 Info: bpf_pmci_slv: Done "bpf_pmci_slv" with 2 modules, 2 files
2024.08.28.01:46:20 Info: Generating the following file(s) for MODELSIM simulator in /home/jcheung2/ofs24/ofs-agx7-pcie-attach/src/pd_qsys/fabric/ip/bpf/bpf_pmci_slv/sim/ directory:
2024.08.28.01:46:20 Info: common/modelsim_files.tcl
2024.08.28.01:46:20 Info: Generating the following file(s) for RIVIERA simulator in /home/jcheung2/ofs24/ofs-agx7-pcie-attach/src/pd_qsys/fabric/ip/bpf/bpf_pmci_slv/sim/ directory:
2024.08.28.01:46:20 Info: common/riviera_files.tcl
2024.08.28.01:46:20 Info: Generating the following file(s) for VCS simulator in /home/jcheung2/ofs24/ofs-agx7-pcie-attach/src/pd_qsys/fabric/ip/bpf/bpf_pmci_slv/sim/ directory:
2024.08.28.01:46:20 Info: common/vcs_files.tcl
2024.08.28.01:46:20 Info: Generating the following file(s) for XCELIUM simulator in /home/jcheung2/ofs24/ofs-agx7-pcie-attach/src/pd_qsys/fabric/ip/bpf/bpf_pmci_slv/sim/ directory:
2024.08.28.01:46:20 Info: common/xcelium_files.tcl
2024.08.28.01:46:20 Info: Generating the following file(s) for VCSMX simulator in /home/jcheung2/ofs24/ofs-agx7-pcie-attach/src/pd_qsys/fabric/ip/bpf/bpf_pmci_slv/sim/ directory:
2024.08.28.01:46:20 Info: common/vcsmx_files.tcl
2024.08.28.01:46:20 Info: For information on how to simulate your IP, see the explanatory comments in the simulator-specific subdirectories under /home/jcheung2/ofs24/ofs-agx7-pcie-attach/src/pd_qsys/fabric/ip/bpf/bpf_pmci_slv/sim/.
2024.08.28.01:46:20 Info: Regenerate these scripts whenever you make any change to any Quartus-generated IP in your project.
2024.08.28.01:46:20 Info: Finished: Create simulation model
2024.08.28.01:46:20 Info: Starting: Create simulation script
2024.08.28.01:46:20 Info: sim-script-gen --system-file=/home/jcheung2/ofs24/ofs-agx7-pcie-attach/src/pd_qsys/fabric/ip/bpf/bpf_pmci_slv.ip --output-directory=/home/jcheung2/ofs24/ofs-agx7-pcie-attach/src/pd_qsys/fabric/ip/bpf/bpf_pmci_slv/sim/ --use-relative-paths=true
2024.08.28.01:46:20 Info: Generating the following file(s) for MODELSIM simulator in /home/jcheung2/ofs24/ofs-agx7-pcie-attach/src/pd_qsys/fabric/ip/bpf/bpf_pmci_slv/sim/ directory:
2024.08.28.01:46:20 Info: mentor/msim_setup.tcl
2024.08.28.01:46:20 Info: Generating the following file(s) for RIVIERA simulator in /home/jcheung2/ofs24/ofs-agx7-pcie-attach/src/pd_qsys/fabric/ip/bpf/bpf_pmci_slv/sim/ directory:
2024.08.28.01:46:20 Info: aldec/rivierapro_setup.tcl
2024.08.28.01:46:20 Info: Generating the following file(s) for VCS simulator in /home/jcheung2/ofs24/ofs-agx7-pcie-attach/src/pd_qsys/fabric/ip/bpf/bpf_pmci_slv/sim/ directory:
2024.08.28.01:46:20 Info: synopsys/vcs/vcs_setup.sh
2024.08.28.01:46:20 Info: Generating the following file(s) for XCELIUM simulator in /home/jcheung2/ofs24/ofs-agx7-pcie-attach/src/pd_qsys/fabric/ip/bpf/bpf_pmci_slv/sim/ directory:
2024.08.28.01:46:20 Info: xcelium/cds.lib
2024.08.28.01:46:20 Info: xcelium/hdl.var
2024.08.28.01:46:20 Info: xcelium/xcelium_setup.sh
2024.08.28.01:46:20 Info: 2 .cds.lib files in xcelium/cds_libs/ directory
2024.08.28.01:46:20 Info: Generating the following file(s) for VCSMX simulator in /home/jcheung2/ofs24/ofs-agx7-pcie-attach/src/pd_qsys/fabric/ip/bpf/bpf_pmci_slv/sim/ directory:
2024.08.28.01:46:20 Info: synopsys/vcsmx/synopsys_sim.setup
2024.08.28.01:46:20 Info: synopsys/vcsmx/vcsmx_setup.sh
2024.08.28.01:46:20 Info: For information on how to simulate your IP, see the explanatory comments in the simulator-specific subdirectories under /home/jcheung2/ofs24/ofs-agx7-pcie-attach/src/pd_qsys/fabric/ip/bpf/bpf_pmci_slv/sim/.
2024.08.28.01:46:20 Info: Regenerate these scripts whenever you make any change to any Quartus-generated IP in your project.
2024.08.28.01:46:20 Info: Finished: Create simulation script
2024.08.28.01:46:20 Info: 
2024.08.28.01:46:20 Info: Starting: Create HDL design files for synthesis
2024.08.28.01:46:20 Info: qsys-generate /home/jcheung2/ofs24/ofs-agx7-pcie-attach/src/pd_qsys/fabric/ip/bpf/bpf_pmci_slv.ip --synthesis=VERILOG --output-directory=/home/jcheung2/ofs24/ofs-agx7-pcie-attach/src/pd_qsys/fabric/ip/bpf/bpf_pmci_slv --family="Agilex 7" --part=AGFB014R24A2E2V
2024.08.28.01:46:20 Info: bpf_pmci_slv: "Transforming system: bpf_pmci_slv"
2024.08.28.01:46:20 Info: bpf_pmci_slv: "Naming system components in system: bpf_pmci_slv"
2024.08.28.01:46:20 Info: bpf_pmci_slv: "Processing generation queue"
2024.08.28.01:46:20 Info: bpf_pmci_slv: "Generating: bpf_pmci_slv"
2024.08.28.01:46:20 Info: bpf_pmci_slv: "Generating: axi4lite_shim"
2024.08.28.01:46:20 Info: bpf_pmci_slv: Done "bpf_pmci_slv" with 2 modules, 2 files
2024.08.28.01:46:20 Info: Finished: Create HDL design files for synthesis
2024.08.28.01:46:20 Info: Generation of /home/jcheung2/ofs24/ofs-agx7-pcie-attach/src/pd_qsys/fabric/ip/bpf/bpf_pmci_slv.ip (bpf_pmci_slv) took 631 ms
2024.08.28.01:46:20 Info: 
2024.08.28.01:46:20 Info: Generating on localhost:42343
2024.08.28.01:46:20 Info: Saving generation log to /home/jcheung2/ofs24/ofs-agx7-pcie-attach/src/pd_qsys/fabric/ip/bpf/bpf_qsfp1_slv/bpf_qsfp1_slv_generation.rpt
2024.08.28.01:46:20 Info: Generated by version: 23.4 build 79
2024.08.28.01:46:20 Info: Starting: Create simulation model
2024.08.28.01:46:20 Info: qsys-generate /home/jcheung2/ofs24/ofs-agx7-pcie-attach/src/pd_qsys/fabric/ip/bpf/bpf_qsfp1_slv.ip --simulation=VERILOG --allow-mixed-language-simulation --output-directory=/home/jcheung2/ofs24/ofs-agx7-pcie-attach/src/pd_qsys/fabric/ip/bpf/bpf_qsfp1_slv --family="Agilex 7" --part=AGFB014R24A2E2V
2024.08.28.01:46:20 Info: bpf_qsfp1_slv: "Transforming system: bpf_qsfp1_slv"
2024.08.28.01:46:20 Info: bpf_qsfp1_slv: "Naming system components in system: bpf_qsfp1_slv"
2024.08.28.01:46:20 Info: bpf_qsfp1_slv: "Processing generation queue"
2024.08.28.01:46:20 Info: bpf_qsfp1_slv: "Generating: bpf_qsfp1_slv"
2024.08.28.01:46:20 Info: bpf_qsfp1_slv: "Generating: axi4lite_shim"
2024.08.28.01:46:20 Info: bpf_qsfp1_slv: Done "bpf_qsfp1_slv" with 2 modules, 2 files
2024.08.28.01:46:20 Info: Generating the following file(s) for XCELIUM simulator in /home/jcheung2/ofs24/ofs-agx7-pcie-attach/src/pd_qsys/fabric/ip/bpf/bpf_qsfp1_slv/sim/ directory:
2024.08.28.01:46:20 Info: common/xcelium_files.tcl
2024.08.28.01:46:20 Info: Generating the following file(s) for RIVIERA simulator in /home/jcheung2/ofs24/ofs-agx7-pcie-attach/src/pd_qsys/fabric/ip/bpf/bpf_qsfp1_slv/sim/ directory:
2024.08.28.01:46:20 Info: common/riviera_files.tcl
2024.08.28.01:46:20 Info: Generating the following file(s) for VCSMX simulator in /home/jcheung2/ofs24/ofs-agx7-pcie-attach/src/pd_qsys/fabric/ip/bpf/bpf_qsfp1_slv/sim/ directory:
2024.08.28.01:46:20 Info: common/vcsmx_files.tcl
2024.08.28.01:46:20 Info: Generating the following file(s) for VCS simulator in /home/jcheung2/ofs24/ofs-agx7-pcie-attach/src/pd_qsys/fabric/ip/bpf/bpf_qsfp1_slv/sim/ directory:
2024.08.28.01:46:20 Info: common/vcs_files.tcl
2024.08.28.01:46:20 Info: Generating the following file(s) for MODELSIM simulator in /home/jcheung2/ofs24/ofs-agx7-pcie-attach/src/pd_qsys/fabric/ip/bpf/bpf_qsfp1_slv/sim/ directory:
2024.08.28.01:46:20 Info: common/modelsim_files.tcl
2024.08.28.01:46:20 Info: For information on how to simulate your IP, see the explanatory comments in the simulator-specific subdirectories under /home/jcheung2/ofs24/ofs-agx7-pcie-attach/src/pd_qsys/fabric/ip/bpf/bpf_qsfp1_slv/sim/.
2024.08.28.01:46:20 Info: Regenerate these scripts whenever you make any change to any Quartus-generated IP in your project.
2024.08.28.01:46:20 Info: Finished: Create simulation model
2024.08.28.01:46:20 Info: Starting: Create simulation script
2024.08.28.01:46:20 Info: sim-script-gen --system-file=/home/jcheung2/ofs24/ofs-agx7-pcie-attach/src/pd_qsys/fabric/ip/bpf/bpf_qsfp1_slv.ip --output-directory=/home/jcheung2/ofs24/ofs-agx7-pcie-attach/src/pd_qsys/fabric/ip/bpf/bpf_qsfp1_slv/sim/ --use-relative-paths=true
2024.08.28.01:46:20 Info: Generating the following file(s) for XCELIUM simulator in /home/jcheung2/ofs24/ofs-agx7-pcie-attach/src/pd_qsys/fabric/ip/bpf/bpf_qsfp1_slv/sim/ directory:
2024.08.28.01:46:20 Info: xcelium/cds.lib
2024.08.28.01:46:20 Info: xcelium/hdl.var
2024.08.28.01:46:20 Info: xcelium/xcelium_setup.sh
2024.08.28.01:46:20 Info: 2 .cds.lib files in xcelium/cds_libs/ directory
2024.08.28.01:46:20 Info: Generating the following file(s) for RIVIERA simulator in /home/jcheung2/ofs24/ofs-agx7-pcie-attach/src/pd_qsys/fabric/ip/bpf/bpf_qsfp1_slv/sim/ directory:
2024.08.28.01:46:20 Info: aldec/rivierapro_setup.tcl
2024.08.28.01:46:20 Info: Generating the following file(s) for VCSMX simulator in /home/jcheung2/ofs24/ofs-agx7-pcie-attach/src/pd_qsys/fabric/ip/bpf/bpf_qsfp1_slv/sim/ directory:
2024.08.28.01:46:20 Info: synopsys/vcsmx/synopsys_sim.setup
2024.08.28.01:46:20 Info: synopsys/vcsmx/vcsmx_setup.sh
2024.08.28.01:46:20 Info: Generating the following file(s) for VCS simulator in /home/jcheung2/ofs24/ofs-agx7-pcie-attach/src/pd_qsys/fabric/ip/bpf/bpf_qsfp1_slv/sim/ directory:
2024.08.28.01:46:20 Info: synopsys/vcs/vcs_setup.sh
2024.08.28.01:46:20 Info: Generating the following file(s) for MODELSIM simulator in /home/jcheung2/ofs24/ofs-agx7-pcie-attach/src/pd_qsys/fabric/ip/bpf/bpf_qsfp1_slv/sim/ directory:
2024.08.28.01:46:20 Info: mentor/msim_setup.tcl
2024.08.28.01:46:20 Info: For information on how to simulate your IP, see the explanatory comments in the simulator-specific subdirectories under /home/jcheung2/ofs24/ofs-agx7-pcie-attach/src/pd_qsys/fabric/ip/bpf/bpf_qsfp1_slv/sim/.
2024.08.28.01:46:20 Info: Regenerate these scripts whenever you make any change to any Quartus-generated IP in your project.
2024.08.28.01:46:20 Info: Finished: Create simulation script
2024.08.28.01:46:20 Info: 
2024.08.28.01:46:20 Info: Starting: Create HDL design files for synthesis
2024.08.28.01:46:20 Info: qsys-generate /home/jcheung2/ofs24/ofs-agx7-pcie-attach/src/pd_qsys/fabric/ip/bpf/bpf_qsfp1_slv.ip --synthesis=VERILOG --output-directory=/home/jcheung2/ofs24/ofs-agx7-pcie-attach/src/pd_qsys/fabric/ip/bpf/bpf_qsfp1_slv --family="Agilex 7" --part=AGFB014R24A2E2V
2024.08.28.01:46:20 Info: bpf_qsfp1_slv: "Transforming system: bpf_qsfp1_slv"
2024.08.28.01:46:20 Info: bpf_qsfp1_slv: "Naming system components in system: bpf_qsfp1_slv"
2024.08.28.01:46:20 Info: bpf_qsfp1_slv: "Processing generation queue"
2024.08.28.01:46:20 Info: bpf_qsfp1_slv: "Generating: bpf_qsfp1_slv"
2024.08.28.01:46:20 Info: bpf_qsfp1_slv: "Generating: axi4lite_shim"
2024.08.28.01:46:20 Info: bpf_qsfp1_slv: Done "bpf_qsfp1_slv" with 2 modules, 2 files
2024.08.28.01:46:20 Info: Finished: Create HDL design files for synthesis
2024.08.28.01:46:20 Info: Generation of /home/jcheung2/ofs24/ofs-agx7-pcie-attach/src/pd_qsys/fabric/ip/bpf/bpf_qsfp1_slv.ip (bpf_qsfp1_slv) took 623 ms
2024.08.28.01:46:20 Info: 
2024.08.28.01:46:20 Info: Generating on localhost:34817
2024.08.28.01:46:20 Info: Saving generation log to /home/jcheung2/ofs24/ofs-agx7-pcie-attach/src/pd_qsys/fabric/ip/bpf/bpf_pmci_lpbk_slv/bpf_pmci_lpbk_slv_generation.rpt
2024.08.28.01:46:20 Info: Generated by version: 23.4 build 79
2024.08.28.01:46:20 Info: Starting: Create simulation model
2024.08.28.01:46:20 Info: qsys-generate /home/jcheung2/ofs24/ofs-agx7-pcie-attach/src/pd_qsys/fabric/ip/bpf/bpf_pmci_lpbk_slv.ip --simulation=VERILOG --allow-mixed-language-simulation --output-directory=/home/jcheung2/ofs24/ofs-agx7-pcie-attach/src/pd_qsys/fabric/ip/bpf/bpf_pmci_lpbk_slv --family="Agilex 7" --part=AGFB014R24A2E2V
2024.08.28.01:46:20 Info: bpf_pmci_lpbk_slv: "Transforming system: bpf_pmci_lpbk_slv"
2024.08.28.01:46:20 Info: bpf_pmci_lpbk_slv: "Naming system components in system: bpf_pmci_lpbk_slv"
2024.08.28.01:46:20 Info: bpf_pmci_lpbk_slv: "Processing generation queue"
2024.08.28.01:46:20 Info: bpf_pmci_lpbk_slv: "Generating: bpf_pmci_lpbk_slv"
2024.08.28.01:46:20 Info: bpf_pmci_lpbk_slv: "Generating: axi4lite_shim"
2024.08.28.01:46:20 Info: bpf_pmci_lpbk_slv: Done "bpf_pmci_lpbk_slv" with 2 modules, 2 files
2024.08.28.01:46:20 Info: Generating the following file(s) for MODELSIM simulator in /home/jcheung2/ofs24/ofs-agx7-pcie-attach/src/pd_qsys/fabric/ip/bpf/bpf_pmci_lpbk_slv/sim/ directory:
2024.08.28.01:46:20 Info: common/modelsim_files.tcl
2024.08.28.01:46:20 Info: Generating the following file(s) for RIVIERA simulator in /home/jcheung2/ofs24/ofs-agx7-pcie-attach/src/pd_qsys/fabric/ip/bpf/bpf_pmci_lpbk_slv/sim/ directory:
2024.08.28.01:46:20 Info: common/riviera_files.tcl
2024.08.28.01:46:20 Info: Generating the following file(s) for VCS simulator in /home/jcheung2/ofs24/ofs-agx7-pcie-attach/src/pd_qsys/fabric/ip/bpf/bpf_pmci_lpbk_slv/sim/ directory:
2024.08.28.01:46:20 Info: common/vcs_files.tcl
2024.08.28.01:46:20 Info: Generating the following file(s) for XCELIUM simulator in /home/jcheung2/ofs24/ofs-agx7-pcie-attach/src/pd_qsys/fabric/ip/bpf/bpf_pmci_lpbk_slv/sim/ directory:
2024.08.28.01:46:20 Info: common/xcelium_files.tcl
2024.08.28.01:46:20 Info: Generating the following file(s) for VCSMX simulator in /home/jcheung2/ofs24/ofs-agx7-pcie-attach/src/pd_qsys/fabric/ip/bpf/bpf_pmci_lpbk_slv/sim/ directory:
2024.08.28.01:46:20 Info: common/vcsmx_files.tcl
2024.08.28.01:46:20 Info: For information on how to simulate your IP, see the explanatory comments in the simulator-specific subdirectories under /home/jcheung2/ofs24/ofs-agx7-pcie-attach/src/pd_qsys/fabric/ip/bpf/bpf_pmci_lpbk_slv/sim/.
2024.08.28.01:46:20 Info: Regenerate these scripts whenever you make any change to any Quartus-generated IP in your project.
2024.08.28.01:46:20 Info: Finished: Create simulation model
2024.08.28.01:46:20 Info: Starting: Create simulation script
2024.08.28.01:46:20 Info: sim-script-gen --system-file=/home/jcheung2/ofs24/ofs-agx7-pcie-attach/src/pd_qsys/fabric/ip/bpf/bpf_pmci_lpbk_slv.ip --output-directory=/home/jcheung2/ofs24/ofs-agx7-pcie-attach/src/pd_qsys/fabric/ip/bpf/bpf_pmci_lpbk_slv/sim/ --use-relative-paths=true
2024.08.28.01:46:20 Info: Generating the following file(s) for MODELSIM simulator in /home/jcheung2/ofs24/ofs-agx7-pcie-attach/src/pd_qsys/fabric/ip/bpf/bpf_pmci_lpbk_slv/sim/ directory:
2024.08.28.01:46:20 Info: mentor/msim_setup.tcl
2024.08.28.01:46:20 Info: Generating the following file(s) for RIVIERA simulator in /home/jcheung2/ofs24/ofs-agx7-pcie-attach/src/pd_qsys/fabric/ip/bpf/bpf_pmci_lpbk_slv/sim/ directory:
2024.08.28.01:46:20 Info: aldec/rivierapro_setup.tcl
2024.08.28.01:46:20 Info: Generating the following file(s) for VCS simulator in /home/jcheung2/ofs24/ofs-agx7-pcie-attach/src/pd_qsys/fabric/ip/bpf/bpf_pmci_lpbk_slv/sim/ directory:
2024.08.28.01:46:20 Info: synopsys/vcs/vcs_setup.sh
2024.08.28.01:46:20 Info: Generating the following file(s) for XCELIUM simulator in /home/jcheung2/ofs24/ofs-agx7-pcie-attach/src/pd_qsys/fabric/ip/bpf/bpf_pmci_lpbk_slv/sim/ directory:
2024.08.28.01:46:20 Info: xcelium/cds.lib
2024.08.28.01:46:20 Info: xcelium/hdl.var
2024.08.28.01:46:20 Info: xcelium/xcelium_setup.sh
2024.08.28.01:46:20 Info: 2 .cds.lib files in xcelium/cds_libs/ directory
2024.08.28.01:46:20 Info: Generating the following file(s) for VCSMX simulator in /home/jcheung2/ofs24/ofs-agx7-pcie-attach/src/pd_qsys/fabric/ip/bpf/bpf_pmci_lpbk_slv/sim/ directory:
2024.08.28.01:46:20 Info: synopsys/vcsmx/synopsys_sim.setup
2024.08.28.01:46:20 Info: synopsys/vcsmx/vcsmx_setup.sh
2024.08.28.01:46:20 Info: For information on how to simulate your IP, see the explanatory comments in the simulator-specific subdirectories under /home/jcheung2/ofs24/ofs-agx7-pcie-attach/src/pd_qsys/fabric/ip/bpf/bpf_pmci_lpbk_slv/sim/.
2024.08.28.01:46:20 Info: Regenerate these scripts whenever you make any change to any Quartus-generated IP in your project.
2024.08.28.01:46:20 Info: Finished: Create simulation script
2024.08.28.01:46:20 Info: 
2024.08.28.01:46:20 Info: Starting: Create HDL design files for synthesis
2024.08.28.01:46:20 Info: qsys-generate /home/jcheung2/ofs24/ofs-agx7-pcie-attach/src/pd_qsys/fabric/ip/bpf/bpf_pmci_lpbk_slv.ip --synthesis=VERILOG --output-directory=/home/jcheung2/ofs24/ofs-agx7-pcie-attach/src/pd_qsys/fabric/ip/bpf/bpf_pmci_lpbk_slv --family="Agilex 7" --part=AGFB014R24A2E2V
2024.08.28.01:46:20 Info: bpf_pmci_lpbk_slv: "Transforming system: bpf_pmci_lpbk_slv"
2024.08.28.01:46:20 Info: bpf_pmci_lpbk_slv: "Naming system components in system: bpf_pmci_lpbk_slv"
2024.08.28.01:46:20 Info: bpf_pmci_lpbk_slv: "Processing generation queue"
2024.08.28.01:46:20 Info: bpf_pmci_lpbk_slv: "Generating: bpf_pmci_lpbk_slv"
2024.08.28.01:46:20 Info: bpf_pmci_lpbk_slv: "Generating: axi4lite_shim"
2024.08.28.01:46:20 Info: bpf_pmci_lpbk_slv: Done "bpf_pmci_lpbk_slv" with 2 modules, 2 files
2024.08.28.01:46:20 Info: Finished: Create HDL design files for synthesis
2024.08.28.01:46:20 Info: Generation of /home/jcheung2/ofs24/ofs-agx7-pcie-attach/src/pd_qsys/fabric/ip/bpf/bpf_pmci_lpbk_slv.ip (bpf_pmci_lpbk_slv) took 609 ms
2024.08.28.01:46:20 Info: 
2024.08.28.01:46:20 Info: Generating on localhost:39195
2024.08.28.01:46:20 Info: Saving generation log to /home/jcheung2/ofs24/ofs-agx7-pcie-attach/src/pd_qsys/fabric/ip/bpf/bpf_fme_mst/bpf_fme_mst_generation.rpt
2024.08.28.01:46:20 Info: Generated by version: 23.4 build 79
2024.08.28.01:46:20 Info: Starting: Create simulation model
2024.08.28.01:46:20 Info: qsys-generate /home/jcheung2/ofs24/ofs-agx7-pcie-attach/src/pd_qsys/fabric/ip/bpf/bpf_fme_mst.ip --simulation=VERILOG --allow-mixed-language-simulation --output-directory=/home/jcheung2/ofs24/ofs-agx7-pcie-attach/src/pd_qsys/fabric/ip/bpf/bpf_fme_mst --family="Agilex 7" --part=AGFB014R24A2E2V
2024.08.28.01:46:20 Info: bpf_fme_mst: "Transforming system: bpf_fme_mst"
2024.08.28.01:46:20 Info: bpf_fme_mst: "Naming system components in system: bpf_fme_mst"
2024.08.28.01:46:20 Info: bpf_fme_mst: "Processing generation queue"
2024.08.28.01:46:20 Info: bpf_fme_mst: "Generating: bpf_fme_mst"
2024.08.28.01:46:20 Info: bpf_fme_mst: "Generating: axi4lite_shim"
2024.08.28.01:46:20 Info: bpf_fme_mst: Done "bpf_fme_mst" with 2 modules, 2 files
2024.08.28.01:46:20 Info: Generating the following file(s) for MODELSIM simulator in /home/jcheung2/ofs24/ofs-agx7-pcie-attach/src/pd_qsys/fabric/ip/bpf/bpf_fme_mst/sim/ directory:
2024.08.28.01:46:20 Info: common/modelsim_files.tcl
2024.08.28.01:46:20 Info: Generating the following file(s) for VCSMX simulator in /home/jcheung2/ofs24/ofs-agx7-pcie-attach/src/pd_qsys/fabric/ip/bpf/bpf_fme_mst/sim/ directory:
2024.08.28.01:46:20 Info: common/vcsmx_files.tcl
2024.08.28.01:46:20 Info: Generating the following file(s) for VCS simulator in /home/jcheung2/ofs24/ofs-agx7-pcie-attach/src/pd_qsys/fabric/ip/bpf/bpf_fme_mst/sim/ directory:
2024.08.28.01:46:20 Info: common/vcs_files.tcl
2024.08.28.01:46:20 Info: Generating the following file(s) for XCELIUM simulator in /home/jcheung2/ofs24/ofs-agx7-pcie-attach/src/pd_qsys/fabric/ip/bpf/bpf_fme_mst/sim/ directory:
2024.08.28.01:46:20 Info: common/xcelium_files.tcl
2024.08.28.01:46:20 Info: Generating the following file(s) for RIVIERA simulator in /home/jcheung2/ofs24/ofs-agx7-pcie-attach/src/pd_qsys/fabric/ip/bpf/bpf_fme_mst/sim/ directory:
2024.08.28.01:46:20 Info: common/riviera_files.tcl
2024.08.28.01:46:20 Info: For information on how to simulate your IP, see the explanatory comments in the simulator-specific subdirectories under /home/jcheung2/ofs24/ofs-agx7-pcie-attach/src/pd_qsys/fabric/ip/bpf/bpf_fme_mst/sim/.
2024.08.28.01:46:20 Info: Regenerate these scripts whenever you make any change to any Quartus-generated IP in your project.
2024.08.28.01:46:20 Info: Finished: Create simulation model
2024.08.28.01:46:20 Info: Starting: Create simulation script
2024.08.28.01:46:20 Info: sim-script-gen --system-file=/home/jcheung2/ofs24/ofs-agx7-pcie-attach/src/pd_qsys/fabric/ip/bpf/bpf_fme_mst.ip --output-directory=/home/jcheung2/ofs24/ofs-agx7-pcie-attach/src/pd_qsys/fabric/ip/bpf/bpf_fme_mst/sim/ --use-relative-paths=true
2024.08.28.01:46:20 Info: Generating the following file(s) for MODELSIM simulator in /home/jcheung2/ofs24/ofs-agx7-pcie-attach/src/pd_qsys/fabric/ip/bpf/bpf_fme_mst/sim/ directory:
2024.08.28.01:46:20 Info: mentor/msim_setup.tcl
2024.08.28.01:46:20 Info: Generating the following file(s) for VCSMX simulator in /home/jcheung2/ofs24/ofs-agx7-pcie-attach/src/pd_qsys/fabric/ip/bpf/bpf_fme_mst/sim/ directory:
2024.08.28.01:46:20 Info: synopsys/vcsmx/synopsys_sim.setup
2024.08.28.01:46:20 Info: synopsys/vcsmx/vcsmx_setup.sh
2024.08.28.01:46:20 Info: Generating the following file(s) for VCS simulator in /home/jcheung2/ofs24/ofs-agx7-pcie-attach/src/pd_qsys/fabric/ip/bpf/bpf_fme_mst/sim/ directory:
2024.08.28.01:46:20 Info: synopsys/vcs/vcs_setup.sh
2024.08.28.01:46:20 Info: Generating the following file(s) for XCELIUM simulator in /home/jcheung2/ofs24/ofs-agx7-pcie-attach/src/pd_qsys/fabric/ip/bpf/bpf_fme_mst/sim/ directory:
2024.08.28.01:46:20 Info: xcelium/cds.lib
2024.08.28.01:46:20 Info: xcelium/hdl.var
2024.08.28.01:46:20 Info: xcelium/xcelium_setup.sh
2024.08.28.01:46:20 Info: 2 .cds.lib files in xcelium/cds_libs/ directory
2024.08.28.01:46:20 Info: Generating the following file(s) for RIVIERA simulator in /home/jcheung2/ofs24/ofs-agx7-pcie-attach/src/pd_qsys/fabric/ip/bpf/bpf_fme_mst/sim/ directory:
2024.08.28.01:46:20 Info: aldec/rivierapro_setup.tcl
2024.08.28.01:46:20 Info: For information on how to simulate your IP, see the explanatory comments in the simulator-specific subdirectories under /home/jcheung2/ofs24/ofs-agx7-pcie-attach/src/pd_qsys/fabric/ip/bpf/bpf_fme_mst/sim/.
2024.08.28.01:46:20 Info: Regenerate these scripts whenever you make any change to any Quartus-generated IP in your project.
2024.08.28.01:46:20 Info: Finished: Create simulation script
2024.08.28.01:46:20 Info: 
2024.08.28.01:46:20 Info: Starting: Create HDL design files for synthesis
2024.08.28.01:46:20 Info: qsys-generate /home/jcheung2/ofs24/ofs-agx7-pcie-attach/src/pd_qsys/fabric/ip/bpf/bpf_fme_mst.ip --synthesis=VERILOG --output-directory=/home/jcheung2/ofs24/ofs-agx7-pcie-attach/src/pd_qsys/fabric/ip/bpf/bpf_fme_mst --family="Agilex 7" --part=AGFB014R24A2E2V
2024.08.28.01:46:20 Info: bpf_fme_mst: "Transforming system: bpf_fme_mst"
2024.08.28.01:46:20 Info: bpf_fme_mst: "Naming system components in system: bpf_fme_mst"
2024.08.28.01:46:20 Info: bpf_fme_mst: "Processing generation queue"
2024.08.28.01:46:20 Info: bpf_fme_mst: "Generating: bpf_fme_mst"
2024.08.28.01:46:20 Info: bpf_fme_mst: "Generating: axi4lite_shim"
2024.08.28.01:46:20 Info: bpf_fme_mst: Done "bpf_fme_mst" with 2 modules, 2 files
2024.08.28.01:46:20 Info: Finished: Create HDL design files for synthesis
2024.08.28.01:46:20 Info: Generation of /home/jcheung2/ofs24/ofs-agx7-pcie-attach/src/pd_qsys/fabric/ip/bpf/bpf_fme_mst.ip (bpf_fme_mst) took 670 ms
2024.08.28.01:46:22 Info: 
2024.08.28.01:46:22 Info: Generating on localhost:45371
2024.08.28.01:46:22 Warning: bpf: bpf_apf_mst declares parameter maximumOutstandingReads set to 16 on interface altera_axi4lite_slave that does not match 1 declared in file bpf_apf_mst.ip
2024.08.28.01:46:22 Warning: bpf: bpf_apf_mst declares parameter maximumOutstandingWrites set to 16 on interface altera_axi4lite_slave that does not match 1 declared in file bpf_apf_mst.ip
2024.08.28.01:46:22 Warning: bpf: bpf_apf_mst declares parameter maximumOutstandingTransactions set to 16 on interface altera_axi4lite_slave that does not match 1 declared in file bpf_apf_mst.ip
2024.08.28.01:46:22 Warning: bpf: bpf_apf_mst declares parameter readAcceptanceCapability set to 16 on interface altera_axi4lite_slave that does not match 1 declared in file bpf_apf_mst.ip
2024.08.28.01:46:22 Warning: bpf: bpf_apf_mst declares parameter writeAcceptanceCapability set to 16 on interface altera_axi4lite_slave that does not match 1 declared in file bpf_apf_mst.ip
2024.08.28.01:46:22 Warning: bpf: bpf_apf_mst declares parameter combinedAcceptanceCapability set to 16 on interface altera_axi4lite_slave that does not match 1 declared in file bpf_apf_mst.ip
2024.08.28.01:46:22 Warning: bpf: bpf_apf_mst declares parameter maximumOutstandingReads set to 16 on interface altera_axi4lite_master that does not match 1 declared in file bpf_apf_mst.ip
2024.08.28.01:46:22 Warning: bpf: bpf_apf_mst declares parameter maximumOutstandingWrites set to 16 on interface altera_axi4lite_master that does not match 1 declared in file bpf_apf_mst.ip
2024.08.28.01:46:22 Warning: bpf: bpf_apf_mst declares parameter maximumOutstandingTransactions set to 16 on interface altera_axi4lite_master that does not match 1 declared in file bpf_apf_mst.ip
2024.08.28.01:46:22 Warning: bpf: bpf_apf_mst declares parameter readIssuingCapability set to 16 on interface altera_axi4lite_master that does not match 1 declared in file bpf_apf_mst.ip
2024.08.28.01:46:22 Warning: bpf: bpf_apf_mst declares parameter writeIssuingCapability set to 16 on interface altera_axi4lite_master that does not match 1 declared in file bpf_apf_mst.ip
2024.08.28.01:46:22 Warning: bpf: bpf_apf_mst declares parameter combinedIssuingCapability set to 16 on interface altera_axi4lite_master that does not match 1 declared in file bpf_apf_mst.ip
2024.08.28.01:46:22 Warning: bpf: bpf_apf_slv declares parameter maximumOutstandingReads set to 16 on interface altera_axi4lite_slave that does not match 1 declared in file bpf_apf_slv.ip
2024.08.28.01:46:22 Warning: bpf: bpf_apf_slv declares parameter maximumOutstandingWrites set to 16 on interface altera_axi4lite_slave that does not match 1 declared in file bpf_apf_slv.ip
2024.08.28.01:46:22 Warning: bpf: bpf_apf_slv declares parameter maximumOutstandingTransactions set to 16 on interface altera_axi4lite_slave that does not match 1 declared in file bpf_apf_slv.ip
2024.08.28.01:46:22 Warning: bpf: bpf_apf_slv declares parameter readAcceptanceCapability set to 16 on interface altera_axi4lite_slave that does not match 1 declared in file bpf_apf_slv.ip
2024.08.28.01:46:22 Warning: bpf: bpf_apf_slv declares parameter writeAcceptanceCapability set to 16 on interface altera_axi4lite_slave that does not match 1 declared in file bpf_apf_slv.ip
2024.08.28.01:46:22 Warning: bpf: bpf_apf_slv declares parameter combinedAcceptanceCapability set to 16 on interface altera_axi4lite_slave that does not match 1 declared in file bpf_apf_slv.ip
2024.08.28.01:46:22 Warning: bpf: bpf_apf_slv declares parameter maximumOutstandingReads set to 16 on interface altera_axi4lite_master that does not match 1 declared in file bpf_apf_slv.ip
2024.08.28.01:46:22 Warning: bpf: bpf_apf_slv declares parameter maximumOutstandingWrites set to 16 on interface altera_axi4lite_master that does not match 1 declared in file bpf_apf_slv.ip
2024.08.28.01:46:22 Warning: bpf: bpf_apf_slv declares parameter maximumOutstandingTransactions set to 16 on interface altera_axi4lite_master that does not match 1 declared in file bpf_apf_slv.ip
2024.08.28.01:46:22 Warning: bpf: bpf_apf_slv declares parameter readIssuingCapability set to 16 on interface altera_axi4lite_master that does not match 1 declared in file bpf_apf_slv.ip
2024.08.28.01:46:22 Warning: bpf: bpf_apf_slv declares parameter writeIssuingCapability set to 16 on interface altera_axi4lite_master that does not match 1 declared in file bpf_apf_slv.ip
2024.08.28.01:46:22 Warning: bpf: bpf_apf_slv declares parameter combinedIssuingCapability set to 16 on interface altera_axi4lite_master that does not match 1 declared in file bpf_apf_slv.ip
2024.08.28.01:46:22 Warning: bpf: bpf_emif_slv declares parameter maximumOutstandingReads set to 16 on interface altera_axi4lite_slave that does not match 1 declared in file bpf_emif_slv.ip
2024.08.28.01:46:22 Warning: bpf: bpf_emif_slv declares parameter maximumOutstandingWrites set to 16 on interface altera_axi4lite_slave that does not match 1 declared in file bpf_emif_slv.ip
2024.08.28.01:46:22 Warning: bpf: bpf_emif_slv declares parameter maximumOutstandingTransactions set to 16 on interface altera_axi4lite_slave that does not match 1 declared in file bpf_emif_slv.ip
2024.08.28.01:46:22 Warning: bpf: bpf_emif_slv declares parameter readAcceptanceCapability set to 16 on interface altera_axi4lite_slave that does not match 1 declared in file bpf_emif_slv.ip
2024.08.28.01:46:22 Warning: bpf: bpf_emif_slv declares parameter writeAcceptanceCapability set to 16 on interface altera_axi4lite_slave that does not match 1 declared in file bpf_emif_slv.ip
2024.08.28.01:46:22 Warning: bpf: bpf_emif_slv declares parameter combinedAcceptanceCapability set to 16 on interface altera_axi4lite_slave that does not match 1 declared in file bpf_emif_slv.ip
2024.08.28.01:46:22 Warning: bpf: bpf_emif_slv declares parameter maximumOutstandingReads set to 16 on interface altera_axi4lite_master that does not match 1 declared in file bpf_emif_slv.ip
2024.08.28.01:46:22 Warning: bpf: bpf_emif_slv declares parameter maximumOutstandingWrites set to 16 on interface altera_axi4lite_master that does not match 1 declared in file bpf_emif_slv.ip
2024.08.28.01:46:22 Warning: bpf: bpf_emif_slv declares parameter maximumOutstandingTransactions set to 16 on interface altera_axi4lite_master that does not match 1 declared in file bpf_emif_slv.ip
2024.08.28.01:46:22 Warning: bpf: bpf_emif_slv declares parameter readIssuingCapability set to 16 on interface altera_axi4lite_master that does not match 1 declared in file bpf_emif_slv.ip
2024.08.28.01:46:22 Warning: bpf: bpf_emif_slv declares parameter writeIssuingCapability set to 16 on interface altera_axi4lite_master that does not match 1 declared in file bpf_emif_slv.ip
2024.08.28.01:46:22 Warning: bpf: bpf_emif_slv declares parameter combinedIssuingCapability set to 16 on interface altera_axi4lite_master that does not match 1 declared in file bpf_emif_slv.ip
2024.08.28.01:46:22 Warning: bpf: bpf_fme_mst declares parameter maximumOutstandingReads set to 16 on interface altera_axi4lite_slave that does not match 1 declared in file bpf_fme_mst.ip
2024.08.28.01:46:22 Warning: bpf: bpf_fme_mst declares parameter maximumOutstandingWrites set to 16 on interface altera_axi4lite_slave that does not match 1 declared in file bpf_fme_mst.ip
2024.08.28.01:46:22 Warning: bpf: bpf_fme_mst declares parameter maximumOutstandingTransactions set to 16 on interface altera_axi4lite_slave that does not match 1 declared in file bpf_fme_mst.ip
2024.08.28.01:46:22 Warning: bpf: bpf_fme_mst declares parameter readAcceptanceCapability set to 16 on interface altera_axi4lite_slave that does not match 1 declared in file bpf_fme_mst.ip
2024.08.28.01:46:22 Warning: bpf: bpf_fme_mst declares parameter writeAcceptanceCapability set to 16 on interface altera_axi4lite_slave that does not match 1 declared in file bpf_fme_mst.ip
2024.08.28.01:46:22 Warning: bpf: bpf_fme_mst declares parameter combinedAcceptanceCapability set to 16 on interface altera_axi4lite_slave that does not match 1 declared in file bpf_fme_mst.ip
2024.08.28.01:46:22 Warning: bpf: bpf_fme_mst declares parameter maximumOutstandingReads set to 16 on interface altera_axi4lite_master that does not match 1 declared in file bpf_fme_mst.ip
2024.08.28.01:46:22 Warning: bpf: bpf_fme_mst declares parameter maximumOutstandingWrites set to 16 on interface altera_axi4lite_master that does not match 1 declared in file bpf_fme_mst.ip
2024.08.28.01:46:22 Warning: bpf: bpf_fme_mst declares parameter maximumOutstandingTransactions set to 16 on interface altera_axi4lite_master that does not match 1 declared in file bpf_fme_mst.ip
2024.08.28.01:46:22 Warning: bpf: bpf_fme_mst declares parameter readIssuingCapability set to 16 on interface altera_axi4lite_master that does not match 1 declared in file bpf_fme_mst.ip
2024.08.28.01:46:22 Warning: bpf: bpf_fme_mst declares parameter writeIssuingCapability set to 16 on interface altera_axi4lite_master that does not match 1 declared in file bpf_fme_mst.ip
2024.08.28.01:46:22 Warning: bpf: bpf_fme_mst declares parameter combinedIssuingCapability set to 16 on interface altera_axi4lite_master that does not match 1 declared in file bpf_fme_mst.ip
2024.08.28.01:46:22 Warning: bpf: bpf_fme_slv declares parameter maximumOutstandingReads set to 16 on interface altera_axi4lite_slave that does not match 1 declared in file bpf_fme_slv.ip
2024.08.28.01:46:22 Warning: bpf: bpf_fme_slv declares parameter maximumOutstandingWrites set to 16 on interface altera_axi4lite_slave that does not match 1 declared in file bpf_fme_slv.ip
2024.08.28.01:46:22 Warning: bpf: bpf_fme_slv declares parameter maximumOutstandingTransactions set to 16 on interface altera_axi4lite_slave that does not match 1 declared in file bpf_fme_slv.ip
2024.08.28.01:46:22 Warning: bpf: bpf_fme_slv declares parameter readAcceptanceCapability set to 16 on interface altera_axi4lite_slave that does not match 1 declared in file bpf_fme_slv.ip
2024.08.28.01:46:22 Warning: bpf: bpf_fme_slv declares parameter writeAcceptanceCapability set to 16 on interface altera_axi4lite_slave that does not match 1 declared in file bpf_fme_slv.ip
2024.08.28.01:46:22 Warning: bpf: bpf_fme_slv declares parameter combinedAcceptanceCapability set to 16 on interface altera_axi4lite_slave that does not match 1 declared in file bpf_fme_slv.ip
2024.08.28.01:46:22 Warning: bpf: bpf_fme_slv declares parameter maximumOutstandingReads set to 16 on interface altera_axi4lite_master that does not match 1 declared in file bpf_fme_slv.ip
2024.08.28.01:46:22 Warning: bpf: bpf_fme_slv declares parameter maximumOutstandingWrites set to 16 on interface altera_axi4lite_master that does not match 1 declared in file bpf_fme_slv.ip
2024.08.28.01:46:22 Warning: bpf: bpf_fme_slv declares parameter maximumOutstandingTransactions set to 16 on interface altera_axi4lite_master that does not match 1 declared in file bpf_fme_slv.ip
2024.08.28.01:46:22 Warning: bpf: bpf_fme_slv declares parameter readIssuingCapability set to 16 on interface altera_axi4lite_master that does not match 1 declared in file bpf_fme_slv.ip
2024.08.28.01:46:22 Warning: bpf: bpf_fme_slv declares parameter writeIssuingCapability set to 16 on interface altera_axi4lite_master that does not match 1 declared in file bpf_fme_slv.ip
2024.08.28.01:46:22 Warning: bpf: bpf_fme_slv declares parameter combinedIssuingCapability set to 16 on interface altera_axi4lite_master that does not match 1 declared in file bpf_fme_slv.ip
2024.08.28.01:46:22 Warning: bpf: bpf_hssi_slv declares parameter maximumOutstandingReads set to 16 on interface altera_axi4lite_slave that does not match 1 declared in file bpf_hssi_slv.ip
2024.08.28.01:46:22 Warning: bpf: bpf_hssi_slv declares parameter maximumOutstandingWrites set to 16 on interface altera_axi4lite_slave that does not match 1 declared in file bpf_hssi_slv.ip
2024.08.28.01:46:22 Warning: bpf: bpf_hssi_slv declares parameter maximumOutstandingTransactions set to 16 on interface altera_axi4lite_slave that does not match 1 declared in file bpf_hssi_slv.ip
2024.08.28.01:46:22 Warning: bpf: bpf_hssi_slv declares parameter readAcceptanceCapability set to 16 on interface altera_axi4lite_slave that does not match 1 declared in file bpf_hssi_slv.ip
2024.08.28.01:46:22 Warning: bpf: bpf_hssi_slv declares parameter writeAcceptanceCapability set to 16 on interface altera_axi4lite_slave that does not match 1 declared in file bpf_hssi_slv.ip
2024.08.28.01:46:22 Warning: bpf: bpf_hssi_slv declares parameter combinedAcceptanceCapability set to 16 on interface altera_axi4lite_slave that does not match 1 declared in file bpf_hssi_slv.ip
2024.08.28.01:46:22 Warning: bpf: bpf_hssi_slv declares parameter maximumOutstandingReads set to 16 on interface altera_axi4lite_master that does not match 1 declared in file bpf_hssi_slv.ip
2024.08.28.01:46:22 Warning: bpf: bpf_hssi_slv declares parameter maximumOutstandingWrites set to 16 on interface altera_axi4lite_master that does not match 1 declared in file bpf_hssi_slv.ip
2024.08.28.01:46:22 Warning: bpf: bpf_hssi_slv declares parameter maximumOutstandingTransactions set to 16 on interface altera_axi4lite_master that does not match 1 declared in file bpf_hssi_slv.ip
2024.08.28.01:46:22 Warning: bpf: bpf_hssi_slv declares parameter readIssuingCapability set to 16 on interface altera_axi4lite_master that does not match 1 declared in file bpf_hssi_slv.ip
2024.08.28.01:46:22 Warning: bpf: bpf_hssi_slv declares parameter writeIssuingCapability set to 16 on interface altera_axi4lite_master that does not match 1 declared in file bpf_hssi_slv.ip
2024.08.28.01:46:22 Warning: bpf: bpf_hssi_slv declares parameter combinedIssuingCapability set to 16 on interface altera_axi4lite_master that does not match 1 declared in file bpf_hssi_slv.ip
2024.08.28.01:46:22 Warning: bpf: bpf_pcie_slv declares parameter maximumOutstandingReads set to 16 on interface altera_axi4lite_slave that does not match 1 declared in file bpf_pcie_slv.ip
2024.08.28.01:46:22 Warning: bpf: bpf_pcie_slv declares parameter maximumOutstandingWrites set to 16 on interface altera_axi4lite_slave that does not match 1 declared in file bpf_pcie_slv.ip
2024.08.28.01:46:22 Warning: bpf: bpf_pcie_slv declares parameter maximumOutstandingTransactions set to 16 on interface altera_axi4lite_slave that does not match 1 declared in file bpf_pcie_slv.ip
2024.08.28.01:46:22 Warning: bpf: bpf_pcie_slv declares parameter readAcceptanceCapability set to 16 on interface altera_axi4lite_slave that does not match 1 declared in file bpf_pcie_slv.ip
2024.08.28.01:46:22 Warning: bpf: bpf_pcie_slv declares parameter writeAcceptanceCapability set to 16 on interface altera_axi4lite_slave that does not match 1 declared in file bpf_pcie_slv.ip
2024.08.28.01:46:22 Warning: bpf: bpf_pcie_slv declares parameter combinedAcceptanceCapability set to 16 on interface altera_axi4lite_slave that does not match 1 declared in file bpf_pcie_slv.ip
2024.08.28.01:46:22 Warning: bpf: bpf_pcie_slv declares parameter maximumOutstandingReads set to 16 on interface altera_axi4lite_master that does not match 1 declared in file bpf_pcie_slv.ip
2024.08.28.01:46:22 Warning: bpf: bpf_pcie_slv declares parameter maximumOutstandingWrites set to 16 on interface altera_axi4lite_master that does not match 1 declared in file bpf_pcie_slv.ip
2024.08.28.01:46:22 Warning: bpf: bpf_pcie_slv declares parameter maximumOutstandingTransactions set to 16 on interface altera_axi4lite_master that does not match 1 declared in file bpf_pcie_slv.ip
2024.08.28.01:46:22 Warning: bpf: bpf_pcie_slv declares parameter readIssuingCapability set to 16 on interface altera_axi4lite_master that does not match 1 declared in file bpf_pcie_slv.ip
2024.08.28.01:46:22 Warning: bpf: bpf_pcie_slv declares parameter writeIssuingCapability set to 16 on interface altera_axi4lite_master that does not match 1 declared in file bpf_pcie_slv.ip
2024.08.28.01:46:22 Warning: bpf: bpf_pcie_slv declares parameter combinedIssuingCapability set to 16 on interface altera_axi4lite_master that does not match 1 declared in file bpf_pcie_slv.ip
2024.08.28.01:46:22 Warning: bpf: bpf_pmci_lpbk_mst declares parameter maximumOutstandingReads set to 16 on interface altera_axi4lite_slave that does not match 1 declared in file bpf_pmci_lpbk_mst.ip
2024.08.28.01:46:22 Warning: bpf: bpf_pmci_lpbk_mst declares parameter maximumOutstandingWrites set to 16 on interface altera_axi4lite_slave that does not match 1 declared in file bpf_pmci_lpbk_mst.ip
2024.08.28.01:46:22 Warning: bpf: bpf_pmci_lpbk_mst declares parameter maximumOutstandingTransactions set to 16 on interface altera_axi4lite_slave that does not match 1 declared in file bpf_pmci_lpbk_mst.ip
2024.08.28.01:46:22 Warning: bpf: bpf_pmci_lpbk_mst declares parameter readAcceptanceCapability set to 16 on interface altera_axi4lite_slave that does not match 1 declared in file bpf_pmci_lpbk_mst.ip
2024.08.28.01:46:22 Warning: bpf: bpf_pmci_lpbk_mst declares parameter writeAcceptanceCapability set to 16 on interface altera_axi4lite_slave that does not match 1 declared in file bpf_pmci_lpbk_mst.ip
2024.08.28.01:46:22 Warning: bpf: bpf_pmci_lpbk_mst declares parameter combinedAcceptanceCapability set to 16 on interface altera_axi4lite_slave that does not match 1 declared in file bpf_pmci_lpbk_mst.ip
2024.08.28.01:46:22 Warning: bpf: bpf_pmci_lpbk_mst declares parameter maximumOutstandingReads set to 16 on interface altera_axi4lite_master that does not match 1 declared in file bpf_pmci_lpbk_mst.ip
2024.08.28.01:46:22 Warning: bpf: bpf_pmci_lpbk_mst declares parameter maximumOutstandingWrites set to 16 on interface altera_axi4lite_master that does not match 1 declared in file bpf_pmci_lpbk_mst.ip
2024.08.28.01:46:22 Warning: bpf: bpf_pmci_lpbk_mst declares parameter maximumOutstandingTransactions set to 16 on interface altera_axi4lite_master that does not match 1 declared in file bpf_pmci_lpbk_mst.ip
2024.08.28.01:46:22 Warning: bpf: bpf_pmci_lpbk_mst declares parameter readIssuingCapability set to 16 on interface altera_axi4lite_master that does not match 1 declared in file bpf_pmci_lpbk_mst.ip
2024.08.28.01:46:22 Warning: bpf: bpf_pmci_lpbk_mst declares parameter writeIssuingCapability set to 16 on interface altera_axi4lite_master that does not match 1 declared in file bpf_pmci_lpbk_mst.ip
2024.08.28.01:46:22 Warning: bpf: bpf_pmci_lpbk_mst declares parameter combinedIssuingCapability set to 16 on interface altera_axi4lite_master that does not match 1 declared in file bpf_pmci_lpbk_mst.ip
2024.08.28.01:46:22 Warning: bpf: bpf_pmci_lpbk_slv declares parameter maximumOutstandingReads set to 16 on interface altera_axi4lite_slave that does not match 1 declared in file bpf_pmci_lpbk_slv.ip
2024.08.28.01:46:22 Warning: bpf: bpf_pmci_lpbk_slv declares parameter maximumOutstandingWrites set to 16 on interface altera_axi4lite_slave that does not match 1 declared in file bpf_pmci_lpbk_slv.ip
2024.08.28.01:46:22 Warning: bpf: bpf_pmci_lpbk_slv declares parameter maximumOutstandingTransactions set to 16 on interface altera_axi4lite_slave that does not match 1 declared in file bpf_pmci_lpbk_slv.ip
2024.08.28.01:46:22 Warning: bpf: bpf_pmci_lpbk_slv declares parameter readAcceptanceCapability set to 16 on interface altera_axi4lite_slave that does not match 1 declared in file bpf_pmci_lpbk_slv.ip
2024.08.28.01:46:22 Warning: bpf: bpf_pmci_lpbk_slv declares parameter writeAcceptanceCapability set to 16 on interface altera_axi4lite_slave that does not match 1 declared in file bpf_pmci_lpbk_slv.ip
2024.08.28.01:46:22 Warning: bpf: bpf_pmci_lpbk_slv declares parameter combinedAcceptanceCapability set to 16 on interface altera_axi4lite_slave that does not match 1 declared in file bpf_pmci_lpbk_slv.ip
2024.08.28.01:46:22 Warning: bpf: bpf_pmci_lpbk_slv declares parameter maximumOutstandingReads set to 16 on interface altera_axi4lite_master that does not match 1 declared in file bpf_pmci_lpbk_slv.ip
2024.08.28.01:46:22 Warning: bpf: bpf_pmci_lpbk_slv declares parameter maximumOutstandingWrites set to 16 on interface altera_axi4lite_master that does not match 1 declared in file bpf_pmci_lpbk_slv.ip
2024.08.28.01:46:22 Warning: bpf: bpf_pmci_lpbk_slv declares parameter maximumOutstandingTransactions set to 16 on interface altera_axi4lite_master that does not match 1 declared in file bpf_pmci_lpbk_slv.ip
2024.08.28.01:46:22 Warning: bpf: bpf_pmci_lpbk_slv declares parameter readIssuingCapability set to 16 on interface altera_axi4lite_master that does not match 1 declared in file bpf_pmci_lpbk_slv.ip
2024.08.28.01:46:22 Warning: bpf: bpf_pmci_lpbk_slv declares parameter writeIssuingCapability set to 16 on interface altera_axi4lite_master that does not match 1 declared in file bpf_pmci_lpbk_slv.ip
2024.08.28.01:46:22 Warning: bpf: bpf_pmci_lpbk_slv declares parameter combinedIssuingCapability set to 16 on interface altera_axi4lite_master that does not match 1 declared in file bpf_pmci_lpbk_slv.ip
2024.08.28.01:46:22 Warning: bpf: bpf_pmci_mst declares parameter maximumOutstandingReads set to 16 on interface altera_axi4lite_slave that does not match 1 declared in file bpf_pmci_mst.ip
2024.08.28.01:46:22 Warning: bpf: bpf_pmci_mst declares parameter maximumOutstandingWrites set to 16 on interface altera_axi4lite_slave that does not match 1 declared in file bpf_pmci_mst.ip
2024.08.28.01:46:22 Warning: bpf: bpf_pmci_mst declares parameter maximumOutstandingTransactions set to 16 on interface altera_axi4lite_slave that does not match 1 declared in file bpf_pmci_mst.ip
2024.08.28.01:46:22 Warning: bpf: bpf_pmci_mst declares parameter readAcceptanceCapability set to 16 on interface altera_axi4lite_slave that does not match 1 declared in file bpf_pmci_mst.ip
2024.08.28.01:46:22 Warning: bpf: bpf_pmci_mst declares parameter writeAcceptanceCapability set to 16 on interface altera_axi4lite_slave that does not match 1 declared in file bpf_pmci_mst.ip
2024.08.28.01:46:22 Warning: bpf: bpf_pmci_mst declares parameter combinedAcceptanceCapability set to 16 on interface altera_axi4lite_slave that does not match 1 declared in file bpf_pmci_mst.ip
2024.08.28.01:46:22 Warning: bpf: bpf_pmci_mst declares parameter maximumOutstandingReads set to 16 on interface altera_axi4lite_master that does not match 1 declared in file bpf_pmci_mst.ip
2024.08.28.01:46:22 Warning: bpf: bpf_pmci_mst declares parameter maximumOutstandingWrites set to 16 on interface altera_axi4lite_master that does not match 1 declared in file bpf_pmci_mst.ip
2024.08.28.01:46:22 Warning: bpf: bpf_pmci_mst declares parameter maximumOutstandingTransactions set to 16 on interface altera_axi4lite_master that does not match 1 declared in file bpf_pmci_mst.ip
2024.08.28.01:46:22 Warning: bpf: bpf_pmci_mst declares parameter readIssuingCapability set to 16 on interface altera_axi4lite_master that does not match 1 declared in file bpf_pmci_mst.ip
2024.08.28.01:46:22 Warning: bpf: bpf_pmci_mst declares parameter writeIssuingCapability set to 16 on interface altera_axi4lite_master that does not match 1 declared in file bpf_pmci_mst.ip
2024.08.28.01:46:22 Warning: bpf: bpf_pmci_mst declares parameter combinedIssuingCapability set to 16 on interface altera_axi4lite_master that does not match 1 declared in file bpf_pmci_mst.ip
2024.08.28.01:46:22 Warning: bpf: bpf_pmci_slv declares parameter maximumOutstandingReads set to 16 on interface altera_axi4lite_slave that does not match 1 declared in file bpf_pmci_slv.ip
2024.08.28.01:46:22 Warning: bpf: bpf_pmci_slv declares parameter maximumOutstandingWrites set to 16 on interface altera_axi4lite_slave that does not match 1 declared in file bpf_pmci_slv.ip
2024.08.28.01:46:22 Warning: bpf: bpf_pmci_slv declares parameter maximumOutstandingTransactions set to 16 on interface altera_axi4lite_slave that does not match 1 declared in file bpf_pmci_slv.ip
2024.08.28.01:46:22 Warning: bpf: bpf_pmci_slv declares parameter readAcceptanceCapability set to 16 on interface altera_axi4lite_slave that does not match 1 declared in file bpf_pmci_slv.ip
2024.08.28.01:46:22 Warning: bpf: bpf_pmci_slv declares parameter writeAcceptanceCapability set to 16 on interface altera_axi4lite_slave that does not match 1 declared in file bpf_pmci_slv.ip
2024.08.28.01:46:22 Warning: bpf: bpf_pmci_slv declares parameter combinedAcceptanceCapability set to 16 on interface altera_axi4lite_slave that does not match 1 declared in file bpf_pmci_slv.ip
2024.08.28.01:46:22 Warning: bpf: bpf_pmci_slv declares parameter maximumOutstandingReads set to 16 on interface altera_axi4lite_master that does not match 1 declared in file bpf_pmci_slv.ip
2024.08.28.01:46:22 Warning: bpf: bpf_pmci_slv declares parameter maximumOutstandingWrites set to 16 on interface altera_axi4lite_master that does not match 1 declared in file bpf_pmci_slv.ip
2024.08.28.01:46:22 Warning: bpf: bpf_pmci_slv declares parameter maximumOutstandingTransactions set to 16 on interface altera_axi4lite_master that does not match 1 declared in file bpf_pmci_slv.ip
2024.08.28.01:46:22 Warning: bpf: bpf_pmci_slv declares parameter readIssuingCapability set to 16 on interface altera_axi4lite_master that does not match 1 declared in file bpf_pmci_slv.ip
2024.08.28.01:46:22 Warning: bpf: bpf_pmci_slv declares parameter writeIssuingCapability set to 16 on interface altera_axi4lite_master that does not match 1 declared in file bpf_pmci_slv.ip
2024.08.28.01:46:22 Warning: bpf: bpf_pmci_slv declares parameter combinedIssuingCapability set to 16 on interface altera_axi4lite_master that does not match 1 declared in file bpf_pmci_slv.ip
2024.08.28.01:46:22 Warning: bpf: bpf_qsfp0_slv declares parameter maximumOutstandingReads set to 16 on interface altera_axi4lite_slave that does not match 1 declared in file bpf_qsfp0_slv.ip
2024.08.28.01:46:22 Warning: bpf: bpf_qsfp0_slv declares parameter maximumOutstandingWrites set to 16 on interface altera_axi4lite_slave that does not match 1 declared in file bpf_qsfp0_slv.ip
2024.08.28.01:46:22 Warning: bpf: bpf_qsfp0_slv declares parameter maximumOutstandingTransactions set to 16 on interface altera_axi4lite_slave that does not match 1 declared in file bpf_qsfp0_slv.ip
2024.08.28.01:46:22 Warning: bpf: bpf_qsfp0_slv declares parameter readAcceptanceCapability set to 16 on interface altera_axi4lite_slave that does not match 1 declared in file bpf_qsfp0_slv.ip
2024.08.28.01:46:22 Warning: bpf: bpf_qsfp0_slv declares parameter writeAcceptanceCapability set to 16 on interface altera_axi4lite_slave that does not match 1 declared in file bpf_qsfp0_slv.ip
2024.08.28.01:46:22 Warning: bpf: bpf_qsfp0_slv declares parameter combinedAcceptanceCapability set to 16 on interface altera_axi4lite_slave that does not match 1 declared in file bpf_qsfp0_slv.ip
2024.08.28.01:46:22 Warning: bpf: bpf_qsfp0_slv declares parameter maximumOutstandingReads set to 16 on interface altera_axi4lite_master that does not match 1 declared in file bpf_qsfp0_slv.ip
2024.08.28.01:46:22 Warning: bpf: bpf_qsfp0_slv declares parameter maximumOutstandingWrites set to 16 on interface altera_axi4lite_master that does not match 1 declared in file bpf_qsfp0_slv.ip
2024.08.28.01:46:22 Warning: bpf: bpf_qsfp0_slv declares parameter maximumOutstandingTransactions set to 16 on interface altera_axi4lite_master that does not match 1 declared in file bpf_qsfp0_slv.ip
2024.08.28.01:46:22 Warning: bpf: bpf_qsfp0_slv declares parameter readIssuingCapability set to 16 on interface altera_axi4lite_master that does not match 1 declared in file bpf_qsfp0_slv.ip
2024.08.28.01:46:22 Warning: bpf: bpf_qsfp0_slv declares parameter writeIssuingCapability set to 16 on interface altera_axi4lite_master that does not match 1 declared in file bpf_qsfp0_slv.ip
2024.08.28.01:46:22 Warning: bpf: bpf_qsfp0_slv declares parameter combinedIssuingCapability set to 16 on interface altera_axi4lite_master that does not match 1 declared in file bpf_qsfp0_slv.ip
2024.08.28.01:46:22 Warning: bpf: bpf_qsfp1_slv declares parameter maximumOutstandingReads set to 16 on interface altera_axi4lite_slave that does not match 1 declared in file bpf_qsfp1_slv.ip
2024.08.28.01:46:22 Warning: bpf: bpf_qsfp1_slv declares parameter maximumOutstandingWrites set to 16 on interface altera_axi4lite_slave that does not match 1 declared in file bpf_qsfp1_slv.ip
2024.08.28.01:46:22 Warning: bpf: bpf_qsfp1_slv declares parameter maximumOutstandingTransactions set to 16 on interface altera_axi4lite_slave that does not match 1 declared in file bpf_qsfp1_slv.ip
2024.08.28.01:46:22 Warning: bpf: bpf_qsfp1_slv declares parameter readAcceptanceCapability set to 16 on interface altera_axi4lite_slave that does not match 1 declared in file bpf_qsfp1_slv.ip
2024.08.28.01:46:22 Warning: bpf: bpf_qsfp1_slv declares parameter writeAcceptanceCapability set to 16 on interface altera_axi4lite_slave that does not match 1 declared in file bpf_qsfp1_slv.ip
2024.08.28.01:46:22 Warning: bpf: bpf_qsfp1_slv declares parameter combinedAcceptanceCapability set to 16 on interface altera_axi4lite_slave that does not match 1 declared in file bpf_qsfp1_slv.ip
2024.08.28.01:46:22 Warning: bpf: bpf_qsfp1_slv declares parameter maximumOutstandingReads set to 16 on interface altera_axi4lite_master that does not match 1 declared in file bpf_qsfp1_slv.ip
2024.08.28.01:46:22 Warning: bpf: bpf_qsfp1_slv declares parameter maximumOutstandingWrites set to 16 on interface altera_axi4lite_master that does not match 1 declared in file bpf_qsfp1_slv.ip
2024.08.28.01:46:22 Warning: bpf: bpf_qsfp1_slv declares parameter maximumOutstandingTransactions set to 16 on interface altera_axi4lite_master that does not match 1 declared in file bpf_qsfp1_slv.ip
2024.08.28.01:46:22 Warning: bpf: bpf_qsfp1_slv declares parameter readIssuingCapability set to 16 on interface altera_axi4lite_master that does not match 1 declared in file bpf_qsfp1_slv.ip
2024.08.28.01:46:22 Warning: bpf: bpf_qsfp1_slv declares parameter writeIssuingCapability set to 16 on interface altera_axi4lite_master that does not match 1 declared in file bpf_qsfp1_slv.ip
2024.08.28.01:46:22 Warning: bpf: bpf_qsfp1_slv declares parameter combinedIssuingCapability set to 16 on interface altera_axi4lite_master that does not match 1 declared in file bpf_qsfp1_slv.ip
2024.08.28.01:46:22 Info: Saving generation log to /home/jcheung2/ofs24/ofs-agx7-pcie-attach/src/pd_qsys/fabric/bpf/bpf_generation.rpt
2024.08.28.01:46:22 Info: Generated by version: 23.4 build 79
2024.08.28.01:46:22 Info: Starting: Create simulation model
2024.08.28.01:46:22 Info: qsys-generate /home/jcheung2/ofs24/ofs-agx7-pcie-attach/src/pd_qsys/fabric/bpf.qsys --simulation=VERILOG --allow-mixed-language-simulation --output-directory=/home/jcheung2/ofs24/ofs-agx7-pcie-attach/src/pd_qsys/fabric/bpf --family="Agilex 7" --part=AGFB014R24A2E2V
2024.08.28.01:46:22 Info: Loading fabric/bpf.qsys
2024.08.28.01:46:22 Info: Reading input file
2024.08.28.01:46:22 Info: Parameterizing module bpf_apf_mst
2024.08.28.01:46:22 Info: Parameterizing module bpf_apf_slv
2024.08.28.01:46:22 Info: Parameterizing module bpf_clock_bridge
2024.08.28.01:46:22 Info: Parameterizing module bpf_default_slv
2024.08.28.01:46:22 Info: Parameterizing module bpf_emif_slv
2024.08.28.01:46:22 Info: Parameterizing module bpf_fme_mst
2024.08.28.01:46:22 Info: Parameterizing module bpf_fme_slv
2024.08.28.01:46:22 Info: Parameterizing module bpf_hssi_slv
2024.08.28.01:46:22 Info: Parameterizing module bpf_pcie_slv
2024.08.28.01:46:22 Info: Parameterizing module bpf_pmci_lpbk_mst
2024.08.28.01:46:22 Info: Parameterizing module bpf_pmci_lpbk_slv
2024.08.28.01:46:22 Info: Parameterizing module bpf_pmci_mst
2024.08.28.01:46:22 Info: Parameterizing module bpf_pmci_slv
2024.08.28.01:46:22 Info: Parameterizing module bpf_qsfp0_slv
2024.08.28.01:46:22 Info: Parameterizing module bpf_qsfp1_slv
2024.08.28.01:46:22 Info: Parameterizing module bpf_reset_bridge
2024.08.28.01:46:22 Info: Building connections
2024.08.28.01:46:22 Info: Parameterizing connections
2024.08.28.01:46:22 Info: Validating
2024.08.28.01:46:22 Info: Done reading input file
2024.08.28.01:46:22 Info: bpf: "Transforming system: bpf"
2024.08.28.01:46:22 Info: bpf: "Naming system components in system: bpf"
2024.08.28.01:46:22 Info: bpf: "Processing generation queue"
2024.08.28.01:46:22 Info: bpf: "Generating: bpf"
2024.08.28.01:46:22 Info: bpf: "Generating: bpf_apf_mst"
2024.08.28.01:46:22 Info: bpf: "Generating: bpf_apf_slv"
2024.08.28.01:46:22 Info: bpf: "Generating: bpf_clock_bridge"
2024.08.28.01:46:22 Info: bpf: "Generating: bpf_default_slv"
2024.08.28.01:46:22 Info: bpf: "Generating: bpf_emif_slv"
2024.08.28.01:46:22 Info: bpf: "Generating: bpf_fme_mst"
2024.08.28.01:46:22 Info: bpf: "Generating: bpf_fme_slv"
2024.08.28.01:46:22 Info: bpf: "Generating: bpf_hssi_slv"
2024.08.28.01:46:22 Info: bpf: "Generating: bpf_pcie_slv"
2024.08.28.01:46:22 Info: bpf: "Generating: bpf_pmci_lpbk_mst"
2024.08.28.01:46:22 Info: bpf: "Generating: bpf_pmci_lpbk_slv"
2024.08.28.01:46:22 Info: bpf: "Generating: bpf_pmci_mst"
2024.08.28.01:46:22 Info: bpf: "Generating: bpf_pmci_slv"
2024.08.28.01:46:22 Info: bpf: "Generating: bpf_qsfp0_slv"
2024.08.28.01:46:22 Info: bpf: "Generating: bpf_qsfp1_slv"
2024.08.28.01:46:22 Info: bpf: "Generating: bpf_reset_bridge"
2024.08.28.01:46:22 Info: bpf: "Generating: bpf_altera_mm_interconnect_1920_thhyi2i"
2024.08.28.01:46:22 Info: bpf: "Generating: bpf_altera_merlin_axi_master_ni_1962_2kryw2a"
2024.08.28.01:46:22 Info: bpf: "Generating: bpf_altera_merlin_axi_slave_ni_1971_hfsbxta"
2024.08.28.01:46:22 Info: my_altera_avalon_sc_fifo_wr: "Generating: my_altera_avalon_sc_fifo_wr"
2024.08.28.01:46:22 Info: my_altera_avalon_sc_fifo_rd: "Generating: my_altera_avalon_sc_fifo_rd"
2024.08.28.01:46:22 Info: my_altera_avalon_st_pipeline_stage_rd: "Generating: my_altera_avalon_st_pipeline_stage_rd"
2024.08.28.01:46:22 Info: my_altera_avalon_st_pipeline_stage_wr: "Generating: my_altera_avalon_st_pipeline_stage_wr"
2024.08.28.01:46:22 Info: my_altera_avalon_st_pipeline_stage_rp: "Generating: my_altera_avalon_st_pipeline_stage_rp"
2024.08.28.01:46:22 Info: bpf: "Generating: bpf_altera_merlin_axi_slave_ni_1971_artnyka"
2024.08.28.01:46:22 Info: my_altera_avalon_sc_fifo_wr: "Generating: my_altera_avalon_sc_fifo_wr"
2024.08.28.01:46:22 Info: my_altera_avalon_sc_fifo_rd: "Generating: my_altera_avalon_sc_fifo_rd"
2024.08.28.01:46:22 Info: my_altera_avalon_st_pipeline_stage_rd: "Generating: my_altera_avalon_st_pipeline_stage_rd"
2024.08.28.01:46:22 Info: my_altera_avalon_st_pipeline_stage_wr: "Generating: my_altera_avalon_st_pipeline_stage_wr"
2024.08.28.01:46:22 Info: my_altera_avalon_st_pipeline_stage_rp: "Generating: my_altera_avalon_st_pipeline_stage_rp"
2024.08.28.01:46:22 Info: bpf: "Generating: bpf_altera_merlin_axi_slave_ni_1971_onpxjry"
2024.08.28.01:46:22 Info: my_altera_avalon_sc_fifo_wr: "Generating: my_altera_avalon_sc_fifo_wr"
2024.08.28.01:46:22 Info: my_altera_avalon_sc_fifo_rd: "Generating: my_altera_avalon_sc_fifo_rd"
2024.08.28.01:46:22 Info: my_altera_avalon_st_pipeline_stage_rd: "Generating: my_altera_avalon_st_pipeline_stage_rd"
2024.08.28.01:46:22 Info: my_altera_avalon_st_pipeline_stage_wr: "Generating: my_altera_avalon_st_pipeline_stage_wr"
2024.08.28.01:46:22 Info: my_altera_avalon_st_pipeline_stage_rp: "Generating: my_altera_avalon_st_pipeline_stage_rp"
2024.08.28.01:46:22 Info: bpf: "Generating: bpf_altera_merlin_axi_slave_ni_1971_jidvjzi"
2024.08.28.01:46:22 Info: my_altera_avalon_sc_fifo_wr: "Generating: my_altera_avalon_sc_fifo_wr"
2024.08.28.01:46:22 Info: my_altera_avalon_sc_fifo_rd: "Generating: my_altera_avalon_sc_fifo_rd"
2024.08.28.01:46:22 Info: my_altera_avalon_st_pipeline_stage_rd: "Generating: my_altera_avalon_st_pipeline_stage_rd"
2024.08.28.01:46:22 Info: my_altera_avalon_st_pipeline_stage_wr: "Generating: my_altera_avalon_st_pipeline_stage_wr"
2024.08.28.01:46:22 Info: my_altera_avalon_st_pipeline_stage_rp: "Generating: my_altera_avalon_st_pipeline_stage_rp"
2024.08.28.01:46:22 Info: bpf: "Generating: bpf_altera_merlin_axi_slave_ni_1971_47k3fca"
2024.08.28.01:46:22 Info: my_altera_avalon_sc_fifo_wr: "Generating: my_altera_avalon_sc_fifo_wr"
2024.08.28.01:46:22 Info: my_altera_avalon_sc_fifo_rd: "Generating: my_altera_avalon_sc_fifo_rd"
2024.08.28.01:46:22 Info: my_altera_avalon_st_pipeline_stage_rd: "Generating: my_altera_avalon_st_pipeline_stage_rd"
2024.08.28.01:46:22 Info: my_altera_avalon_st_pipeline_stage_wr: "Generating: my_altera_avalon_st_pipeline_stage_wr"
2024.08.28.01:46:22 Info: my_altera_avalon_st_pipeline_stage_rp: "Generating: my_altera_avalon_st_pipeline_stage_rp"
2024.08.28.01:46:22 Info: bpf: "Generating: bpf_altera_merlin_axi_slave_ni_1971_y32nn3y"
2024.08.28.01:46:22 Info: my_altera_avalon_sc_fifo_wr: "Generating: my_altera_avalon_sc_fifo_wr"
2024.08.28.01:46:22 Info: my_altera_avalon_sc_fifo_rd: "Generating: my_altera_avalon_sc_fifo_rd"
2024.08.28.01:46:22 Info: my_altera_avalon_st_pipeline_stage_rd: "Generating: my_altera_avalon_st_pipeline_stage_rd"
2024.08.28.01:46:22 Info: my_altera_avalon_st_pipeline_stage_wr: "Generating: my_altera_avalon_st_pipeline_stage_wr"
2024.08.28.01:46:22 Info: my_altera_avalon_st_pipeline_stage_rp: "Generating: my_altera_avalon_st_pipeline_stage_rp"
2024.08.28.01:46:22 Info: bpf: "Generating: bpf_altera_merlin_axi_slave_ni_1971_rgdvaay"
2024.08.28.01:46:22 Info: my_altera_avalon_sc_fifo_wr: "Generating: my_altera_avalon_sc_fifo_wr"
2024.08.28.01:46:22 Info: my_altera_avalon_sc_fifo_rd: "Generating: my_altera_avalon_sc_fifo_rd"
2024.08.28.01:46:22 Info: my_altera_avalon_st_pipeline_stage_rd: "Generating: my_altera_avalon_st_pipeline_stage_rd"
2024.08.28.01:46:22 Info: my_altera_avalon_st_pipeline_stage_wr: "Generating: my_altera_avalon_st_pipeline_stage_wr"
2024.08.28.01:46:22 Info: my_altera_avalon_st_pipeline_stage_rp: "Generating: my_altera_avalon_st_pipeline_stage_rp"
2024.08.28.01:46:22 Info: bpf: "Generating: bpf_altera_merlin_axi_slave_ni_1971_vcfvj5i"
2024.08.28.01:46:22 Info: my_altera_avalon_sc_fifo_wr: "Generating: my_altera_avalon_sc_fifo_wr"
2024.08.28.01:46:22 Info: my_altera_avalon_sc_fifo_rd: "Generating: my_altera_avalon_sc_fifo_rd"
2024.08.28.01:46:22 Info: my_altera_avalon_st_pipeline_stage_rd: "Generating: my_altera_avalon_st_pipeline_stage_rd"
2024.08.28.01:46:22 Info: my_altera_avalon_st_pipeline_stage_wr: "Generating: my_altera_avalon_st_pipeline_stage_wr"
2024.08.28.01:46:22 Info: my_altera_avalon_st_pipeline_stage_rp: "Generating: my_altera_avalon_st_pipeline_stage_rp"
2024.08.28.01:46:22 Info: bpf: "Generating: bpf_altera_merlin_axi_slave_ni_1971_5c3miba"
2024.08.28.01:46:22 Info: my_altera_avalon_sc_fifo_wr: "Generating: my_altera_avalon_sc_fifo_wr"
2024.08.28.01:46:22 Info: my_altera_avalon_sc_fifo_rd: "Generating: my_altera_avalon_sc_fifo_rd"
2024.08.28.01:46:22 Info: my_altera_avalon_st_pipeline_stage_rd: "Generating: my_altera_avalon_st_pipeline_stage_rd"
2024.08.28.01:46:22 Info: my_altera_avalon_st_pipeline_stage_wr: "Generating: my_altera_avalon_st_pipeline_stage_wr"
2024.08.28.01:46:22 Info: my_altera_avalon_st_pipeline_stage_rp: "Generating: my_altera_avalon_st_pipeline_stage_rp"
2024.08.28.01:46:22 Info: bpf: "Generating: bpf_altera_merlin_axi_slave_ni_1971_tyzqqri"
2024.08.28.01:46:22 Info: my_altera_avalon_sc_fifo_wr: "Generating: my_altera_avalon_sc_fifo_wr"
2024.08.28.01:46:22 Info: my_altera_avalon_sc_fifo_rd: "Generating: my_altera_avalon_sc_fifo_rd"
2024.08.28.01:46:22 Info: my_altera_avalon_st_pipeline_stage_rd: "Generating: my_altera_avalon_st_pipeline_stage_rd"
2024.08.28.01:46:22 Info: my_altera_avalon_st_pipeline_stage_wr: "Generating: my_altera_avalon_st_pipeline_stage_wr"
2024.08.28.01:46:22 Info: my_altera_avalon_st_pipeline_stage_rp: "Generating: my_altera_avalon_st_pipeline_stage_rp"
2024.08.28.01:46:22 Info: bpf: "Generating: bpf_altera_merlin_router_1921_dxb44hi"
2024.08.28.01:46:22 Info: bpf: "Generating: bpf_altera_merlin_router_1921_a7quflq"
2024.08.28.01:46:22 Info: bpf: "Generating: bpf_altera_merlin_router_1921_c2ajpdi"
2024.08.28.01:46:22 Info: bpf: "Generating: bpf_altera_merlin_router_1921_ozxyppq"
2024.08.28.01:46:22 Info: bpf: "Generating: bpf_altera_merlin_router_1921_72c3a4q"
2024.08.28.01:46:22 Info: bpf: "Generating: bpf_altera_merlin_router_1921_f4yhgki"
2024.08.28.01:46:22 Info: bpf: "Generating: bpf_altera_merlin_router_1921_stsce6y"
2024.08.28.01:46:22 Info: bpf: "Generating: bpf_altera_merlin_router_1921_a6i454a"
2024.08.28.01:46:22 Info: bpf: "Generating: bpf_altera_merlin_router_1921_fuvvuqq"
2024.08.28.01:46:22 Info: bpf: "Generating: bpf_altera_merlin_router_1921_2d52dly"
2024.08.28.01:46:22 Info: bpf: "Generating: bpf_altera_merlin_router_1921_wksrbji"
2024.08.28.01:46:22 Info: bpf: "Generating: bpf_altera_merlin_router_1921_zhhqfji"
2024.08.28.01:46:22 Info: bpf: "Generating: bpf_altera_merlin_router_1921_spslutq"
2024.08.28.01:46:22 Info: bpf: "Generating: bpf_altera_merlin_router_1921_nywgomq"
2024.08.28.01:46:22 Info: bpf: "Generating: bpf_altera_merlin_traffic_limiter_1921_p5flxai"
2024.08.28.01:46:22 Info: my_altera_avalon_sc_fifo_dest_id_fifo: "Generating: my_altera_avalon_sc_fifo_dest_id_fifo"
2024.08.28.01:46:22 Info: bpf: "Generating: bpf_altera_merlin_demultiplexer_1921_ti6d3uy"
2024.08.28.01:46:22 Info: bpf: "Generating: bpf_altera_merlin_demultiplexer_1921_wkkjz7i"
2024.08.28.01:46:22 Info: bpf: "Generating: bpf_altera_merlin_demultiplexer_1921_vtoouzq"
2024.08.28.01:46:22 Info: bpf: "Generating: bpf_altera_merlin_multiplexer_1922_3dfdvma"
2024.08.28.01:46:22 Info: bpf: "Generating: bpf_altera_merlin_multiplexer_1922_cdpjm4a"
2024.08.28.01:46:22 Info: bpf: "Generating: bpf_altera_merlin_multiplexer_1922_mityqiq"
2024.08.28.01:46:22 Info: bpf: "Generating: bpf_altera_merlin_demultiplexer_1921_twn2xqi"
2024.08.28.01:46:22 Info: bpf: "Generating: bpf_altera_merlin_demultiplexer_1921_fum5tcq"
2024.08.28.01:46:22 Info: bpf: "Generating: bpf_altera_merlin_demultiplexer_1921_iraid2i"
2024.08.28.01:46:22 Info: bpf: "Generating: bpf_altera_merlin_multiplexer_1922_d6pfiny"
2024.08.28.01:46:22 Info: bpf: "Generating: bpf_altera_merlin_multiplexer_1922_foeu7bq"
2024.08.28.01:46:22 Info: bpf: "Generating: bpf_altera_merlin_multiplexer_1922_2hno62q"
2024.08.28.01:46:22 Info: bpf: "Generating: bpf_altera_merlin_axi_slave_ni_altera_avalon_sc_fifo_1971_6f46wua"
2024.08.28.01:46:22 Info: bpf: "Generating: bpf_altera_merlin_axi_slave_ni_altera_avalon_st_pipeline_stage_1971_a42nnri"
2024.08.28.01:46:22 Info: bpf: "Generating: bpf_altera_merlin_axi_slave_ni_altera_avalon_st_pipeline_stage_1971_h6wexfa"
2024.08.28.01:46:22 Info: bpf: "Generating: bpf_altera_merlin_axi_slave_ni_altera_avalon_st_pipeline_stage_1971_7asbqai"
2024.08.28.01:46:22 Info: bpf: "Generating: bpf_altera_merlin_axi_slave_ni_altera_avalon_sc_fifo_1971_zewvfuy"
2024.08.28.01:46:22 Info: bpf: "Generating: bpf_altera_merlin_axi_slave_ni_altera_avalon_st_pipeline_stage_1971_a42nnri"
2024.08.28.01:46:22 Info: bpf: "Generating: bpf_altera_merlin_axi_slave_ni_altera_avalon_st_pipeline_stage_1971_h6wexfa"
2024.08.28.01:46:22 Info: bpf: "Generating: bpf_altera_merlin_axi_slave_ni_altera_avalon_st_pipeline_stage_1971_7asbqai"
2024.08.28.01:46:22 Info: bpf: "Generating: bpf_altera_merlin_axi_slave_ni_altera_avalon_sc_fifo_1971_zewvfuy"
2024.08.28.01:46:22 Info: bpf: "Generating: bpf_altera_merlin_axi_slave_ni_altera_avalon_st_pipeline_stage_1971_a42nnri"
2024.08.28.01:46:22 Info: bpf: "Generating: bpf_altera_merlin_axi_slave_ni_altera_avalon_st_pipeline_stage_1971_h6wexfa"
2024.08.28.01:46:22 Info: bpf: "Generating: bpf_altera_merlin_axi_slave_ni_altera_avalon_st_pipeline_stage_1971_7asbqai"
2024.08.28.01:46:22 Info: bpf: "Generating: bpf_altera_merlin_axi_slave_ni_altera_avalon_sc_fifo_1971_zewvfuy"
2024.08.28.01:46:22 Info: bpf: "Generating: bpf_altera_merlin_axi_slave_ni_altera_avalon_st_pipeline_stage_1971_a42nnri"
2024.08.28.01:46:22 Info: bpf: "Generating: bpf_altera_merlin_axi_slave_ni_altera_avalon_st_pipeline_stage_1971_h6wexfa"
2024.08.28.01:46:22 Info: bpf: "Generating: bpf_altera_merlin_axi_slave_ni_altera_avalon_st_pipeline_stage_1971_7asbqai"
2024.08.28.01:46:22 Info: bpf: "Generating: bpf_altera_merlin_axi_slave_ni_altera_avalon_sc_fifo_1971_zewvfuy"
2024.08.28.01:46:22 Info: bpf: "Generating: bpf_altera_merlin_axi_slave_ni_altera_avalon_st_pipeline_stage_1971_a42nnri"
2024.08.28.01:46:22 Info: bpf: "Generating: bpf_altera_merlin_axi_slave_ni_altera_avalon_st_pipeline_stage_1971_h6wexfa"
2024.08.28.01:46:22 Info: bpf: "Generating: bpf_altera_merlin_axi_slave_ni_altera_avalon_st_pipeline_stage_1971_7asbqai"
2024.08.28.01:46:22 Info: bpf: "Generating: bpf_altera_merlin_axi_slave_ni_altera_avalon_sc_fifo_1971_zewvfuy"
2024.08.28.01:46:22 Info: bpf: "Generating: bpf_altera_merlin_axi_slave_ni_altera_avalon_st_pipeline_stage_1971_a42nnri"
2024.08.28.01:46:22 Info: bpf: "Generating: bpf_altera_merlin_axi_slave_ni_altera_avalon_st_pipeline_stage_1971_h6wexfa"
2024.08.28.01:46:22 Info: bpf: "Generating: bpf_altera_merlin_axi_slave_ni_altera_avalon_st_pipeline_stage_1971_7asbqai"
2024.08.28.01:46:22 Info: bpf: "Generating: bpf_altera_merlin_axi_slave_ni_altera_avalon_sc_fifo_1971_zewvfuy"
2024.08.28.01:46:22 Info: bpf: "Generating: bpf_altera_merlin_axi_slave_ni_altera_avalon_st_pipeline_stage_1971_a42nnri"
2024.08.28.01:46:22 Info: bpf: "Generating: bpf_altera_merlin_axi_slave_ni_altera_avalon_st_pipeline_stage_1971_h6wexfa"
2024.08.28.01:46:22 Info: bpf: "Generating: bpf_altera_merlin_axi_slave_ni_altera_avalon_st_pipeline_stage_1971_7asbqai"
2024.08.28.01:46:22 Info: bpf: "Generating: bpf_altera_merlin_axi_slave_ni_altera_avalon_sc_fifo_1971_zewvfuy"
2024.08.28.01:46:22 Info: bpf: "Generating: bpf_altera_merlin_axi_slave_ni_altera_avalon_st_pipeline_stage_1971_a42nnri"
2024.08.28.01:46:22 Info: bpf: "Generating: bpf_altera_merlin_axi_slave_ni_altera_avalon_st_pipeline_stage_1971_h6wexfa"
2024.08.28.01:46:22 Info: bpf: "Generating: bpf_altera_merlin_axi_slave_ni_altera_avalon_st_pipeline_stage_1971_7asbqai"
2024.08.28.01:46:22 Info: bpf: "Generating: bpf_altera_merlin_axi_slave_ni_altera_avalon_sc_fifo_1971_zewvfuy"
2024.08.28.01:46:22 Info: bpf: "Generating: bpf_altera_merlin_axi_slave_ni_altera_avalon_st_pipeline_stage_1971_a42nnri"
2024.08.28.01:46:22 Info: bpf: "Generating: bpf_altera_merlin_axi_slave_ni_altera_avalon_st_pipeline_stage_1971_h6wexfa"
2024.08.28.01:46:22 Info: bpf: "Generating: bpf_altera_merlin_axi_slave_ni_altera_avalon_st_pipeline_stage_1971_7asbqai"
2024.08.28.01:46:22 Info: bpf: "Generating: bpf_altera_merlin_axi_slave_ni_altera_avalon_sc_fifo_1971_zewvfuy"
2024.08.28.01:46:22 Info: bpf: "Generating: bpf_altera_merlin_axi_slave_ni_altera_avalon_st_pipeline_stage_1971_a42nnri"
2024.08.28.01:46:22 Info: bpf: "Generating: bpf_altera_merlin_axi_slave_ni_altera_avalon_st_pipeline_stage_1971_h6wexfa"
2024.08.28.01:46:22 Info: bpf: "Generating: bpf_altera_merlin_axi_slave_ni_altera_avalon_st_pipeline_stage_1971_7asbqai"
2024.08.28.01:46:22 Info: bpf: "Generating: bpf_altera_merlin_traffic_limiter_altera_avalon_sc_fifo_1921_ho5tama"
2024.08.28.01:46:22 Info: bpf: "Generating: bpf_altera_avalon_sc_fifo_1931_fzgstwy"
2024.08.28.01:46:22 Info: bpf: "Generating: bpf_altera_avalon_st_pipeline_stage_1930_bv2ucky"
2024.08.28.01:46:22 Info: bpf: Done "bpf" with 99 modules, 203 files
2024.08.28.01:46:22 Info: Generating the following file(s) for XCELIUM simulator in /home/jcheung2/ofs24/ofs-agx7-pcie-attach/src/pd_qsys/fabric/bpf/sim/ directory:
2024.08.28.01:46:22 Info: common/xcelium_files.tcl
2024.08.28.01:46:22 Info: Generating the following file(s) for VCSMX simulator in /home/jcheung2/ofs24/ofs-agx7-pcie-attach/src/pd_qsys/fabric/bpf/sim/ directory:
2024.08.28.01:46:22 Info: common/vcsmx_files.tcl
2024.08.28.01:46:22 Info: Generating the following file(s) for VCS simulator in /home/jcheung2/ofs24/ofs-agx7-pcie-attach/src/pd_qsys/fabric/bpf/sim/ directory:
2024.08.28.01:46:22 Info: common/vcs_files.tcl
2024.08.28.01:46:22 Info: Generating the following file(s) for MODELSIM simulator in /home/jcheung2/ofs24/ofs-agx7-pcie-attach/src/pd_qsys/fabric/bpf/sim/ directory:
2024.08.28.01:46:22 Info: common/modelsim_files.tcl
2024.08.28.01:46:22 Info: Generating the following file(s) for RIVIERA simulator in /home/jcheung2/ofs24/ofs-agx7-pcie-attach/src/pd_qsys/fabric/bpf/sim/ directory:
2024.08.28.01:46:22 Info: common/riviera_files.tcl
2024.08.28.01:46:22 Info: For information on how to simulate your IP, see the explanatory comments in the simulator-specific subdirectories under /home/jcheung2/ofs24/ofs-agx7-pcie-attach/src/pd_qsys/fabric/bpf/sim/.
2024.08.28.01:46:22 Info: Regenerate these scripts whenever you make any change to any Quartus-generated IP in your project.
2024.08.28.01:46:22 Info: Finished: Create simulation model
2024.08.28.01:46:22 Info: Starting: Create simulation script
2024.08.28.01:46:22 Info: sim-script-gen --system-file=/home/jcheung2/ofs24/ofs-agx7-pcie-attach/src/pd_qsys/fabric/bpf.qsys --output-directory=/home/jcheung2/ofs24/ofs-agx7-pcie-attach/src/pd_qsys/fabric/bpf/sim/ --use-relative-paths=true
2024.08.28.01:46:22 Info: Generating the following file(s) for XCELIUM simulator in /home/jcheung2/ofs24/ofs-agx7-pcie-attach/src/pd_qsys/fabric/bpf/sim/ directory:
2024.08.28.01:46:22 Info: xcelium/cds.lib
2024.08.28.01:46:22 Info: xcelium/hdl.var
2024.08.28.01:46:22 Info: xcelium/xcelium_setup.sh
2024.08.28.01:46:22 Info: 1 .cds.lib files in xcelium/cds_libs/ directory
2024.08.28.01:46:22 Info: Generating the following file(s) for VCSMX simulator in /home/jcheung2/ofs24/ofs-agx7-pcie-attach/src/pd_qsys/fabric/bpf/sim/ directory:
2024.08.28.01:46:22 Info: synopsys/vcsmx/synopsys_sim.setup
2024.08.28.01:46:22 Info: synopsys/vcsmx/vcsmx_setup.sh
2024.08.28.01:46:22 Info: Generating the following file(s) for VCS simulator in /home/jcheung2/ofs24/ofs-agx7-pcie-attach/src/pd_qsys/fabric/bpf/sim/ directory:
2024.08.28.01:46:22 Info: synopsys/vcs/vcs_setup.sh
2024.08.28.01:46:22 Info: Generating the following file(s) for MODELSIM simulator in /home/jcheung2/ofs24/ofs-agx7-pcie-attach/src/pd_qsys/fabric/bpf/sim/ directory:
2024.08.28.01:46:22 Info: mentor/msim_setup.tcl
2024.08.28.01:46:22 Info: Generating the following file(s) for RIVIERA simulator in /home/jcheung2/ofs24/ofs-agx7-pcie-attach/src/pd_qsys/fabric/bpf/sim/ directory:
2024.08.28.01:46:22 Info: aldec/rivierapro_setup.tcl
2024.08.28.01:46:22 Info: For information on how to simulate your IP, see the explanatory comments in the simulator-specific subdirectories under /home/jcheung2/ofs24/ofs-agx7-pcie-attach/src/pd_qsys/fabric/bpf/sim/.
2024.08.28.01:46:22 Info: Regenerate these scripts whenever you make any change to any Quartus-generated IP in your project.
2024.08.28.01:46:22 Info: Finished: Create simulation script
2024.08.28.01:46:22 Info: 
2024.08.28.01:46:22 Info: Starting: Create HDL design files for synthesis
2024.08.28.01:46:22 Info: qsys-generate /home/jcheung2/ofs24/ofs-agx7-pcie-attach/src/pd_qsys/fabric/bpf.qsys --synthesis=VERILOG --output-directory=/home/jcheung2/ofs24/ofs-agx7-pcie-attach/src/pd_qsys/fabric/bpf --family="Agilex 7" --part=AGFB014R24A2E2V
2024.08.28.01:46:22 Info: Loading fabric/bpf.qsys
2024.08.28.01:46:22 Info: Reading input file
2024.08.28.01:46:22 Info: Parameterizing module bpf_apf_mst
2024.08.28.01:46:22 Info: Parameterizing module bpf_apf_slv
2024.08.28.01:46:22 Info: Parameterizing module bpf_clock_bridge
2024.08.28.01:46:22 Info: Parameterizing module bpf_default_slv
2024.08.28.01:46:22 Info: Parameterizing module bpf_emif_slv
2024.08.28.01:46:22 Info: Parameterizing module bpf_fme_mst
2024.08.28.01:46:22 Info: Parameterizing module bpf_fme_slv
2024.08.28.01:46:22 Info: Parameterizing module bpf_hssi_slv
2024.08.28.01:46:22 Info: Parameterizing module bpf_pcie_slv
2024.08.28.01:46:22 Info: Parameterizing module bpf_pmci_lpbk_mst
2024.08.28.01:46:22 Info: Parameterizing module bpf_pmci_lpbk_slv
2024.08.28.01:46:22 Info: Parameterizing module bpf_pmci_mst
2024.08.28.01:46:22 Info: Parameterizing module bpf_pmci_slv
2024.08.28.01:46:22 Info: Parameterizing module bpf_qsfp0_slv
2024.08.28.01:46:22 Info: Parameterizing module bpf_qsfp1_slv
2024.08.28.01:46:22 Info: Parameterizing module bpf_reset_bridge
2024.08.28.01:46:22 Info: Building connections
2024.08.28.01:46:22 Info: Parameterizing connections
2024.08.28.01:46:22 Info: Validating
2024.08.28.01:46:22 Info: Done reading input file
2024.08.28.01:46:22 Info: bpf: "Transforming system: bpf"
2024.08.28.01:46:22 Info: bpf: "Naming system components in system: bpf"
2024.08.28.01:46:22 Info: bpf: "Processing generation queue"
2024.08.28.01:46:22 Info: bpf: "Generating: bpf"
2024.08.28.01:46:22 Info: bpf: "Generating: bpf_apf_mst"
2024.08.28.01:46:22 Info: bpf: "Generating: bpf_apf_slv"
2024.08.28.01:46:22 Info: bpf: "Generating: bpf_clock_bridge"
2024.08.28.01:46:22 Info: bpf: "Generating: bpf_default_slv"
2024.08.28.01:46:22 Info: bpf: "Generating: bpf_emif_slv"
2024.08.28.01:46:22 Info: bpf: "Generating: bpf_fme_mst"
2024.08.28.01:46:22 Info: bpf: "Generating: bpf_fme_slv"
2024.08.28.01:46:22 Info: bpf: "Generating: bpf_hssi_slv"
2024.08.28.01:46:22 Info: bpf: "Generating: bpf_pcie_slv"
2024.08.28.01:46:22 Info: bpf: "Generating: bpf_pmci_lpbk_mst"
2024.08.28.01:46:22 Info: bpf: "Generating: bpf_pmci_lpbk_slv"
2024.08.28.01:46:22 Info: bpf: "Generating: bpf_pmci_mst"
2024.08.28.01:46:22 Info: bpf: "Generating: bpf_pmci_slv"
2024.08.28.01:46:22 Info: bpf: "Generating: bpf_qsfp0_slv"
2024.08.28.01:46:22 Info: bpf: "Generating: bpf_qsfp1_slv"
2024.08.28.01:46:22 Info: bpf: "Generating: bpf_reset_bridge"
2024.08.28.01:46:22 Info: bpf: "Generating: bpf_altera_mm_interconnect_1920_thhyi2i"
2024.08.28.01:46:22 Info: bpf: "Generating: bpf_altera_merlin_axi_master_ni_1962_2kryw2a"
2024.08.28.01:46:22 Info: bpf: "Generating: bpf_altera_merlin_axi_slave_ni_1971_hfsbxta"
2024.08.28.01:46:22 Info: my_altera_avalon_sc_fifo_wr: "Generating: my_altera_avalon_sc_fifo_wr"
2024.08.28.01:46:22 Info: my_altera_avalon_sc_fifo_rd: "Generating: my_altera_avalon_sc_fifo_rd"
2024.08.28.01:46:22 Info: my_altera_avalon_st_pipeline_stage_rd: "Generating: my_altera_avalon_st_pipeline_stage_rd"
2024.08.28.01:46:22 Info: my_altera_avalon_st_pipeline_stage_wr: "Generating: my_altera_avalon_st_pipeline_stage_wr"
2024.08.28.01:46:22 Info: my_altera_avalon_st_pipeline_stage_rp: "Generating: my_altera_avalon_st_pipeline_stage_rp"
2024.08.28.01:46:22 Info: bpf: "Generating: bpf_altera_merlin_axi_slave_ni_1971_artnyka"
2024.08.28.01:46:22 Info: my_altera_avalon_sc_fifo_wr: "Generating: my_altera_avalon_sc_fifo_wr"
2024.08.28.01:46:22 Info: my_altera_avalon_sc_fifo_rd: "Generating: my_altera_avalon_sc_fifo_rd"
2024.08.28.01:46:22 Info: my_altera_avalon_st_pipeline_stage_rd: "Generating: my_altera_avalon_st_pipeline_stage_rd"
2024.08.28.01:46:22 Info: my_altera_avalon_st_pipeline_stage_wr: "Generating: my_altera_avalon_st_pipeline_stage_wr"
2024.08.28.01:46:22 Info: my_altera_avalon_st_pipeline_stage_rp: "Generating: my_altera_avalon_st_pipeline_stage_rp"
2024.08.28.01:46:22 Info: bpf: "Generating: bpf_altera_merlin_axi_slave_ni_1971_onpxjry"
2024.08.28.01:46:22 Info: my_altera_avalon_sc_fifo_wr: "Generating: my_altera_avalon_sc_fifo_wr"
2024.08.28.01:46:22 Info: my_altera_avalon_sc_fifo_rd: "Generating: my_altera_avalon_sc_fifo_rd"
2024.08.28.01:46:22 Info: my_altera_avalon_st_pipeline_stage_rd: "Generating: my_altera_avalon_st_pipeline_stage_rd"
2024.08.28.01:46:22 Info: my_altera_avalon_st_pipeline_stage_wr: "Generating: my_altera_avalon_st_pipeline_stage_wr"
2024.08.28.01:46:22 Info: my_altera_avalon_st_pipeline_stage_rp: "Generating: my_altera_avalon_st_pipeline_stage_rp"
2024.08.28.01:46:22 Info: bpf: "Generating: bpf_altera_merlin_axi_slave_ni_1971_jidvjzi"
2024.08.28.01:46:22 Info: my_altera_avalon_sc_fifo_wr: "Generating: my_altera_avalon_sc_fifo_wr"
2024.08.28.01:46:22 Info: my_altera_avalon_sc_fifo_rd: "Generating: my_altera_avalon_sc_fifo_rd"
2024.08.28.01:46:22 Info: my_altera_avalon_st_pipeline_stage_rd: "Generating: my_altera_avalon_st_pipeline_stage_rd"
2024.08.28.01:46:22 Info: my_altera_avalon_st_pipeline_stage_wr: "Generating: my_altera_avalon_st_pipeline_stage_wr"
2024.08.28.01:46:22 Info: my_altera_avalon_st_pipeline_stage_rp: "Generating: my_altera_avalon_st_pipeline_stage_rp"
2024.08.28.01:46:22 Info: bpf: "Generating: bpf_altera_merlin_axi_slave_ni_1971_47k3fca"
2024.08.28.01:46:22 Info: my_altera_avalon_sc_fifo_wr: "Generating: my_altera_avalon_sc_fifo_wr"
2024.08.28.01:46:22 Info: my_altera_avalon_sc_fifo_rd: "Generating: my_altera_avalon_sc_fifo_rd"
2024.08.28.01:46:22 Info: my_altera_avalon_st_pipeline_stage_rd: "Generating: my_altera_avalon_st_pipeline_stage_rd"
2024.08.28.01:46:22 Info: my_altera_avalon_st_pipeline_stage_wr: "Generating: my_altera_avalon_st_pipeline_stage_wr"
2024.08.28.01:46:22 Info: my_altera_avalon_st_pipeline_stage_rp: "Generating: my_altera_avalon_st_pipeline_stage_rp"
2024.08.28.01:46:22 Info: bpf: "Generating: bpf_altera_merlin_axi_slave_ni_1971_y32nn3y"
2024.08.28.01:46:22 Info: my_altera_avalon_sc_fifo_wr: "Generating: my_altera_avalon_sc_fifo_wr"
2024.08.28.01:46:22 Info: my_altera_avalon_sc_fifo_rd: "Generating: my_altera_avalon_sc_fifo_rd"
2024.08.28.01:46:22 Info: my_altera_avalon_st_pipeline_stage_rd: "Generating: my_altera_avalon_st_pipeline_stage_rd"
2024.08.28.01:46:22 Info: my_altera_avalon_st_pipeline_stage_wr: "Generating: my_altera_avalon_st_pipeline_stage_wr"
2024.08.28.01:46:22 Info: my_altera_avalon_st_pipeline_stage_rp: "Generating: my_altera_avalon_st_pipeline_stage_rp"
2024.08.28.01:46:22 Info: bpf: "Generating: bpf_altera_merlin_axi_slave_ni_1971_rgdvaay"
2024.08.28.01:46:22 Info: my_altera_avalon_sc_fifo_wr: "Generating: my_altera_avalon_sc_fifo_wr"
2024.08.28.01:46:22 Info: my_altera_avalon_sc_fifo_rd: "Generating: my_altera_avalon_sc_fifo_rd"
2024.08.28.01:46:22 Info: my_altera_avalon_st_pipeline_stage_rd: "Generating: my_altera_avalon_st_pipeline_stage_rd"
2024.08.28.01:46:22 Info: my_altera_avalon_st_pipeline_stage_wr: "Generating: my_altera_avalon_st_pipeline_stage_wr"
2024.08.28.01:46:22 Info: my_altera_avalon_st_pipeline_stage_rp: "Generating: my_altera_avalon_st_pipeline_stage_rp"
2024.08.28.01:46:22 Info: bpf: "Generating: bpf_altera_merlin_axi_slave_ni_1971_vcfvj5i"
2024.08.28.01:46:22 Info: my_altera_avalon_sc_fifo_wr: "Generating: my_altera_avalon_sc_fifo_wr"
2024.08.28.01:46:22 Info: my_altera_avalon_sc_fifo_rd: "Generating: my_altera_avalon_sc_fifo_rd"
2024.08.28.01:46:22 Info: my_altera_avalon_st_pipeline_stage_rd: "Generating: my_altera_avalon_st_pipeline_stage_rd"
2024.08.28.01:46:22 Info: my_altera_avalon_st_pipeline_stage_wr: "Generating: my_altera_avalon_st_pipeline_stage_wr"
2024.08.28.01:46:22 Info: my_altera_avalon_st_pipeline_stage_rp: "Generating: my_altera_avalon_st_pipeline_stage_rp"
2024.08.28.01:46:22 Info: bpf: "Generating: bpf_altera_merlin_axi_slave_ni_1971_5c3miba"
2024.08.28.01:46:22 Info: my_altera_avalon_sc_fifo_wr: "Generating: my_altera_avalon_sc_fifo_wr"
2024.08.28.01:46:22 Info: my_altera_avalon_sc_fifo_rd: "Generating: my_altera_avalon_sc_fifo_rd"
2024.08.28.01:46:22 Info: my_altera_avalon_st_pipeline_stage_rd: "Generating: my_altera_avalon_st_pipeline_stage_rd"
2024.08.28.01:46:22 Info: my_altera_avalon_st_pipeline_stage_wr: "Generating: my_altera_avalon_st_pipeline_stage_wr"
2024.08.28.01:46:22 Info: my_altera_avalon_st_pipeline_stage_rp: "Generating: my_altera_avalon_st_pipeline_stage_rp"
2024.08.28.01:46:22 Info: bpf: "Generating: bpf_altera_merlin_axi_slave_ni_1971_tyzqqri"
2024.08.28.01:46:22 Info: my_altera_avalon_sc_fifo_wr: "Generating: my_altera_avalon_sc_fifo_wr"
2024.08.28.01:46:22 Info: my_altera_avalon_sc_fifo_rd: "Generating: my_altera_avalon_sc_fifo_rd"
2024.08.28.01:46:22 Info: my_altera_avalon_st_pipeline_stage_rd: "Generating: my_altera_avalon_st_pipeline_stage_rd"
2024.08.28.01:46:22 Info: my_altera_avalon_st_pipeline_stage_wr: "Generating: my_altera_avalon_st_pipeline_stage_wr"
2024.08.28.01:46:22 Info: my_altera_avalon_st_pipeline_stage_rp: "Generating: my_altera_avalon_st_pipeline_stage_rp"
2024.08.28.01:46:22 Info: bpf: "Generating: bpf_altera_merlin_router_1921_dxb44hi"
2024.08.28.01:46:22 Info: bpf: "Generating: bpf_altera_merlin_router_1921_a7quflq"
2024.08.28.01:46:22 Info: bpf: "Generating: bpf_altera_merlin_router_1921_c2ajpdi"
2024.08.28.01:46:22 Info: bpf: "Generating: bpf_altera_merlin_router_1921_ozxyppq"
2024.08.28.01:46:22 Info: bpf: "Generating: bpf_altera_merlin_router_1921_72c3a4q"
2024.08.28.01:46:22 Info: bpf: "Generating: bpf_altera_merlin_router_1921_f4yhgki"
2024.08.28.01:46:22 Info: bpf: "Generating: bpf_altera_merlin_router_1921_stsce6y"
2024.08.28.01:46:22 Info: bpf: "Generating: bpf_altera_merlin_router_1921_a6i454a"
2024.08.28.01:46:22 Info: bpf: "Generating: bpf_altera_merlin_router_1921_fuvvuqq"
2024.08.28.01:46:22 Info: bpf: "Generating: bpf_altera_merlin_router_1921_2d52dly"
2024.08.28.01:46:22 Info: bpf: "Generating: bpf_altera_merlin_router_1921_wksrbji"
2024.08.28.01:46:22 Info: bpf: "Generating: bpf_altera_merlin_router_1921_zhhqfji"
2024.08.28.01:46:22 Info: bpf: "Generating: bpf_altera_merlin_router_1921_spslutq"
2024.08.28.01:46:22 Info: bpf: "Generating: bpf_altera_merlin_router_1921_nywgomq"
2024.08.28.01:46:22 Info: bpf: "Generating: bpf_altera_merlin_traffic_limiter_1921_p5flxai"
2024.08.28.01:46:22 Info: my_altera_avalon_sc_fifo_dest_id_fifo: "Generating: my_altera_avalon_sc_fifo_dest_id_fifo"
2024.08.28.01:46:22 Info: bpf: "Generating: bpf_altera_merlin_demultiplexer_1921_ti6d3uy"
2024.08.28.01:46:22 Info: bpf: "Generating: bpf_altera_merlin_demultiplexer_1921_wkkjz7i"
2024.08.28.01:46:22 Info: bpf: "Generating: bpf_altera_merlin_demultiplexer_1921_vtoouzq"
2024.08.28.01:46:22 Info: bpf: "Generating: bpf_altera_merlin_multiplexer_1922_3dfdvma"
2024.08.28.01:46:22 Info: bpf: "Generating: bpf_altera_merlin_multiplexer_1922_cdpjm4a"
2024.08.28.01:46:22 Info: bpf: "Generating: bpf_altera_merlin_multiplexer_1922_mityqiq"
2024.08.28.01:46:22 Info: bpf: "Generating: bpf_altera_merlin_demultiplexer_1921_twn2xqi"
2024.08.28.01:46:22 Info: bpf: "Generating: bpf_altera_merlin_demultiplexer_1921_fum5tcq"
2024.08.28.01:46:22 Info: bpf: "Generating: bpf_altera_merlin_demultiplexer_1921_iraid2i"
2024.08.28.01:46:22 Info: bpf: "Generating: bpf_altera_merlin_multiplexer_1922_d6pfiny"
2024.08.28.01:46:22 Info: bpf: "Generating: bpf_altera_merlin_multiplexer_1922_foeu7bq"
2024.08.28.01:46:22 Info: bpf: "Generating: bpf_altera_merlin_multiplexer_1922_2hno62q"
2024.08.28.01:46:22 Info: bpf: "Generating: bpf_altera_merlin_axi_slave_ni_altera_avalon_sc_fifo_1971_6f46wua"
2024.08.28.01:46:22 Info: bpf: "Generating: bpf_altera_merlin_axi_slave_ni_altera_avalon_st_pipeline_stage_1971_a42nnri"
2024.08.28.01:46:22 Info: bpf: "Generating: bpf_altera_merlin_axi_slave_ni_altera_avalon_st_pipeline_stage_1971_h6wexfa"
2024.08.28.01:46:22 Info: bpf: "Generating: bpf_altera_merlin_axi_slave_ni_altera_avalon_st_pipeline_stage_1971_7asbqai"
2024.08.28.01:46:22 Info: bpf: "Generating: bpf_altera_merlin_axi_slave_ni_altera_avalon_sc_fifo_1971_zewvfuy"
2024.08.28.01:46:22 Info: bpf: "Generating: bpf_altera_merlin_axi_slave_ni_altera_avalon_st_pipeline_stage_1971_a42nnri"
2024.08.28.01:46:22 Info: bpf: "Generating: bpf_altera_merlin_axi_slave_ni_altera_avalon_st_pipeline_stage_1971_h6wexfa"
2024.08.28.01:46:22 Info: bpf: "Generating: bpf_altera_merlin_axi_slave_ni_altera_avalon_st_pipeline_stage_1971_7asbqai"
2024.08.28.01:46:22 Info: bpf: "Generating: bpf_altera_merlin_axi_slave_ni_altera_avalon_sc_fifo_1971_zewvfuy"
2024.08.28.01:46:22 Info: bpf: "Generating: bpf_altera_merlin_axi_slave_ni_altera_avalon_st_pipeline_stage_1971_a42nnri"
2024.08.28.01:46:22 Info: bpf: "Generating: bpf_altera_merlin_axi_slave_ni_altera_avalon_st_pipeline_stage_1971_h6wexfa"
2024.08.28.01:46:22 Info: bpf: "Generating: bpf_altera_merlin_axi_slave_ni_altera_avalon_st_pipeline_stage_1971_7asbqai"
2024.08.28.01:46:22 Info: bpf: "Generating: bpf_altera_merlin_axi_slave_ni_altera_avalon_sc_fifo_1971_zewvfuy"
2024.08.28.01:46:22 Info: bpf: "Generating: bpf_altera_merlin_axi_slave_ni_altera_avalon_st_pipeline_stage_1971_a42nnri"
2024.08.28.01:46:22 Info: bpf: "Generating: bpf_altera_merlin_axi_slave_ni_altera_avalon_st_pipeline_stage_1971_h6wexfa"
2024.08.28.01:46:22 Info: bpf: "Generating: bpf_altera_merlin_axi_slave_ni_altera_avalon_st_pipeline_stage_1971_7asbqai"
2024.08.28.01:46:22 Info: bpf: "Generating: bpf_altera_merlin_axi_slave_ni_altera_avalon_sc_fifo_1971_zewvfuy"
2024.08.28.01:46:22 Info: bpf: "Generating: bpf_altera_merlin_axi_slave_ni_altera_avalon_st_pipeline_stage_1971_a42nnri"
2024.08.28.01:46:22 Info: bpf: "Generating: bpf_altera_merlin_axi_slave_ni_altera_avalon_st_pipeline_stage_1971_h6wexfa"
2024.08.28.01:46:22 Info: bpf: "Generating: bpf_altera_merlin_axi_slave_ni_altera_avalon_st_pipeline_stage_1971_7asbqai"
2024.08.28.01:46:22 Info: bpf: "Generating: bpf_altera_merlin_axi_slave_ni_altera_avalon_sc_fifo_1971_zewvfuy"
2024.08.28.01:46:22 Info: bpf: "Generating: bpf_altera_merlin_axi_slave_ni_altera_avalon_st_pipeline_stage_1971_a42nnri"
2024.08.28.01:46:22 Info: bpf: "Generating: bpf_altera_merlin_axi_slave_ni_altera_avalon_st_pipeline_stage_1971_h6wexfa"
2024.08.28.01:46:22 Info: bpf: "Generating: bpf_altera_merlin_axi_slave_ni_altera_avalon_st_pipeline_stage_1971_7asbqai"
2024.08.28.01:46:22 Info: bpf: "Generating: bpf_altera_merlin_axi_slave_ni_altera_avalon_sc_fifo_1971_zewvfuy"
2024.08.28.01:46:22 Info: bpf: "Generating: bpf_altera_merlin_axi_slave_ni_altera_avalon_st_pipeline_stage_1971_a42nnri"
2024.08.28.01:46:22 Info: bpf: "Generating: bpf_altera_merlin_axi_slave_ni_altera_avalon_st_pipeline_stage_1971_h6wexfa"
2024.08.28.01:46:22 Info: bpf: "Generating: bpf_altera_merlin_axi_slave_ni_altera_avalon_st_pipeline_stage_1971_7asbqai"
2024.08.28.01:46:22 Info: bpf: "Generating: bpf_altera_merlin_axi_slave_ni_altera_avalon_sc_fifo_1971_zewvfuy"
2024.08.28.01:46:22 Info: bpf: "Generating: bpf_altera_merlin_axi_slave_ni_altera_avalon_st_pipeline_stage_1971_a42nnri"
2024.08.28.01:46:22 Info: bpf: "Generating: bpf_altera_merlin_axi_slave_ni_altera_avalon_st_pipeline_stage_1971_h6wexfa"
2024.08.28.01:46:22 Info: bpf: "Generating: bpf_altera_merlin_axi_slave_ni_altera_avalon_st_pipeline_stage_1971_7asbqai"
2024.08.28.01:46:22 Info: bpf: "Generating: bpf_altera_merlin_axi_slave_ni_altera_avalon_sc_fifo_1971_zewvfuy"
2024.08.28.01:46:22 Info: bpf: "Generating: bpf_altera_merlin_axi_slave_ni_altera_avalon_st_pipeline_stage_1971_a42nnri"
2024.08.28.01:46:22 Info: bpf: "Generating: bpf_altera_merlin_axi_slave_ni_altera_avalon_st_pipeline_stage_1971_h6wexfa"
2024.08.28.01:46:22 Info: bpf: "Generating: bpf_altera_merlin_axi_slave_ni_altera_avalon_st_pipeline_stage_1971_7asbqai"
2024.08.28.01:46:22 Info: bpf: "Generating: bpf_altera_merlin_axi_slave_ni_altera_avalon_sc_fifo_1971_zewvfuy"
2024.08.28.01:46:22 Info: bpf: "Generating: bpf_altera_merlin_axi_slave_ni_altera_avalon_st_pipeline_stage_1971_a42nnri"
2024.08.28.01:46:22 Info: bpf: "Generating: bpf_altera_merlin_axi_slave_ni_altera_avalon_st_pipeline_stage_1971_h6wexfa"
2024.08.28.01:46:22 Info: bpf: "Generating: bpf_altera_merlin_axi_slave_ni_altera_avalon_st_pipeline_stage_1971_7asbqai"
2024.08.28.01:46:22 Info: bpf: "Generating: bpf_altera_merlin_traffic_limiter_altera_avalon_sc_fifo_1921_ho5tama"
2024.08.28.01:46:22 Info: bpf: "Generating: bpf_altera_avalon_sc_fifo_1931_fzgstwy"
2024.08.28.01:46:22 Info: bpf: "Generating: bpf_altera_avalon_st_pipeline_stage_1930_bv2ucky"
2024.08.28.01:46:22 Info: bpf: Done "bpf" with 99 modules, 203 files
2024.08.28.01:46:22 Info: Finished: Create HDL design files for synthesis
2024.08.28.01:46:22 Info: Generation of /home/jcheung2/ofs24/ofs-agx7-pcie-attach/src/pd_qsys/fabric/bpf.qsys (bpf) took 3991 ms
2024.08.28.01:46:23 Info: Finished: Platform Designer system generation
PASS: STAGE bpf.qsys RTL generation
PASS: STAGE APF and BPF Fabric generation
